fecha,empresa,numero_comprobante,articulo,precio_original,precio_normalizado,moneda,origen_dato,metodo_estimacion,observaciones_origen
2022-01-03,HOLCIM,0280-00133721,CEMENTO CPC40 BOL 50 KG,603.61,12.0722,ARS,REAL,,Importado desde db/sicons.xlsx - HOLCIM - CEMENTO CPC40 BOL 50 KG
2022-01-03,HOLCIM,0280-00133722,CEMENTO CPC40 BOL 50 KG,603.61,12.0722,ARS,REAL,,Importado desde db/sicons.xlsx - HOLCIM - CEMENTO CPC40 BOL 50 KG
2022-01-03,HOLCIM,0280-00133723,CEMENTO CPC40 BOL 50 KG,603.61,12.0722,ARS,REAL,,Importado desde db/sicons.xlsx - HOLCIM - CEMENTO CPC40 BOL 50 KG
2022-01-04,HOLCIM,0280-00133741,CEMENTO CPC40 BOL 50 KG,603.61,12.0722,ARS,REAL,,Importado desde db/sicons.xlsx - HOLCIM - CEMENTO CPC40 BOL 50 KG
2022-01-04,HOLCIM,0280-00133742,CEMENTO CPC40 BOL 50 KG,603.61,12.0722,ARS,REAL,,Importado desde db/sicons.xlsx - HOLCIM - CEMENTO CPC40 BOL 50 KG
2022-01-04,HOLCIM,0280-00133743,CEMENTO CPC40 BOL 50 KG,603.61,12.0722,ARS,REAL,,Importado desde db/sicons.xlsx - HOLCIM - CEMENTO CPC40 BOL 50 KG
2022-01-04,HOLCIM,0280-00133744,CEMENTO CPC40 BOL 50 KG,603.61,12.0722,ARS,REAL,,Importado desde db/sicons.xlsx - HOLCIM - CEMENTO CPC40 BOL 50 KG
2022-01-05,HOLCIM,0280-00133789,CEMENTO CPC40 BOL 50 KG,603.61,12.0722,ARS,REAL,,Importado desde db/sicons.xlsx - HOLCIM - CEMENTO CPC40 BOL 50 KG
2022-01-05,HOLCIM,0280-00133790,CEMENTO CPC40 BOL 50 KG,603.61,12.0722,ARS,REAL,,Importado desde db/sicons.xlsx - HOLCIM - CEMENTO CPC40 BOL 50 KG
2022-01-05,HOLCIM,0280-00133791,CEMENTO CPC40 BOL 50 KG,603.61,12.0722,ARS,REAL,,Importado desde db/sicons.xlsx - HOLCIM - CEMENTO CPC40 BOL 50 KG
2022-01-05,HOLCIM,0280-00133792,CEMENTO CPC40 BOL 50 KG,603.61,12.0722,ARS,REAL,,Importado desde db/sicons.xlsx - HOLCIM - CEMENTO CPC40 BOL 50 KG
2022-01-06,HOLCIM,0280-00133814,CEMENTO CPC40 BOL 50 KG,603.61,12.0722,ARS,REAL,,Importado desde db/sicons.xlsx - HOLCIM - CEMENTO CPC40 BOL 50 KG
2022-01-06,HOLCIM,0280-00133815,CEMENTO CPC40 BOL 50 KG,603.61,12.0722,ARS,REAL,,Importado desde db/sicons.xlsx - HOLCIM - CEMENTO CPC40 BOL 50 KG
2022-01-06,HOLCIM,0280-00133816,CEMENTO CPC40 BOL 50 KG,603.61,12.0722,ARS,REAL,,Importado desde db/sicons.xlsx - HOLCIM - CEMENTO CPC40 BOL 50 KG
2022-01-06,HOLCIM,0280-00133817,CEMENTO CPC40 BOL 50 KG,603.61,12.0722,ARS,REAL,,Importado desde db/sicons.xlsx - HOLCIM - CEMENTO CPC40 BOL 50 KG
2022-01-06,HOLCIM,0280-00133818,CEMENTO CPC40 BOL 50 KG,603.61,12.0722,ARS,REAL,,Importado desde db/sicons.xlsx - HOLCIM - CEMENTO CPC40 BOL 50 KG
2022-01-07,HOLCIM,0280-00133879,CEMENTO CPC40 BOL 50 KG,603.61,12.0722,ARS,REAL,,Importado desde db/sicons.xlsx - HOLCIM - CEMENTO CPC40 BOL 50 KG
2022-01-07,HOLCIM,0280-00133880,CEMENTO CPC40 BOL 50 KG,603.61,12.0722,ARS,REAL,,Importado desde db/sicons.xlsx - HOLCIM - CEMENTO CPC40 BOL 50 KG
2022-01-07,HOLCIM,0280-00133881,CEMENTO CPC40 BOL 50 KG,603.61,12.0722,ARS,REAL,,Importado desde db/sicons.xlsx - HOLCIM - CEMENTO CPC40 BOL 50 KG
2022-01-07,HOLCIM,0280-00133882,CEMENTO CPC40 BOL 50 KG,603.61,12.0722,ARS,REAL,,Importado desde db/sicons.xlsx - HOLCIM - CEMENTO CPC40 BOL 50 KG
2022-01-27,HOLCIM,0280-00134476,CEMENTO CPC40 BOL 50 KG,603.61,12.0722,ARS,REAL,,Importado desde db/sicons.xlsx - HOLCIM - CEMENTO CPC40 BOL 50 KG
2022-01-27,HOLCIM,0280-00134477,CEMENTO CPC40 BOL 50 KG,603.61,12.0722,ARS,REAL,,Importado desde db/sicons.xlsx - HOLCIM - CEMENTO CPC40 BOL 50 KG
2022-01-28,HOLCIM,0280-00134507,CEMENTO CPC40 BOL 50 KG,603.61,12.0722,ARS,REAL,,Importado desde db/sicons.xlsx - HOLCIM - CEMENTO CPC40 BOL 50 KG
2022-01-28,HOLCIM,0280-00134508,CEMENTO CPC40 BOL 50 KG,603.61,12.0722,ARS,REAL,,Importado desde db/sicons.xlsx - HOLCIM - CEMENTO CPC40 BOL 50 KG
2022-01-28,HOLCIM,0280-00134509,CEMENTO CPC40 BOL 50 KG,603.61,12.0722,ARS,REAL,,Importado desde db/sicons.xlsx - HOLCIM - CEMENTO CPC40 BOL 50 KG
2022-01-29,HOLCIM,0280-00134562,CEMENTO CPC40 BOL 50 KG,603.61,12.0722,ARS,REAL,,Importado desde db/sicons.xlsx - HOLCIM - CEMENTO CPC40 BOL 50 KG
2022-01-31,HOLCIM,0280-00134616,CEMENTO CPC40 BOL 50 KG,627.76,12.5551,ARS,REAL,,Importado desde db/sicons.xlsx - HOLCIM - CEMENTO CPC40 BOL 50 KG
2022-01-31,HOLCIM,0280-00134617,CEMENTO CPC40 BOL 50 KG,627.76,12.5551,ARS,REAL,,Importado desde db/sicons.xlsx - HOLCIM - CEMENTO CPC40 BOL 50 KG
2022-01-31,HOLCIM,0280-00134618,CEMENTO CPC40 BOL 50 KG,627.76,12.5551,ARS,REAL,,Importado desde db/sicons.xlsx - HOLCIM - CEMENTO CPC40 BOL 50 KG
2022-01-31,HOLCIM,0280-00134619,CEMENTO CPC40 BOL 50 KG,627.76,12.5551,ARS,REAL,,Importado desde db/sicons.xlsx - HOLCIM - CEMENTO CPC40 BOL 50 KG
2022-01-31,HOLCIM,0280-00134620,CEMENTO CPC40 BOL 50 KG,627.76,12.5551,ARS,REAL,,Importado desde db/sicons.xlsx - HOLCIM - CEMENTO CPC40 BOL 50 KG
2022-02-01,HOLCIM,0280-00134673,CEMENTO CPC40 BOL 50 KG,627.76,12.5551,ARS,REAL,,Importado desde db/sicons.xlsx - HOLCIM - CEMENTO CPC40 BOL 50 KG
2022-02-01,HOLCIM,0280-00134674,CEMENTO CPC40 BOL 50 KG,627.76,12.5551,ARS,REAL,,Importado desde db/sicons.xlsx - HOLCIM - CEMENTO CPC40 BOL 50 KG
2022-02-01,HOLCIM,0280-00134675,CEMENTO CPC40 BOL 50 KG,627.76,12.5551,ARS,REAL,,Importado desde db/sicons.xlsx - HOLCIM - CEMENTO CPC40 BOL 50 KG
2022-02-01,HOLCIM,0280-00134676,CEMENTO CPC40 BOL 50 KG,627.76,12.5551,ARS,REAL,,Importado desde db/sicons.xlsx - HOLCIM - CEMENTO CPC40 BOL 50 KG
2022-02-02,HOLCIM,0280-00134694,CEMENTO CPC40 BOL 50 KG,627.76,12.5551,ARS,REAL,,Importado desde db/sicons.xlsx - HOLCIM - CEMENTO CPC40 BOL 50 KG
2022-02-02,HOLCIM,0280-00134695,CEMENTO CPC40 BOL 50 KG,627.76,12.5551,ARS,REAL,,Importado desde db/sicons.xlsx - HOLCIM - CEMENTO CPC40 BOL 50 KG
2022-02-02,HOLCIM,0280-00134696,CEMENTO CPC40 BOL 50 KG,627.76,12.5551,ARS,REAL,,Importado desde db/sicons.xlsx - HOLCIM - CEMENTO CPC40 BOL 50 KG
2022-02-02,HOLCIM,0280-00134697,CEMENTO CPC40 BOL 50 KG,627.39,12.5478,ARS,REAL,,Importado desde db/sicons.xlsx - HOLCIM - CEMENTO CPC40 BOL 50 KG
2022-02-03,HOLCIM,0280-00134735,CEMENTO CPC40 BOL 50 KG,627.76,12.5551,ARS,REAL,,Importado desde db/sicons.xlsx - HOLCIM - CEMENTO CPC40 BOL 50 KG
2022-02-03,HOLCIM,0280-00134736,CEMENTO CPC40 BOL 50 KG,627.76,12.5551,ARS,REAL,,Importado desde db/sicons.xlsx - HOLCIM - CEMENTO CPC40 BOL 50 KG
2022-02-03,HOLCIM,0280-00134737,CEMENTO CPC40 BOL 50 KG,627.76,12.5551,ARS,REAL,,Importado desde db/sicons.xlsx - HOLCIM - CEMENTO CPC40 BOL 50 KG
2022-02-03,HOLCIM,0280-00134738,CEMENTO CPC40 BOL 50 KG,627.76,12.5551,ARS,REAL,,Importado desde db/sicons.xlsx - HOLCIM - CEMENTO CPC40 BOL 50 KG
2022-02-04,HOLCIM,0280-00134767,CEMENTO CPC40 BOL 50 KG,627.76,12.5551,ARS,REAL,,Importado desde db/sicons.xlsx - HOLCIM - CEMENTO CPC40 BOL 50 KG
2022-02-04,HOLCIM,0280-00134768,CEMENTO CPC40 BOL 50 KG,627.76,12.5551,ARS,REAL,,Importado desde db/sicons.xlsx - HOLCIM - CEMENTO CPC40 BOL 50 KG
2022-02-04,HOLCIM,0280-00134769,CEMENTO CPC40 BOL 50 KG,627.76,12.5551,ARS,REAL,,Importado desde db/sicons.xlsx - HOLCIM - CEMENTO CPC40 BOL 50 KG
2022-02-04,HOLCIM,0280-00134770,CEMENTO CPC40 BOL 50 KG,627.76,12.5551,ARS,REAL,,Importado desde db/sicons.xlsx - HOLCIM - CEMENTO CPC40 BOL 50 KG
2022-02-05,HOLCIM,0280-00134791,CEMENTO CPC40 BOL 50 KG,627.76,12.5551,ARS,REAL,,Importado desde db/sicons.xlsx - HOLCIM - CEMENTO CPC40 BOL 50 KG
2022-02-05,HOLCIM,0280-00134792,CEMENTO CPC40 BOL 50 KG,627.76,12.5551,ARS,REAL,,Importado desde db/sicons.xlsx - HOLCIM - CEMENTO CPC40 BOL 50 KG
2022-02-07,HOLCIM,0280-00134833,CEMENTO CPC40 BOL 50 KG,627.76,12.5551,ARS,REAL,,Importado desde db/sicons.xlsx - HOLCIM - CEMENTO CPC40 BOL 50 KG
2022-02-07,HOLCIM,0280-00134834,CEMENTO CPC40 BOL 50 KG,627.76,12.5551,ARS,REAL,,Importado desde db/sicons.xlsx - HOLCIM - CEMENTO CPC40 BOL 50 KG
2022-02-07,HOLCIM,0280-00134835,CEMENTO CPC40 BOL 50 KG,627.76,12.5551,ARS,REAL,,Importado desde db/sicons.xlsx - HOLCIM - CEMENTO CPC40 BOL 50 KG
2022-02-08,HOLCIM,0280-00134858,CEMENTO CPC40 BOL 50 KG,627.76,12.5551,ARS,REAL,,Importado desde db/sicons.xlsx - HOLCIM - CEMENTO CPC40 BOL 50 KG
2022-02-08,HOLCIM,0280-00134859,CEMENTO CPC40 BOL 50 KG,627.76,12.5551,ARS,REAL,,Importado desde db/sicons.xlsx - HOLCIM - CEMENTO CPC40 BOL 50 KG
2022-02-09,HOLCIM,0280-00134899,CEMENTO CPC40 BOL 50 KG,627.76,12.5551,ARS,REAL,,Importado desde db/sicons.xlsx - HOLCIM - CEMENTO CPC40 BOL 50 KG
2022-02-09,HOLCIM,0280-00134900,CEMENTO CPC40 BOL 50 KG,627.76,12.5551,ARS,REAL,,Importado desde db/sicons.xlsx - HOLCIM - CEMENTO CPC40 BOL 50 KG
2022-02-09,HOLCIM,0280-00134901,CEMENTO CPC40 BOL 50 KG,627.76,12.5551,ARS,REAL,,Importado desde db/sicons.xlsx - HOLCIM - CEMENTO CPC40 BOL 50 KG
2022-02-10,HOLCIM,0280-00134932,CEMENTO CPC40 BOL 50 KG,627.76,12.5551,ARS,REAL,,Importado desde db/sicons.xlsx - HOLCIM - CEMENTO CPC40 BOL 50 KG
2022-02-11,HOLCIM,0280-00134965,CEMENTO CPC40 BOL 50 KG,627.76,12.5551,ARS,REAL,,Importado desde db/sicons.xlsx - HOLCIM - CEMENTO CPC40 BOL 50 KG
2022-02-11,HOLCIM,0280-00134966,CEMENTO CPC40 BOL 50 KG,627.76,12.5551,ARS,REAL,,Importado desde db/sicons.xlsx - HOLCIM - CEMENTO CPC40 BOL 50 KG
2022-02-12,HOLCIM,0280-00134990,CEMENTO CPC40 BOL 50 KG,627.76,12.5551,ARS,REAL,,Importado desde db/sicons.xlsx - HOLCIM - CEMENTO CPC40 BOL 50 KG
2022-02-14,HOLCIM,0280-00135027,CEMENTO CPC40 BOL 50 KG,627.76,12.5551,ARS,REAL,,Importado desde db/sicons.xlsx - HOLCIM - CEMENTO CPC40 BOL 50 KG
2022-02-14,HOLCIM,0280-00135028,CEMENTO CPC40 BOL 50 KG,627.76,12.5551,ARS,REAL,,Importado desde db/sicons.xlsx - HOLCIM - CEMENTO CPC40 BOL 50 KG
2022-02-14,HOLCIM,0280-00135029,CEMENTO CPC40 BOL 50 KG,627.76,12.5551,ARS,REAL,,Importado desde db/sicons.xlsx - HOLCIM - CEMENTO CPC40 BOL 50 KG
2022-02-14,HOLCIM,0280-00135030,CEMENTO CPC40 BOL 50 KG,627.76,12.5551,ARS,REAL,,Importado desde db/sicons.xlsx - HOLCIM - CEMENTO CPC40 BOL 50 KG
2022-02-15,HOLCIM,0280-00135065,CEMENTO CPC40 BOL 50 KG,627.76,12.5551,ARS,REAL,,Importado desde db/sicons.xlsx - HOLCIM - CEMENTO CPC40 BOL 50 KG
2022-02-15,HOLCIM,0280-00135066,CEMENTO CPC40 BOL 50 KG,627.76,12.5551,ARS,REAL,,Importado desde db/sicons.xlsx - HOLCIM - CEMENTO CPC40 BOL 50 KG
2022-02-15,HOLCIM,0280-00135067,CEMENTO CPC40 BOL 50 KG,627.76,12.5551,ARS,REAL,,Importado desde db/sicons.xlsx - HOLCIM - CEMENTO CPC40 BOL 50 KG
2022-02-15,HOLCIM,0280-00135068,CEMENTO CPC40 BOL 50 KG,627.76,12.5551,ARS,REAL,,Importado desde db/sicons.xlsx - HOLCIM - CEMENTO CPC40 BOL 50 KG
2022-02-16,HOLCIM,0280-00135118,CEMENTO CPC40 BOL 50 KG,627.39,12.5478,ARS,REAL,,Importado desde db/sicons.xlsx - HOLCIM - CEMENTO CPC40 BOL 50 KG
2022-02-16,HOLCIM,0280-00135119,CEMENTO CPC40 BOL 50 KG,627.76,12.5551,ARS,REAL,,Importado desde db/sicons.xlsx - HOLCIM - CEMENTO CPC40 BOL 50 KG
2022-02-16,HOLCIM,0280-00135120,CEMENTO CPC40 BOL 50 KG,627.39,12.5478,ARS,REAL,,Importado desde db/sicons.xlsx - HOLCIM - CEMENTO CPC40 BOL 50 KG
2022-02-17,HOLCIM,0280-00135132,CEMENTO CPC40 BOL 50 KG,627.76,12.5551,ARS,REAL,,Importado desde db/sicons.xlsx - HOLCIM - CEMENTO CPC40 BOL 50 KG
2022-02-17,HOLCIM,0280-00135133,CEMENTO CPC40 BOL 50 KG,627.76,12.5551,ARS,REAL,,Importado desde db/sicons.xlsx - HOLCIM - CEMENTO CPC40 BOL 50 KG
2022-02-18,HOLCIM,0280-00135184,CEMENTO CPC40 BOL 50 KG,627.76,12.5551,ARS,REAL,,Importado desde db/sicons.xlsx - HOLCIM - CEMENTO CPC40 BOL 50 KG
2022-02-18,HOLCIM,0280-00135185,CEMENTO CPC40 BOL 50 KG,627.76,12.5551,ARS,REAL,,Importado desde db/sicons.xlsx - HOLCIM - CEMENTO CPC40 BOL 50 KG
2022-02-18,HOLCIM,0280-00135186,CEMENTO CPC40 BOL 50 KG,627.76,12.5551,ARS,REAL,,Importado desde db/sicons.xlsx - HOLCIM - CEMENTO CPC40 BOL 50 KG
2022-02-19,HOLCIM,0280-00135215,CEMENTO CPC40 BOL 50 KG,627.76,12.5551,ARS,REAL,,Importado desde db/sicons.xlsx - HOLCIM - CEMENTO CPC40 BOL 50 KG
2022-02-21,HOLCIM,0280-00135263,CEMENTO CPC40 BOL 50 KG,627.76,12.5551,ARS,REAL,,Importado desde db/sicons.xlsx - HOLCIM - CEMENTO CPC40 BOL 50 KG
2022-02-21,HOLCIM,0280-00135264,CEMENTO CPC40 BOL 50 KG,627.76,12.5551,ARS,REAL,,Importado desde db/sicons.xlsx - HOLCIM - CEMENTO CPC40 BOL 50 KG
2022-02-22,HOLCIM,0280-00135300,CEMENTO CPC40 BOL 50 KG,627.76,12.5551,ARS,REAL,,Importado desde db/sicons.xlsx - HOLCIM - CEMENTO CPC40 BOL 50 KG
2022-02-22,HOLCIM,0280-00135301,CEMENTO CPC40 BOL 50 KG,627.76,12.5551,ARS,REAL,,Importado desde db/sicons.xlsx - HOLCIM - CEMENTO CPC40 BOL 50 KG
2022-02-22,HOLCIM,0280-00135302,CEMENTO CPC40 BOL 50 KG,627.76,12.5551,ARS,REAL,,Importado desde db/sicons.xlsx - HOLCIM - CEMENTO CPC40 BOL 50 KG
2022-02-22,HOLCIM,0280-00135303,CEMENTO CPC40 BOL 50 KG,627.76,12.5551,ARS,REAL,,Importado desde db/sicons.xlsx - HOLCIM - CEMENTO CPC40 BOL 50 KG
2022-02-23,HOLCIM,0280-00135367,CEMENTO CPC40 BOL 50 KG,627.76,12.5551,ARS,REAL,,Importado desde db/sicons.xlsx - HOLCIM - CEMENTO CPC40 BOL 50 KG
2022-02-23,HOLCIM,0280-00135368,CEMENTO CPC40 BOL 50 KG,627.76,12.5551,ARS,REAL,,Importado desde db/sicons.xlsx - HOLCIM - CEMENTO CPC40 BOL 50 KG
2022-02-23,HOLCIM,0280-00135369,CEMENTO CPC40 BOL 50 KG,627.76,12.5551,ARS,REAL,,Importado desde db/sicons.xlsx - HOLCIM - CEMENTO CPC40 BOL 50 KG
2022-02-24,HOLCIM,0280-00135388,CEMENTO CPC40 BOL 50 KG,627.76,12.5551,ARS,REAL,,Importado desde db/sicons.xlsx - HOLCIM - CEMENTO CPC40 BOL 50 KG
2022-02-24,HOLCIM,0280-00135389,CEMENTO CPC40 BOL 50 KG,627.76,12.5551,ARS,REAL,,Importado desde db/sicons.xlsx - HOLCIM - CEMENTO CPC40 BOL 50 KG
2022-02-24,HOLCIM,0280-00135390,CEMENTO CPC40 BOL 50 KG,627.76,12.5551,ARS,REAL,,Importado desde db/sicons.xlsx - HOLCIM - CEMENTO CPC40 BOL 50 KG
2022-02-24,HOLCIM,0280-00135391,CEMENTO CPC40 BOL 50 KG,627.76,12.5551,ARS,REAL,,Importado desde db/sicons.xlsx - HOLCIM - CEMENTO CPC40 BOL 50 KG
2022-02-25,HOLCIM,0280-00135422,CEMENTO CPC40 BOL 50 KG,627.76,12.5551,ARS,REAL,,Importado desde db/sicons.xlsx - HOLCIM - CEMENTO CPC40 BOL 50 KG
2022-02-25,HOLCIM,0280-00135423,CEMENTO CPC40 BOL 50 KG,627.76,12.5551,ARS,REAL,,Importado desde db/sicons.xlsx - HOLCIM - CEMENTO CPC40 BOL 50 KG
2022-02-25,HOLCIM,0280-00135424,CEMENTO CPC40 BOL 50 KG,627.76,12.5551,ARS,REAL,,Importado desde db/sicons.xlsx - HOLCIM - CEMENTO CPC40 BOL 50 KG
2022-02-25,HOLCIM,0280-00135425,CEMENTO CPC40 BOL 50 KG,627.76,12.5551,ARS,REAL,,Importado desde db/sicons.xlsx - HOLCIM - CEMENTO CPC40 BOL 50 KG
2022-02-26,HOLCIM,0280-00135469,CEMENTO CPC40 BOL 50 KG,627.76,12.5551,ARS,REAL,,Importado desde db/sicons.xlsx - HOLCIM - CEMENTO CPC40 BOL 50 KG
2022-02-26,HOLCIM,0280-00135470,CEMENTO CPC40 BOL 50 KG,627.76,12.5551,ARS,REAL,,Importado desde db/sicons.xlsx - HOLCIM - CEMENTO CPC40 BOL 50 KG
2022-03-02,HOLCIM,0280-00135519,CEMENTO CPC40 BOL 50 KG,656.00,13.1201,ARS,REAL,,Importado desde db/sicons.xlsx - HOLCIM - CEMENTO CPC40 BOL 50 KG
2022-03-02,HOLCIM,0280-00135520,CEMENTO CPC40 BOL 50 KG,655.31,13.1062,ARS,REAL,,Importado desde db/sicons.xlsx - HOLCIM - CEMENTO CPC40 BOL 50 KG
2022-03-03,HOLCIM,0280-00135566,CEMENTO CPC40 BOL 50 KG,656.00,13.1201,ARS,REAL,,Importado desde db/sicons.xlsx - HOLCIM - CEMENTO CPC40 BOL 50 KG
2022-03-03,HOLCIM,0280-00135567,CEMENTO CPC40 BOL 50 KG,656.00,13.1201,ARS,REAL,,Importado desde db/sicons.xlsx - HOLCIM - CEMENTO CPC40 BOL 50 KG
2022-03-04,HOLCIM,0280-00135599,CEMENTO CPC40 BOL 50 KG,656.00,13.1201,ARS,REAL,,Importado desde db/sicons.xlsx - HOLCIM - CEMENTO CPC40 BOL 50 KG
2022-03-04,HOLCIM,0280-00135600,CEMENTO CPC40 BOL 50 KG,656.00,13.1201,ARS,REAL,,Importado desde db/sicons.xlsx - HOLCIM - CEMENTO CPC40 BOL 50 KG
2022-03-04,HOLCIM,0280-00135601,CEMENTO CPC40 BOL 50 KG,656.00,13.1201,ARS,REAL,,Importado desde db/sicons.xlsx - HOLCIM - CEMENTO CPC40 BOL 50 KG
2022-03-05,HOLCIM,0280-00135629,CEMENTO CPC40 BOL 50 KG,656.00,13.1201,ARS,REAL,,Importado desde db/sicons.xlsx - HOLCIM - CEMENTO CPC40 BOL 50 KG
2022-03-07,HOLCIM,0280-00135694,CEMENTO CPC40 BOL 50 KG,656.00,13.1201,ARS,REAL,,Importado desde db/sicons.xlsx - HOLCIM - CEMENTO CPC40 BOL 50 KG
2022-03-08,HOLCIM,0280-00135704,CEMENTO CPC40 BOL 50 KG,656.00,13.1201,ARS,REAL,,Importado desde db/sicons.xlsx - HOLCIM - CEMENTO CPC40 BOL 50 KG
2022-03-08,HOLCIM,0280-00135705,CEMENTO CPC40 BOL 50 KG,656.00,13.1201,ARS,REAL,,Importado desde db/sicons.xlsx - HOLCIM - CEMENTO CPC40 BOL 50 KG
2022-03-09,HOLCIM,0280-00135760,CEMENTO CPC40 BOL 50 KG,656.00,13.1201,ARS,REAL,,Importado desde db/sicons.xlsx - HOLCIM - CEMENTO CPC40 BOL 50 KG
2022-03-09,HOLCIM,0280-00135761,CEMENTO CPC40 BOL 50 KG,656.00,13.1201,ARS,REAL,,Importado desde db/sicons.xlsx - HOLCIM - CEMENTO CPC40 BOL 50 KG
2022-03-10,HOLCIM,0280-00135781,CEMENTO CPC40 BOL 50 KG,656.00,13.1201,ARS,REAL,,Importado desde db/sicons.xlsx - HOLCIM - CEMENTO CPC40 BOL 50 KG
2022-03-10,HOLCIM,0280-00135782,CEMENTO CPC40 BOL 50 KG,656.00,13.1201,ARS,REAL,,Importado desde db/sicons.xlsx - HOLCIM - CEMENTO CPC40 BOL 50 KG
2022-03-11,HOLCIM,0280-00135808,CEMENTO CPC40 BOL 50 KG,656.00,13.1201,ARS,REAL,,Importado desde db/sicons.xlsx - HOLCIM - CEMENTO CPC40 BOL 50 KG
2022-03-11,HOLCIM,0280-00135809,CEMENTO CPC40 BOL 50 KG,656.00,13.1201,ARS,REAL,,Importado desde db/sicons.xlsx - HOLCIM - CEMENTO CPC40 BOL 50 KG
2022-03-12,HOLCIM,0280-00135834,CEMENTO CPC40 BOL 50 KG,656.00,13.1201,ARS,REAL,,Importado desde db/sicons.xlsx - HOLCIM - CEMENTO CPC40 BOL 50 KG
2022-03-14,HOLCIM,0280-00135883,CEMENTO CPC40 BOL 50 KG,656.00,13.1201,ARS,REAL,,Importado desde db/sicons.xlsx - HOLCIM - CEMENTO CPC40 BOL 50 KG
2022-03-14,HOLCIM,0280-00135885,CEMENTO CPC40 BOL 50 KG,656.00,13.1201,ARS,REAL,,Importado desde db/sicons.xlsx - HOLCIM - CEMENTO CPC40 BOL 50 KG
2022-03-14,HOLCIM,0280-00135886,CEMENTO CPC40 BOL 50 KG,656.00,13.1201,ARS,REAL,,Importado desde db/sicons.xlsx - HOLCIM - CEMENTO CPC40 BOL 50 KG
2022-03-15,HOLCIM,0280-00135918,CEMENTO CPC40 BOL 50 KG,656.00,13.1201,ARS,REAL,,Importado desde db/sicons.xlsx - HOLCIM - CEMENTO CPC40 BOL 50 KG
2022-03-15,HOLCIM,0280-00135919,CEMENTO CPC40 BOL 50 KG,656.00,13.1201,ARS,REAL,,Importado desde db/sicons.xlsx - HOLCIM - CEMENTO CPC40 BOL 50 KG
2022-03-15,HOLCIM,0280-00135920,CEMENTO CPC40 BOL 50 KG,656.00,13.1201,ARS,REAL,,Importado desde db/sicons.xlsx - HOLCIM - CEMENTO CPC40 BOL 50 KG
2022-03-16,HOLCIM,0280-00135952,CEMENTO CPC40 BOL 50 KG,656.00,13.1201,ARS,REAL,,Importado desde db/sicons.xlsx - HOLCIM - CEMENTO CPC40 BOL 50 KG
2022-03-16,HOLCIM,0280-00135953,CEMENTO CPC40 BOL 50 KG,656.00,13.1201,ARS,REAL,,Importado desde db/sicons.xlsx - HOLCIM - CEMENTO CPC40 BOL 50 KG
2022-03-16,HOLCIM,0280-00135954,CEMENTO CPC40 BOL 50 KG,656.00,13.1201,ARS,REAL,,Importado desde db/sicons.xlsx - HOLCIM - CEMENTO CPC40 BOL 50 KG
2022-03-16,HOLCIM,0280-00135955,CEMENTO CPC40 BOL 50 KG,656.00,13.1201,ARS,REAL,,Importado desde db/sicons.xlsx - HOLCIM - CEMENTO CPC40 BOL 50 KG
2022-03-17,HOLCIM,0280-00135992,CEMENTO CPC40 BOL 50 KG,656.00,13.1201,ARS,REAL,,Importado desde db/sicons.xlsx - HOLCIM - CEMENTO CPC40 BOL 50 KG
2022-03-17,HOLCIM,0280-00135993,CEMENTO CPC40 BOL 50 KG,656.00,13.1201,ARS,REAL,,Importado desde db/sicons.xlsx - HOLCIM - CEMENTO CPC40 BOL 50 KG
2022-03-17,HOLCIM,0280-00135994,CEMENTO CPC40 BOL 50 KG,656.00,13.1201,ARS,REAL,,Importado desde db/sicons.xlsx - HOLCIM - CEMENTO CPC40 BOL 50 KG
2022-03-17,HOLCIM,0280-00135995,CEMENTO CPC40 BOL 50 KG,656.00,13.1201,ARS,REAL,,Importado desde db/sicons.xlsx - HOLCIM - CEMENTO CPC40 BOL 50 KG
2022-03-18,HOLCIM,0280-00136029,CEMENTO CPC40 BOL 50 KG,656.01,13.1203,ARS,REAL,,Importado desde db/sicons.xlsx - HOLCIM - CEMENTO CPC40 BOL 50 KG
2022-03-18,HOLCIM,0280-00136030,CEMENTO CPC40 BOL 50 KG,656.01,13.1203,ARS,REAL,,Importado desde db/sicons.xlsx - HOLCIM - CEMENTO CPC40 BOL 50 KG
2022-03-18,HOLCIM,0280-00136031,CEMENTO CPC40 BOL 50 KG,656.01,13.1203,ARS,REAL,,Importado desde db/sicons.xlsx - HOLCIM - CEMENTO CPC40 BOL 50 KG
2022-03-19,HOLCIM,0280-00136055,CEMENTO CPC40 BOL 50 KG,656.01,13.1203,ARS,REAL,,Importado desde db/sicons.xlsx - HOLCIM - CEMENTO CPC40 BOL 50 KG
2022-03-19,HOLCIM,0280-00136064,CEMENTO CPC40 BOL 50 KG,656.01,13.1203,ARS,REAL,,Importado desde db/sicons.xlsx - HOLCIM - CEMENTO CPC40 BOL 50 KG
2022-03-19,HOLCIM,0280-00136065,CEMENTO CPC40 BOL 50 KG,656.01,13.1203,ARS,REAL,,Importado desde db/sicons.xlsx - HOLCIM - CEMENTO CPC40 BOL 50 KG
2022-03-21,HOLCIM,0280-00136130,CEMENTO CPC40 BOL 50 KG,656.01,13.1203,ARS,REAL,,Importado desde db/sicons.xlsx - HOLCIM - CEMENTO CPC40 BOL 50 KG
2022-03-21,HOLCIM,0280-00136131,CEMENTO CPC40 BOL 50 KG,656.01,13.1203,ARS,REAL,,Importado desde db/sicons.xlsx - HOLCIM - CEMENTO CPC40 BOL 50 KG
2022-03-22,HOLCIM,0280-00136143,CEMENTO CPC40 BOL 50 KG,656.01,13.1203,ARS,REAL,,Importado desde db/sicons.xlsx - HOLCIM - CEMENTO CPC40 BOL 50 KG
2022-03-22,HOLCIM,0280-00136144,CEMENTO CPC40 BOL 50 KG,656.01,13.1203,ARS,REAL,,Importado desde db/sicons.xlsx - HOLCIM - CEMENTO CPC40 BOL 50 KG
2022-03-22,HOLCIM,0280-00136145,CEMENTO CPC40 BOL 50 KG,656.01,13.1203,ARS,REAL,,Importado desde db/sicons.xlsx - HOLCIM - CEMENTO CPC40 BOL 50 KG
2022-03-23,HOLCIM,0280-00136193,CEMENTO CPC40 BOL 50 KG,656.01,13.1203,ARS,REAL,,Importado desde db/sicons.xlsx - HOLCIM - CEMENTO CPC40 BOL 50 KG
2022-03-23,HOLCIM,0280-00136194,CEMENTO CPC40 BOL 50 KG,656.01,13.1203,ARS,REAL,,Importado desde db/sicons.xlsx - HOLCIM - CEMENTO CPC40 BOL 50 KG
2022-03-23,HOLCIM,0280-00136195,CEMENTO CPC40 BOL 50 KG,656.01,13.1203,ARS,REAL,,Importado desde db/sicons.xlsx - HOLCIM - CEMENTO CPC40 BOL 50 KG
2022-03-23,HOLCIM,0280-00136196,CEMENTO CPC40 BOL 50 KG,656.01,13.1203,ARS,REAL,,Importado desde db/sicons.xlsx - HOLCIM - CEMENTO CPC40 BOL 50 KG
2022-03-25,HOLCIM,0280-00136240,CEMENTO CPC40 BOL 50 KG,688.80,13.7761,ARS,REAL,,Importado desde db/sicons.xlsx - HOLCIM - CEMENTO CPC40 BOL 50 KG
2022-03-26,HOLCIM,0280-00136254,CEMENTO CPC40 BOL 50 KG,688.80,13.7761,ARS,REAL,,Importado desde db/sicons.xlsx - HOLCIM - CEMENTO CPC40 BOL 50 KG
2022-03-28,HOLCIM,0280-00136302,CEMENTO CPC40 BOL 50 KG,688.80,13.7761,ARS,REAL,,Importado desde db/sicons.xlsx - HOLCIM - CEMENTO CPC40 BOL 50 KG
2022-03-28,HOLCIM,0280-00136303,CEMENTO CPC40 BOL 50 KG,688.80,13.7761,ARS,REAL,,Importado desde db/sicons.xlsx - HOLCIM - CEMENTO CPC40 BOL 50 KG
2022-03-29,HOLCIM,0280-00136376,CEMENTO CPC40 BOL 50 KG,688.80,13.7761,ARS,REAL,,Importado desde db/sicons.xlsx - HOLCIM - CEMENTO CPC40 BOL 50 KG
2022-03-29,HOLCIM,0280-00136377,CEMENTO CPC40 BOL 50 KG,688.80,13.7761,ARS,REAL,,Importado desde db/sicons.xlsx - HOLCIM - CEMENTO CPC40 BOL 50 KG
2022-03-29,HOLCIM,0280-00136378,CEMENTO CPC40 BOL 50 KG,688.80,13.7761,ARS,REAL,,Importado desde db/sicons.xlsx - HOLCIM - CEMENTO CPC40 BOL 50 KG
2022-03-30,HOLCIM,0280-00136389,CEMENTO CPC40 BOL 50 KG,688.80,13.7761,ARS,REAL,,Importado desde db/sicons.xlsx - HOLCIM - CEMENTO CPC40 BOL 50 KG
2022-03-30,HOLCIM,0280-00136390,CEMENTO CPC40 BOL 50 KG,688.80,13.7761,ARS,REAL,,Importado desde db/sicons.xlsx - HOLCIM - CEMENTO CPC40 BOL 50 KG
2022-03-30,HOLCIM,0280-00136391,CEMENTO CPC40 BOL 50 KG,688.80,13.7761,ARS,REAL,,Importado desde db/sicons.xlsx - HOLCIM - CEMENTO CPC40 BOL 50 KG
2022-03-30,HOLCIM,0280-00136392,CEMENTO CPC40 BOL 50 KG,688.80,13.7761,ARS,REAL,,Importado desde db/sicons.xlsx - HOLCIM - CEMENTO CPC40 BOL 50 KG
2022-03-30,HOLCIM,0280-00136393,CEMENTO CPC40 BOL 50 KG,688.80,13.7761,ARS,REAL,,Importado desde db/sicons.xlsx - HOLCIM - CEMENTO CPC40 BOL 50 KG
2022-03-31,HOLCIM,0280-00136438,CEMENTO CPC40 BOL 50 KG,688.80,13.7761,ARS,REAL,,Importado desde db/sicons.xlsx - HOLCIM - CEMENTO CPC40 BOL 50 KG
2022-03-31,HOLCIM,0280-00136439,CEMENTO CPC40 BOL 50 KG,688.80,13.7761,ARS,REAL,,Importado desde db/sicons.xlsx - HOLCIM - CEMENTO CPC40 BOL 50 KG
2022-03-31,HOLCIM,0280-00136440,CEMENTO CPC40 BOL 50 KG,688.80,13.7761,ARS,REAL,,Importado desde db/sicons.xlsx - HOLCIM - CEMENTO CPC40 BOL 50 KG
2022-03-31,HOLCIM,0280-00136441,CEMENTO CPC40 BOL 50 KG,688.80,13.7761,ARS,REAL,,Importado desde db/sicons.xlsx - HOLCIM - CEMENTO CPC40 BOL 50 KG
2022-04-01,HOLCIM,0280-00136529,CEMENTO CPC40 BOL 50 KG,688.80,13.7761,ARS,REAL,,Importado desde db/sicons.xlsx - HOLCIM - CEMENTO CPC40 BOL 50 KG
2022-04-01,HOLCIM,0280-00136530,CEMENTO CPC40 BOL 50 KG,688.80,13.7761,ARS,REAL,,Importado desde db/sicons.xlsx - HOLCIM - CEMENTO CPC40 BOL 50 KG
2022-04-01,HOLCIM,0280-00136531,CEMENTO CPC40 BOL 50 KG,688.80,13.7761,ARS,REAL,,Importado desde db/sicons.xlsx - HOLCIM - CEMENTO CPC40 BOL 50 KG
2022-04-04,HOLCIM,0280-00136558,CEMENTO CPC40 BOL 50 KG,688.80,13.7761,ARS,REAL,,Importado desde db/sicons.xlsx - HOLCIM - CEMENTO CPC40 BOL 50 KG
2022-04-04,HOLCIM,0280-00136559,CEMENTO CPC40 BOL 50 KG,688.80,13.7761,ARS,REAL,,Importado desde db/sicons.xlsx - HOLCIM - CEMENTO CPC40 BOL 50 KG
2022-04-04,HOLCIM,0280-00136560,CEMENTO CPC40 BOL 50 KG,688.80,13.7761,ARS,REAL,,Importado desde db/sicons.xlsx - HOLCIM - CEMENTO CPC40 BOL 50 KG
2022-04-04,HOLCIM,0280-00136561,CEMENTO CPC40 BOL 50 KG,688.80,13.7761,ARS,REAL,,Importado desde db/sicons.xlsx - HOLCIM - CEMENTO CPC40 BOL 50 KG
2022-04-05,HOLCIM,0280-00136596,CEMENTO CPC40 BOL 50 KG,688.80,13.7761,ARS,REAL,,Importado desde db/sicons.xlsx - HOLCIM - CEMENTO CPC40 BOL 50 KG
2022-04-05,HOLCIM,0280-00136597,CEMENTO CPC40 BOL 50 KG,688.80,13.7761,ARS,REAL,,Importado desde db/sicons.xlsx - HOLCIM - CEMENTO CPC40 BOL 50 KG
2022-04-05,HOLCIM,0280-00136598,CEMENTO CPC40 BOL 50 KG,688.80,13.7761,ARS,REAL,,Importado desde db/sicons.xlsx - HOLCIM - CEMENTO CPC40 BOL 50 KG
2022-04-06,HOLCIM,0280-00136627,CEMENTO CPC40 BOL 50 KG,688.80,13.7761,ARS,REAL,,Importado desde db/sicons.xlsx - HOLCIM - CEMENTO CPC40 BOL 50 KG
2022-04-06,HOLCIM,0280-00136628,CEMENTO CPC40 BOL 50 KG,688.80,13.7761,ARS,REAL,,Importado desde db/sicons.xlsx - HOLCIM - CEMENTO CPC40 BOL 50 KG
2022-04-06,HOLCIM,0280-00136629,CEMENTO CPC40 BOL 50 KG,688.80,13.7761,ARS,REAL,,Importado desde db/sicons.xlsx - HOLCIM - CEMENTO CPC40 BOL 50 KG
2022-04-06,HOLCIM,0280-00136630,CEMENTO CPC40 BOL 50 KG,688.80,13.7761,ARS,REAL,,Importado desde db/sicons.xlsx - HOLCIM - CEMENTO CPC40 BOL 50 KG
2022-04-07,HOLCIM,0280-00136665,CEMENTO CPC40 BOL 50 KG,688.80,13.7761,ARS,REAL,,Importado desde db/sicons.xlsx - HOLCIM - CEMENTO CPC40 BOL 50 KG
2022-04-07,HOLCIM,0280-00136666,CEMENTO CPC40 BOL 50 KG,688.80,13.7761,ARS,REAL,,Importado desde db/sicons.xlsx - HOLCIM - CEMENTO CPC40 BOL 50 KG
2022-04-07,HOLCIM,0280-00136667,CEMENTO CPC40 BOL 50 KG,688.80,13.7761,ARS,REAL,,Importado desde db/sicons.xlsx - HOLCIM - CEMENTO CPC40 BOL 50 KG
2022-04-08,HOLCIM,0280-00136730,CEMENTO CPC40 BOL 50 KG,688.80,13.7761,ARS,REAL,,Importado desde db/sicons.xlsx - HOLCIM - CEMENTO CPC40 BOL 50 KG
2022-04-08,HOLCIM,0280-00136731,CEMENTO CPC40 BOL 50 KG,688.80,13.7761,ARS,REAL,,Importado desde db/sicons.xlsx - HOLCIM - CEMENTO CPC40 BOL 50 KG
2022-04-08,HOLCIM,0280-00136732,CEMENTO CPC40 BOL 50 KG,688.80,13.7761,ARS,REAL,,Importado desde db/sicons.xlsx - HOLCIM - CEMENTO CPC40 BOL 50 KG
2022-04-09,HOLCIM,0280-00136740,CEMENTO CPC40 BOL 50 KG,688.80,13.7761,ARS,REAL,,Importado desde db/sicons.xlsx - HOLCIM - CEMENTO CPC40 BOL 50 KG
2022-04-09,HOLCIM,0280-00136741,CEMENTO CPC40 BOL 50 KG,688.80,13.7761,ARS,REAL,,Importado desde db/sicons.xlsx - HOLCIM - CEMENTO CPC40 BOL 50 KG
2022-04-11,HOLCIM,0280-00136809,CEMENTO CPC40 BOL 50 KG,688.80,13.7761,ARS,REAL,,Importado desde db/sicons.xlsx - HOLCIM - CEMENTO CPC40 BOL 50 KG
2022-04-11,HOLCIM,0280-00136810,CEMENTO CPC40 BOL 50 KG,688.80,13.7761,ARS,REAL,,Importado desde db/sicons.xlsx - HOLCIM - CEMENTO CPC40 BOL 50 KG
2022-04-12,HOLCIM,0280-00136842,CEMENTO CPC40 BOL 50 KG,688.80,13.7761,ARS,REAL,,Importado desde db/sicons.xlsx - HOLCIM - CEMENTO CPC40 BOL 50 KG
2022-04-12,HOLCIM,0280-00136843,CEMENTO CPC40 BOL 50 KG,688.80,13.7761,ARS,REAL,,Importado desde db/sicons.xlsx - HOLCIM - CEMENTO CPC40 BOL 50 KG
2022-04-12,HOLCIM,0280-00136844,CEMENTO CPC40 BOL 50 KG,688.80,13.7761,ARS,REAL,,Importado desde db/sicons.xlsx - HOLCIM - CEMENTO CPC40 BOL 50 KG
2022-04-12,HOLCIM,0280-00136845,CEMENTO CPC40 BOL 50 KG,688.80,13.7761,ARS,REAL,,Importado desde db/sicons.xlsx - HOLCIM - CEMENTO CPC40 BOL 50 KG
2022-04-13,HOLCIM,0280-00136882,CEMENTO CPC40 BOL 50 KG,688.80,13.7761,ARS,REAL,,Importado desde db/sicons.xlsx - HOLCIM - CEMENTO CPC40 BOL 50 KG
2022-04-13,HOLCIM,0280-00136883,CEMENTO CPC40 BOL 50 KG,688.80,13.7761,ARS,REAL,,Importado desde db/sicons.xlsx - HOLCIM - CEMENTO CPC40 BOL 50 KG
2022-04-14,HOLCIM,0280-00136918,CEMENTO CPC40 BOL 50 KG,688.80,13.7761,ARS,REAL,,Importado desde db/sicons.xlsx - HOLCIM - CEMENTO CPC40 BOL 50 KG
2022-04-14,HOLCIM,0280-00136919,CEMENTO CPC40 BOL 50 KG,688.80,13.7761,ARS,REAL,,Importado desde db/sicons.xlsx - HOLCIM - CEMENTO CPC40 BOL 50 KG
2022-04-14,HOLCIM,0280-00136920,CEMENTO CPC40 BOL 50 KG,688.80,13.7761,ARS,REAL,,Importado desde db/sicons.xlsx - HOLCIM - CEMENTO CPC40 BOL 50 KG
2022-04-14,HOLCIM,0280-00136921,CEMENTO CPC40 BOL 50 KG,688.80,13.7761,ARS,REAL,,Importado desde db/sicons.xlsx - HOLCIM - CEMENTO CPC40 BOL 50 KG
2022-04-16,HOLCIM,0280-00136946,CEMENTO CPC40 BOL 50 KG,688.80,13.7761,ARS,REAL,,Importado desde db/sicons.xlsx - HOLCIM - CEMENTO CPC40 BOL 50 KG
2022-04-16,HOLCIM,0280-00136947,CEMENTO CPC40 BOL 50 KG,688.80,13.7761,ARS,REAL,,Importado desde db/sicons.xlsx - HOLCIM - CEMENTO CPC40 BOL 50 KG
2022-04-18,HOLCIM,0280-00136997,CEMENTO CPC40 BOL 50 KG,688.80,13.7761,ARS,REAL,,Importado desde db/sicons.xlsx - HOLCIM - CEMENTO CPC40 BOL 50 KG
2022-04-18,HOLCIM,0280-00136998,CEMENTO CPC40 BOL 50 KG,688.80,13.7761,ARS,REAL,,Importado desde db/sicons.xlsx - HOLCIM - CEMENTO CPC40 BOL 50 KG
2022-04-18,HOLCIM,0280-00136999,CEMENTO CPC40 BOL 50 KG,688.80,13.7761,ARS,REAL,,Importado desde db/sicons.xlsx - HOLCIM - CEMENTO CPC40 BOL 50 KG
2022-04-19,HOLCIM,0280-00137023,CEMENTO CPC40 BOL 50 KG,688.80,13.7761,ARS,REAL,,Importado desde db/sicons.xlsx - HOLCIM - CEMENTO CPC40 BOL 50 KG
2022-04-19,HOLCIM,0280-00137024,CEMENTO CPC40 BOL 50 KG,688.80,13.7761,ARS,REAL,,Importado desde db/sicons.xlsx - HOLCIM - CEMENTO CPC40 BOL 50 KG
2022-04-20,HOLCIM,0280-00137073,CEMENTO CPC40 BOL 50 KG,688.80,13.7761,ARS,REAL,,Importado desde db/sicons.xlsx - HOLCIM - CEMENTO CPC40 BOL 50 KG
2022-04-20,HOLCIM,0280-00137074,CEMENTO CPC40 BOL 50 KG,688.80,13.7761,ARS,REAL,,Importado desde db/sicons.xlsx - HOLCIM - CEMENTO CPC40 BOL 50 KG
2022-04-20,HOLCIM,0280-00137075,CEMENTO CPC40 BOL 50 KG,688.80,13.7761,ARS,REAL,,Importado desde db/sicons.xlsx - HOLCIM - CEMENTO CPC40 BOL 50 KG
2022-04-21,HOLCIM,0280-00137104,CEMENTO CPC40 BOL 50 KG,688.80,13.7761,ARS,REAL,,Importado desde db/sicons.xlsx - HOLCIM - CEMENTO CPC40 BOL 50 KG
2022-04-21,HOLCIM,0280-00137105,CEMENTO CPC40 BOL 50 KG,688.80,13.7761,ARS,REAL,,Importado desde db/sicons.xlsx - HOLCIM - CEMENTO CPC40 BOL 50 KG
2022-04-21,HOLCIM,0280-00137106,CEMENTO CPC40 BOL 50 KG,688.80,13.7761,ARS,REAL,,Importado desde db/sicons.xlsx - HOLCIM - CEMENTO CPC40 BOL 50 KG
2022-04-21,HOLCIM,0280-00137107,CEMENTO CPC40 BOL 50 KG,688.80,13.7761,ARS,REAL,,Importado desde db/sicons.xlsx - HOLCIM - CEMENTO CPC40 BOL 50 KG
2022-04-22,HOLCIM,0280-00137157,CEMENTO CPC40 BOL 50 KG,688.80,13.7761,ARS,REAL,,Importado desde db/sicons.xlsx - HOLCIM - CEMENTO CPC40 BOL 50 KG
2022-04-22,HOLCIM,0280-00137158,CEMENTO CPC40 BOL 50 KG,688.80,13.7761,ARS,REAL,,Importado desde db/sicons.xlsx - HOLCIM - CEMENTO CPC40 BOL 50 KG
2022-04-22,HOLCIM,0280-00137159,CEMENTO CPC40 BOL 50 KG,688.80,13.7761,ARS,REAL,,Importado desde db/sicons.xlsx - HOLCIM - CEMENTO CPC40 BOL 50 KG
2022-04-22,HOLCIM,0280-00137160,CEMENTO CPC40 BOL 50 KG,688.80,13.7761,ARS,REAL,,Importado desde db/sicons.xlsx - HOLCIM - CEMENTO CPC40 BOL 50 KG
2022-04-22,HOLCIM,0280-00137161,CEMENTO CPC40 BOL 50 KG,688.80,13.7761,ARS,REAL,,Importado desde db/sicons.xlsx - HOLCIM - CEMENTO CPC40 BOL 50 KG
2022-04-25,HOLCIM,0280-00137273,CEMENTO CPC40 BOL 50 KG,688.80,13.7761,ARS,REAL,,Importado desde db/sicons.xlsx - HOLCIM - CEMENTO CPC40 BOL 50 KG
2022-04-26,HOLCIM,0280-00137312,CEMENTO CPC40 BOL 50 KG,734.95,14.6991,ARS,REAL,,Importado desde db/sicons.xlsx - HOLCIM - CEMENTO CPC40 BOL 50 KG
2022-04-27,HOLCIM,0280-00137333,CEMENTO CPC40 BOL 50 KG,734.95,14.6991,ARS,REAL,,Importado desde db/sicons.xlsx - HOLCIM - CEMENTO CPC40 BOL 50 KG
2022-04-27,HOLCIM,0280-00137334,CEMENTO CPC40 BOL 50 KG,734.95,14.6991,ARS,REAL,,Importado desde db/sicons.xlsx - HOLCIM - CEMENTO CPC40 BOL 50 KG
2022-04-27,HOLCIM,0280-00137335,CEMENTO CPC40 BOL 50 KG,734.95,14.6991,ARS,REAL,,Importado desde db/sicons.xlsx - HOLCIM - CEMENTO CPC40 BOL 50 KG
2022-04-28,HOLCIM,0280-.00137387,CEMENTO CPC40 BOL 50 KG,734.95,14.6991,ARS,REAL,,Importado desde db/sicons.xlsx - HOLCIM - CEMENTO CPC40 BOL 50 KG
2022-04-28,HOLCIM,0280-00137385,CEMENTO CPC40 BOL 50 KG,734.95,14.6991,ARS,REAL,,Importado desde db/sicons.xlsx - HOLCIM - CEMENTO CPC40 BOL 50 KG
2022-04-28,HOLCIM,0280-00137386,CEMENTO CPC40 BOL 50 KG,734.95,14.6991,ARS,REAL,,Importado desde db/sicons.xlsx - HOLCIM - CEMENTO CPC40 BOL 50 KG
2022-04-29,HOLCIM,0280-00137430,CEMENTO CPC40 BOL 50 KG,734.95,14.6991,ARS,REAL,,Importado desde db/sicons.xlsx - HOLCIM - CEMENTO CPC40 BOL 50 KG
2022-04-29,HOLCIM,0280-00137431,CEMENTO CPC40 BOL 50 KG,734.95,14.6991,ARS,REAL,,Importado desde db/sicons.xlsx - HOLCIM - CEMENTO CPC40 BOL 50 KG
2022-04-29,HOLCIM,0280-00137432,CEMENTO CPC40 BOL 50 KG,734.95,14.6991,ARS,REAL,,Importado desde db/sicons.xlsx - HOLCIM - CEMENTO CPC40 BOL 50 KG
2022-05-02,HOLCIM,0280-00137536,CEMENTO CPC40 BOL 50 KG,734.95,14.6991,ARS,REAL,,Importado desde db/sicons.xlsx - HOLCIM - CEMENTO CPC40 BOL 50 KG
2022-05-02,HOLCIM,0280-00137537,CEMENTO CPC40 BOL 50 KG,734.95,14.6991,ARS,REAL,,Importado desde db/sicons.xlsx - HOLCIM - CEMENTO CPC40 BOL 50 KG
2022-05-02,HOLCIM,0280-00137538,CEMENTO CPC40 BOL 50 KG,734.95,14.6991,ARS,REAL,,Importado desde db/sicons.xlsx - HOLCIM - CEMENTO CPC40 BOL 50 KG
2022-05-03,HOLCIM,0280-00137591,CEMENTO CPC40 BOL 50 KG,734.95,14.6991,ARS,REAL,,Importado desde db/sicons.xlsx - HOLCIM - CEMENTO CPC40 BOL 50 KG
2022-05-04,HOLCIM,0280-00137611,CEMENTO CPC40 BOL 50 KG,734.95,14.6991,ARS,REAL,,Importado desde db/sicons.xlsx - HOLCIM - CEMENTO CPC40 BOL 50 KG
2022-05-04,HOLCIM,0280-00137612,CEMENTO CPC40 BOL 50 KG,734.95,14.6991,ARS,REAL,,Importado desde db/sicons.xlsx - HOLCIM - CEMENTO CPC40 BOL 50 KG
2022-05-05,HOLCIM,0280-00137644,CEMENTO CPC40 BOL 50 KG,734.95,14.6991,ARS,REAL,,Importado desde db/sicons.xlsx - HOLCIM - CEMENTO CPC40 BOL 50 KG
2022-05-05,HOLCIM,0280-00137645,CEMENTO CPC40 BOL 50 KG,734.95,14.6991,ARS,REAL,,Importado desde db/sicons.xlsx - HOLCIM - CEMENTO CPC40 BOL 50 KG
2022-05-06,HOLCIM,0280-00137678,CEMENTO CPC40 BOL 50 KG,734.95,14.6991,ARS,REAL,,Importado desde db/sicons.xlsx - HOLCIM - CEMENTO CPC40 BOL 50 KG
2022-05-06,HOLCIM,0280-00137679,CEMENTO CPC40 BOL 50 KG,734.95,14.6991,ARS,REAL,,Importado desde db/sicons.xlsx - HOLCIM - CEMENTO CPC40 BOL 50 KG
2022-05-06,HOLCIM,0280-00137680,CEMENTO CPC40 BOL 50 KG,734.95,14.6991,ARS,REAL,,Importado desde db/sicons.xlsx - HOLCIM - CEMENTO CPC40 BOL 50 KG
2022-05-07,HOLCIM,0280-00137712,CEMENTO CPC40 BOL 50 KG,734.95,14.6991,ARS,REAL,,Importado desde db/sicons.xlsx - HOLCIM - CEMENTO CPC40 BOL 50 KG
2022-05-07,HOLCIM,0280-00137713,CEMENTO CPC40 BOL 50 KG,734.95,14.6991,ARS,REAL,,Importado desde db/sicons.xlsx - HOLCIM - CEMENTO CPC40 BOL 50 KG
2022-05-09,HOLCIM,0280-00137757,CEMENTO CPC40 BOL 50 KG,734.95,14.6991,ARS,REAL,,Importado desde db/sicons.xlsx - HOLCIM - CEMENTO CPC40 BOL 50 KG
2022-05-09,HOLCIM,0280-00137758,CEMENTO CPC40 BOL 50 KG,734.95,14.6991,ARS,REAL,,Importado desde db/sicons.xlsx - HOLCIM - CEMENTO CPC40 BOL 50 KG
2022-05-10,HOLCIM,0280-00137817,CEMENTO CPC40 BOL 50 KG,734.95,14.6991,ARS,REAL,,Importado desde db/sicons.xlsx - HOLCIM - CEMENTO CPC40 BOL 50 KG
2022-05-10,HOLCIM,0280-00137818,CEMENTO CPC40 BOL 50 KG,734.95,14.6991,ARS,REAL,,Importado desde db/sicons.xlsx - HOLCIM - CEMENTO CPC40 BOL 50 KG
2022-05-11,HOLCIM,0280-00137875,CEMENTO CPC40 BOL 50 KG,734.95,14.6991,ARS,REAL,,Importado desde db/sicons.xlsx - HOLCIM - CEMENTO CPC40 BOL 50 KG
2022-05-11,HOLCIM,0280-00137876,CEMENTO CPC40 BOL 50 KG,734.95,14.6991,ARS,REAL,,Importado desde db/sicons.xlsx - HOLCIM - CEMENTO CPC40 BOL 50 KG
2022-05-11,HOLCIM,0280-00137877,CEMENTO CPC40 BOL 50 KG,734.95,14.6991,ARS,REAL,,Importado desde db/sicons.xlsx - HOLCIM - CEMENTO CPC40 BOL 50 KG
2022-05-12,HOLCIM,0280-00137894,CEMENTO CPC40 BOL 50 KG,734.95,14.6991,ARS,REAL,,Importado desde db/sicons.xlsx - HOLCIM - CEMENTO CPC40 BOL 50 KG
2022-05-12,HOLCIM,0280-00137895,CEMENTO CPC40 BOL 50 KG,734.95,14.6991,ARS,REAL,,Importado desde db/sicons.xlsx - HOLCIM - CEMENTO CPC40 BOL 50 KG
2022-05-12,HOLCIM,0280-00137896,CEMENTO CPC40 BOL 50 KG,734.95,14.6991,ARS,REAL,,Importado desde db/sicons.xlsx - HOLCIM - CEMENTO CPC40 BOL 50 KG
2022-05-13,HOLCIM,0280-00137922,CEMENTO CPC40 BOL 50 KG,734.95,14.6991,ARS,REAL,,Importado desde db/sicons.xlsx - HOLCIM - CEMENTO CPC40 BOL 50 KG
2022-05-13,HOLCIM,0280-00137923,CEMENTO CPC40 BOL 50 KG,734.95,14.6991,ARS,REAL,,Importado desde db/sicons.xlsx - HOLCIM - CEMENTO CPC40 BOL 50 KG
2022-05-13,HOLCIM,0280-00137924,CEMENTO CPC40 BOL 50 KG,734.95,14.6991,ARS,REAL,,Importado desde db/sicons.xlsx - HOLCIM - CEMENTO CPC40 BOL 50 KG
2022-05-14,HOLCIM,0280-00137952,CEMENTO CPC40 BOL 50 KG,734.95,14.6991,ARS,REAL,,Importado desde db/sicons.xlsx - HOLCIM - CEMENTO CPC40 BOL 50 KG
2022-05-16,HOLCIM,0280-00138006,CEMENTO CPC40 BOL 50 KG,734.95,14.6991,ARS,REAL,,Importado desde db/sicons.xlsx - HOLCIM - CEMENTO CPC40 BOL 50 KG
2022-05-16,HOLCIM,0280-00138007,CEMENTO CPC40 BOL 50 KG,734.95,14.6991,ARS,REAL,,Importado desde db/sicons.xlsx - HOLCIM - CEMENTO CPC40 BOL 50 KG
2022-05-16,HOLCIM,0280-00138008,CEMENTO CPC40 BOL 50 KG,734.95,14.6991,ARS,REAL,,Importado desde db/sicons.xlsx - HOLCIM - CEMENTO CPC40 BOL 50 KG
2022-05-17,HOLCIM,0280-00138032,CEMENTO CPC40 BOL 50 KG,734.95,14.6991,ARS,REAL,,Importado desde db/sicons.xlsx - HOLCIM - CEMENTO CPC40 BOL 50 KG
2022-05-17,HOLCIM,0280-00138033,CEMENTO CPC40 BOL 50 KG,734.95,14.6991,ARS,REAL,,Importado desde db/sicons.xlsx - HOLCIM - CEMENTO CPC40 BOL 50 KG
2022-05-19,HOLCIM,0280-00138075,CEMENTO CPC40 BOL 50 KG,734.95,14.6991,ARS,REAL,,Importado desde db/sicons.xlsx - HOLCIM - CEMENTO CPC40 BOL 50 KG
2022-05-19,HOLCIM,0280-00138076,CEMENTO CPC40 BOL 50 KG,734.95,14.6991,ARS,REAL,,Importado desde db/sicons.xlsx - HOLCIM - CEMENTO CPC40 BOL 50 KG
2022-05-19,HOLCIM,0280-00138077,CEMENTO CPC40 BOL 50 KG,734.95,14.6991,ARS,REAL,,Importado desde db/sicons.xlsx - HOLCIM - CEMENTO CPC40 BOL 50 KG
2022-05-20,HOLCIM,0280-00138127,CEMENTO CPC40 BOL 50 KG,734.95,14.6991,ARS,REAL,,Importado desde db/sicons.xlsx - HOLCIM - CEMENTO CPC40 BOL 50 KG
2022-05-20,HOLCIM,0280-00138128,CEMENTO CPC40 BOL 50 KG,734.95,14.6991,ARS,REAL,,Importado desde db/sicons.xlsx - HOLCIM - CEMENTO CPC40 BOL 50 KG
2022-05-20,HOLCIM,0280-00138129,CEMENTO CPC40 BOL 50 KG,734.95,14.6991,ARS,REAL,,Importado desde db/sicons.xlsx - HOLCIM - CEMENTO CPC40 BOL 50 KG
2022-05-21,HOLCIM,0280-00138167,CEMENTO CPC40 BOL 50 KG,734.95,14.6991,ARS,REAL,,Importado desde db/sicons.xlsx - HOLCIM - CEMENTO CPC40 BOL 50 KG
2022-05-21,HOLCIM,0280-00138168,CEMENTO CPC40 BOL 50 KG,734.95,14.6991,ARS,REAL,,Importado desde db/sicons.xlsx - HOLCIM - CEMENTO CPC40 BOL 50 KG
2022-05-23,HOLCIM,0280-00138254,CEMENTO CPC40 BOL 50 KG,734.95,14.6991,ARS,REAL,,Importado desde db/sicons.xlsx - HOLCIM - CEMENTO CPC40 BOL 50 KG
2022-05-23,HOLCIM,0280-00138255,CEMENTO CPC40 BOL 50 KG,734.95,14.6991,ARS,REAL,,Importado desde db/sicons.xlsx - HOLCIM - CEMENTO CPC40 BOL 50 KG
2022-05-23,HOLCIM,0280-00138256,CEMENTO CPC40 BOL 50 KG,734.95,14.6991,ARS,REAL,,Importado desde db/sicons.xlsx - HOLCIM - CEMENTO CPC40 BOL 50 KG
2022-05-23,HOLCIM,0280-00138257,CEMENTO CPC40 BOL 50 KG,734.95,14.6991,ARS,REAL,,Importado desde db/sicons.xlsx - HOLCIM - CEMENTO CPC40 BOL 50 KG
2022-05-24,HOLCIM,0280-00138288,CEMENTO CPC40 BOL 50 KG,734.95,14.6991,ARS,REAL,,Importado desde db/sicons.xlsx - HOLCIM - CEMENTO CPC40 BOL 50 KG
2022-05-24,HOLCIM,0280-00138289,CEMENTO CPC40 BOL 50 KG,734.95,14.6991,ARS,REAL,,Importado desde db/sicons.xlsx - HOLCIM - CEMENTO CPC40 BOL 50 KG
2022-05-24,HOLCIM,0280-00138290,CEMENTO CPC40 BOL 50 KG,734.95,14.6991,ARS,REAL,,Importado desde db/sicons.xlsx - HOLCIM - CEMENTO CPC40 BOL 50 KG
2022-05-24,HOLCIM,0280-00138291,CEMENTO CPC40 BOL 50 KG,734.95,14.6991,ARS,REAL,,Importado desde db/sicons.xlsx - HOLCIM - CEMENTO CPC40 BOL 50 KG
2022-05-24,HOLCIM,0280-00138292,CEMENTO CPC40 BOL 50 KG,734.95,14.6991,ARS,REAL,,Importado desde db/sicons.xlsx - HOLCIM - CEMENTO CPC40 BOL 50 KG
2022-05-26,HOLCIM,0280-00138321,CEMENTO CPC40 BOL 50 KG,775.38,15.5075,ARS,REAL,,Importado desde db/sicons.xlsx - HOLCIM - CEMENTO CPC40 BOL 50 KG
2022-05-26,HOLCIM,0280-00138322,CEMENTO CPC40 BOL 50 KG,775.38,15.5075,ARS,REAL,,Importado desde db/sicons.xlsx - HOLCIM - CEMENTO CPC40 BOL 50 KG
2022-05-26,HOLCIM,0280-00138323,CEMENTO CPC40 BOL 50 KG,775.38,15.5075,ARS,REAL,,Importado desde db/sicons.xlsx - HOLCIM - CEMENTO CPC40 BOL 50 KG
2022-05-26,HOLCIM,0280-00138324,CEMENTO CPC40 BOL 50 KG,775.38,15.5075,ARS,REAL,,Importado desde db/sicons.xlsx - HOLCIM - CEMENTO CPC40 BOL 50 KG
2022-05-27,HOLCIM,0280-00138389,CEMENTO CPC40 BOL 50 KG,775.38,15.5075,ARS,REAL,,Importado desde db/sicons.xlsx - HOLCIM - CEMENTO CPC40 BOL 50 KG
2022-05-27,HOLCIM,0280-00138390,CEMENTO CPC40 BOL 50 KG,775.38,15.5075,ARS,REAL,,Importado desde db/sicons.xlsx - HOLCIM - CEMENTO CPC40 BOL 50 KG
2022-05-30,HOLCIM,0280-00138461,CEMENTO CPC40 BOL 50 KG,762.94,15.2587,ARS,REAL,,Importado desde db/sicons.xlsx - HOLCIM - CEMENTO CPC40 BOL 50 KG
2022-05-30,HOLCIM,0280-00138462,CEMENTO CPC40 BOL 50 KG,762.94,15.2587,ARS,REAL,,Importado desde db/sicons.xlsx - HOLCIM - CEMENTO CPC40 BOL 50 KG
2022-05-30,HOLCIM,0280-00138463,CEMENTO CPC40 BOL 50 KG,738.10,14.7620,ARS,REAL,,Importado desde db/sicons.xlsx - HOLCIM - CEMENTO CPC40 BOL 50 KG
2022-05-31,HOLCIM,0280-00138507,CEMENTO CPC40 BOL 50 KG,738.10,14.7620,ARS,REAL,,Importado desde db/sicons.xlsx - HOLCIM - CEMENTO CPC40 BOL 50 KG
2022-05-31,HOLCIM,0280-00138508,CEMENTO CPC40 BOL 50 KG,738.10,14.7620,ARS,REAL,,Importado desde db/sicons.xlsx - HOLCIM - CEMENTO CPC40 BOL 50 KG
2022-05-31,HOLCIM,0280-00138509,CEMENTO CPC40 BOL 50 KG,738.10,14.7620,ARS,REAL,,Importado desde db/sicons.xlsx - HOLCIM - CEMENTO CPC40 BOL 50 KG
2022-06-01,HOLCIM,0280-00138585,CEMENTO CPC40 BOL 50 KG,738.10,14.7620,ARS,REAL,,Importado desde db/sicons.xlsx - HOLCIM - CEMENTO CPC40 BOL 50 KG
2022-06-01,HOLCIM,0280-00138586,CEMENTO CPC40 BOL 50 KG,738.10,14.7620,ARS,REAL,,Importado desde db/sicons.xlsx - HOLCIM - CEMENTO CPC40 BOL 50 KG
2022-06-01,HOLCIM,0280-00138587,CEMENTO CPC40 BOL 50 KG,738.10,14.7620,ARS,REAL,,Importado desde db/sicons.xlsx - HOLCIM - CEMENTO CPC40 BOL 50 KG
2022-06-01,HOLCIM,0280-00138588,CEMENTO CPC40 BOL 50 KG,738.10,14.7620,ARS,REAL,,Importado desde db/sicons.xlsx - HOLCIM - CEMENTO CPC40 BOL 50 KG
2022-06-02,HOLCIM,0280-00138630,CEMENTO CPC40 BOL 50 KG,738.10,14.7620,ARS,REAL,,Importado desde db/sicons.xlsx - HOLCIM - CEMENTO CPC40 BOL 50 KG
2022-06-02,HOLCIM,0280-00138631,CEMENTO CPC40 BOL 50 KG,738.10,14.7620,ARS,REAL,,Importado desde db/sicons.xlsx - HOLCIM - CEMENTO CPC40 BOL 50 KG
2022-06-02,HOLCIM,0280-00138832,CEMENTO CPC40 BOL 50 KG,738.10,14.7620,ARS,REAL,,Importado desde db/sicons.xlsx - HOLCIM - CEMENTO CPC40 BOL 50 KG
2022-06-02,HOLCIM,0280-00138833,CEMENTO CPC40 BOL 50 KG,738.10,14.7620,ARS,REAL,,Importado desde db/sicons.xlsx - HOLCIM - CEMENTO CPC40 BOL 50 KG
2022-06-03,HOLCIM,0280-00138703,CEMENTO CPC40 BOL 50 KG,738.10,14.7620,ARS,REAL,,Importado desde db/sicons.xlsx - HOLCIM - CEMENTO CPC40 BOL 50 KG
2022-06-03,HOLCIM,0280-00138704,CEMENTO CPC40 BOL 50 KG,738.10,14.7620,ARS,REAL,,Importado desde db/sicons.xlsx - HOLCIM - CEMENTO CPC40 BOL 50 KG
2022-06-03,HOLCIM,0280-00138705,CEMENTO CPC40 BOL 50 KG,738.10,14.7620,ARS,REAL,,Importado desde db/sicons.xlsx - HOLCIM - CEMENTO CPC40 BOL 50 KG
2022-06-03,HOLCIM,0280-00138706,CEMENTO CPC40 BOL 50 KG,738.10,14.7620,ARS,REAL,,Importado desde db/sicons.xlsx - HOLCIM - CEMENTO CPC40 BOL 50 KG
2022-06-03,HOLCIM,0280-00138707,CEMENTO CPC40 BOL 50 KG,738.10,14.7620,ARS,REAL,,Importado desde db/sicons.xlsx - HOLCIM - CEMENTO CPC40 BOL 50 KG
2022-06-04,HOLCIM,0280-00138717,CEMENTO CPC40 BOL 50 KG,738.10,14.7620,ARS,REAL,,Importado desde db/sicons.xlsx - HOLCIM - CEMENTO CPC40 BOL 50 KG
2022-06-04,HOLCIM,0280-00138718,CEMENTO CPC40 BOL 50 KG,738.10,14.7620,ARS,REAL,,Importado desde db/sicons.xlsx - HOLCIM - CEMENTO CPC40 BOL 50 KG
2022-06-06,HOLCIM,0280-00138757,CEMENTO CPC40 BOL 50 KG,738.10,14.7620,ARS,REAL,,Importado desde db/sicons.xlsx - HOLCIM - CEMENTO CPC40 BOL 50 KG
2022-06-06,HOLCIM,0280-00138758,CEMENTO CPC40 BOL 50 KG,738.10,14.7620,ARS,REAL,,Importado desde db/sicons.xlsx - HOLCIM - CEMENTO CPC40 BOL 50 KG
2022-06-06,HOLCIM,0280-00138759,CEMENTO CPC40 BOL 50 KG,738.10,14.7620,ARS,REAL,,Importado desde db/sicons.xlsx - HOLCIM - CEMENTO CPC40 BOL 50 KG
2022-06-06,HOLCIM,0280-00138760,CEMENTO CPC40 BOL 50 KG,738.10,14.7620,ARS,REAL,,Importado desde db/sicons.xlsx - HOLCIM - CEMENTO CPC40 BOL 50 KG
2022-06-06,HOLCIM,0280-00138761,CEMENTO CPC40 BOL 50 KG,738.10,14.7620,ARS,REAL,,Importado desde db/sicons.xlsx - HOLCIM - CEMENTO CPC40 BOL 50 KG
2022-06-07,HOLCIM,0280-00138803,CEMENTO CPC40 BOL 50 KG,738.10,14.7620,ARS,REAL,,Importado desde db/sicons.xlsx - HOLCIM - CEMENTO CPC40 BOL 50 KG
2022-06-07,HOLCIM,0280-00138804,CEMENTO CPC40 BOL 50 KG,738.10,14.7620,ARS,REAL,,Importado desde db/sicons.xlsx - HOLCIM - CEMENTO CPC40 BOL 50 KG
2022-06-07,HOLCIM,0280-00138805,CEMENTO CPC40 BOL 50 KG,738.10,14.7620,ARS,REAL,,Importado desde db/sicons.xlsx - HOLCIM - CEMENTO CPC40 BOL 50 KG
2022-06-07,HOLCIM,0280-00138806,CEMENTO CPC40 BOL 50 KG,738.10,14.7620,ARS,REAL,,Importado desde db/sicons.xlsx - HOLCIM - CEMENTO CPC40 BOL 50 KG
2022-06-08,HOLCIM,0280-00138876,CEMENTO CPC40 BOL 50 KG,738.10,14.7620,ARS,REAL,,Importado desde db/sicons.xlsx - HOLCIM - CEMENTO CPC40 BOL 50 KG
2022-06-08,HOLCIM,0280-00138877,CEMENTO CPC40 BOL 50 KG,738.10,14.7620,ARS,REAL,,Importado desde db/sicons.xlsx - HOLCIM - CEMENTO CPC40 BOL 50 KG
2022-06-08,HOLCIM,0280-00138878,CEMENTO CPC40 BOL 50 KG,738.10,14.7620,ARS,REAL,,Importado desde db/sicons.xlsx - HOLCIM - CEMENTO CPC40 BOL 50 KG
2022-06-09,HOLCIM,0280-00138901,CEMENTO CPC40 BOL 50 KG,738.10,14.7620,ARS,REAL,,Importado desde db/sicons.xlsx - HOLCIM - CEMENTO CPC40 BOL 50 KG
2022-06-09,HOLCIM,0280-00138902,CEMENTO CPC40 BOL 50 KG,738.10,14.7620,ARS,REAL,,Importado desde db/sicons.xlsx - HOLCIM - CEMENTO CPC40 BOL 50 KG
2022-06-09,HOLCIM,0280-00138903,CEMENTO CPC40 BOL 50 KG,738.10,14.7620,ARS,REAL,,Importado desde db/sicons.xlsx - HOLCIM - CEMENTO CPC40 BOL 50 KG
2022-06-09,HOLCIM,0280-00138904,CEMENTO CPC40 BOL 50 KG,738.10,14.7620,ARS,REAL,,Importado desde db/sicons.xlsx - HOLCIM - CEMENTO CPC40 BOL 50 KG
2022-06-11,HOLCIM,0280-00138967,CEMENTO CPC40 BOL 50 KG,738.10,14.7620,ARS,REAL,,Importado desde db/sicons.xlsx - HOLCIM - CEMENTO CPC40 BOL 50 KG
2022-06-13,HOLCIM,0280-00139013,CEMENTO CPC40 BOL 50 KG,738.10,14.7620,ARS,REAL,,Importado desde db/sicons.xlsx - HOLCIM - CEMENTO CPC40 BOL 50 KG
2022-06-13,HOLCIM,0280-00139014,CEMENTO CPC40 BOL 50 KG,738.10,14.7620,ARS,REAL,,Importado desde db/sicons.xlsx - HOLCIM - CEMENTO CPC40 BOL 50 KG
2022-06-13,HOLCIM,0280-00139015,CEMENTO CPC40 BOL 50 KG,738.10,14.7620,ARS,REAL,,Importado desde db/sicons.xlsx - HOLCIM - CEMENTO CPC40 BOL 50 KG
2022-06-13,HOLCIM,0280-00139016,CEMENTO CPC40 BOL 50 KG,738.10,14.7620,ARS,REAL,,Importado desde db/sicons.xlsx - HOLCIM - CEMENTO CPC40 BOL 50 KG
2022-06-14,HOLCIM,0280-00139059,CEMENTO CPC40 BOL 50 KG,738.10,14.7620,ARS,REAL,,Importado desde db/sicons.xlsx - HOLCIM - CEMENTO CPC40 BOL 50 KG
2022-06-14,HOLCIM,0280-00139060,CEMENTO CPC40 BOL 50 KG,738.10,14.7620,ARS,REAL,,Importado desde db/sicons.xlsx - HOLCIM - CEMENTO CPC40 BOL 50 KG
2022-06-14,HOLCIM,0280-00139061,CEMENTO CPC40 BOL 50 KG,738.10,14.7620,ARS,REAL,,Importado desde db/sicons.xlsx - HOLCIM - CEMENTO CPC40 BOL 50 KG
2022-06-14,HOLCIM,0280-00139062,CEMENTO CPC40 BOL 50 KG,738.10,14.7620,ARS,REAL,,Importado desde db/sicons.xlsx - HOLCIM - CEMENTO CPC40 BOL 50 KG
2022-06-15,HOLCIM,0280-00139100,CEMENTO CPC40 BOL 50 KG,738.10,14.7620,ARS,REAL,,Importado desde db/sicons.xlsx - HOLCIM - CEMENTO CPC40 BOL 50 KG
2022-06-15,HOLCIM,0280-00139101,CEMENTO CPC40 BOL 50 KG,738.10,14.7620,ARS,REAL,,Importado desde db/sicons.xlsx - HOLCIM - CEMENTO CPC40 BOL 50 KG
2022-06-15,HOLCIM,0280-00139102,CEMENTO CPC40 BOL 50 KG,738.10,14.7620,ARS,REAL,,Importado desde db/sicons.xlsx - HOLCIM - CEMENTO CPC40 BOL 50 KG
2022-06-15,HOLCIM,0280-00139103,CEMENTO CPC40 BOL 50 KG,738.10,14.7620,ARS,REAL,,Importado desde db/sicons.xlsx - HOLCIM - CEMENTO CPC40 BOL 50 KG
2022-06-16,HOLCIM,0280-00139167,CEMENTO CPC40 BOL 50 KG,738.10,14.7620,ARS,REAL,,Importado desde db/sicons.xlsx - HOLCIM - CEMENTO CPC40 BOL 50 KG
2022-06-16,HOLCIM,0280-00139168,CEMENTO CPC40 BOL 50 KG,738.10,14.7620,ARS,REAL,,Importado desde db/sicons.xlsx - HOLCIM - CEMENTO CPC40 BOL 50 KG
2022-06-16,HOLCIM,0280-00139169,CEMENTO CPC40 BOL 50 KG,738.10,14.7620,ARS,REAL,,Importado desde db/sicons.xlsx - HOLCIM - CEMENTO CPC40 BOL 50 KG
2022-06-16,HOLCIM,0280-00139170,CEMENTO CPC40 BOL 50 KG,738.10,14.7620,ARS,REAL,,Importado desde db/sicons.xlsx - HOLCIM - CEMENTO CPC40 BOL 50 KG
2022-06-18,HOLCIM,0280-00139178,CEMENTO CPC40 BOL 50 KG,738.10,14.7620,ARS,REAL,,Importado desde db/sicons.xlsx - HOLCIM - CEMENTO CPC40 BOL 50 KG
2022-06-18,HOLCIM,0280-00139179,CEMENTO CPC40 BOL 50 KG,738.10,14.7620,ARS,REAL,,Importado desde db/sicons.xlsx - HOLCIM - CEMENTO CPC40 BOL 50 KG
2022-06-21,HOLCIM,0280-00139228,CEMENTO CPC40 BOL 50 KG,799.87,15.9973,ARS,REAL,,Importado desde db/sicons.xlsx - HOLCIM - CEMENTO CPC40 BOL 50 KG
2022-06-21,HOLCIM,0280-00139229,CEMENTO CPC40 BOL 50 KG,799.87,15.9973,ARS,REAL,,Importado desde db/sicons.xlsx - HOLCIM - CEMENTO CPC40 BOL 50 KG
2022-06-21,HOLCIM,0280-00139230,CEMENTO CPC40 BOL 50 KG,799.87,15.9973,ARS,REAL,,Importado desde db/sicons.xlsx - HOLCIM - CEMENTO CPC40 BOL 50 KG
2022-06-22,HOLCIM,0280-00139269,CEMENTO CPC40 BOL 50 KG,778.68,15.5736,ARS,REAL,,Importado desde db/sicons.xlsx - HOLCIM - CEMENTO CPC40 BOL 50 KG
2022-06-22,HOLCIM,0280-00139270,CEMENTO CPC40 BOL 50 KG,778.68,15.5736,ARS,REAL,,Importado desde db/sicons.xlsx - HOLCIM - CEMENTO CPC40 BOL 50 KG
2022-06-22,HOLCIM,0280-00139271,CEMENTO CPC40 BOL 50 KG,778.68,15.5736,ARS,REAL,,Importado desde db/sicons.xlsx - HOLCIM - CEMENTO CPC40 BOL 50 KG
2022-06-23,HOLCIM,0280-00139330,CEMENTO CPC40 BOL 50 KG,778.68,15.5736,ARS,REAL,,Importado desde db/sicons.xlsx - HOLCIM - CEMENTO CPC40 BOL 50 KG
2022-06-23,HOLCIM,0280-00139331,CEMENTO CPC40 BOL 50 KG,778.68,15.5736,ARS,REAL,,Importado desde db/sicons.xlsx - HOLCIM - CEMENTO CPC40 BOL 50 KG
2022-06-23,HOLCIM,0280-00139332,CEMENTO CPC40 BOL 50 KG,778.68,15.5736,ARS,REAL,,Importado desde db/sicons.xlsx - HOLCIM - CEMENTO CPC40 BOL 50 KG
2022-06-29,HOLCIM,0280-00139492,CEMENTO CPC40 BOL 50 KG,778.68,15.5736,ARS,REAL,,Importado desde db/sicons.xlsx - HOLCIM - CEMENTO CPC40 BOL 50 KG
2022-06-30,HOLCIM,0280-00139545,CEMENTO CPC40 BOL 50 KG,778.68,15.5736,ARS,REAL,,Importado desde db/sicons.xlsx - HOLCIM - CEMENTO CPC40 BOL 50 KG
2022-06-30,HOLCIM,0280-00139546,CEMENTO CPC40 BOL 50 KG,778.68,15.5736,ARS,REAL,,Importado desde db/sicons.xlsx - HOLCIM - CEMENTO CPC40 BOL 50 KG
2022-07-01,HOLCIM,0280-00139611,CEMENTO CPC40 BOL 50 KG,778.68,15.5736,ARS,REAL,,Importado desde db/sicons.xlsx - HOLCIM - CEMENTO CPC40 BOL 50 KG
2022-07-01,HOLCIM,0280-00139612,CEMENTO CPC40 BOL 50 KG,778.68,15.5736,ARS,REAL,,Importado desde db/sicons.xlsx - HOLCIM - CEMENTO CPC40 BOL 50 KG
2022-07-01,HOLCIM,0280-00139613,CEMENTO CPC40 BOL 50 KG,778.68,15.5736,ARS,REAL,,Importado desde db/sicons.xlsx - HOLCIM - CEMENTO CPC40 BOL 50 KG
2022-07-02,HOLCIM,0280-00139622,CEMENTO CPC40 BOL 50 KG,778.68,15.5736,ARS,REAL,,Importado desde db/sicons.xlsx - HOLCIM - CEMENTO CPC40 BOL 50 KG
2022-07-04,HOLCIM,0280-00139659,CEMENTO CPC40 BOL 50 KG,778.68,15.5736,ARS,REAL,,Importado desde db/sicons.xlsx - HOLCIM - CEMENTO CPC40 BOL 50 KG
2022-07-04,HOLCIM,0280-00139660,CEMENTO CPC40 BOL 50 KG,778.68,15.5736,ARS,REAL,,Importado desde db/sicons.xlsx - HOLCIM - CEMENTO CPC40 BOL 50 KG
2022-07-05,HOLCIM,0280-00139710,CEMENTO CPC40 BOL 50 KG,778.68,15.5736,ARS,REAL,,Importado desde db/sicons.xlsx - HOLCIM - CEMENTO CPC40 BOL 50 KG
2022-07-05,HOLCIM,0280-00139711,CEMENTO CPC40 BOL 50 KG,778.68,15.5736,ARS,REAL,,Importado desde db/sicons.xlsx - HOLCIM - CEMENTO CPC40 BOL 50 KG
2022-07-05,HOLCIM,0280-00139712,CEMENTO CPC40 BOL 50 KG,778.68,15.5736,ARS,REAL,,Importado desde db/sicons.xlsx - HOLCIM - CEMENTO CPC40 BOL 50 KG
2022-07-06,HOLCIM,0280-00139747,CEMENTO CPC40 BOL 50 KG,778.68,15.5736,ARS,REAL,,Importado desde db/sicons.xlsx - HOLCIM - CEMENTO CPC40 BOL 50 KG
2022-07-06,HOLCIM,0280-00139748,CEMENTO CPC40 BOL 50 KG,778.68,15.5736,ARS,REAL,,Importado desde db/sicons.xlsx - HOLCIM - CEMENTO CPC40 BOL 50 KG
2022-07-07,HOLCIM,0280-00139799,CEMENTO CPC40 BOL 50 KG,778.68,15.5736,ARS,REAL,,Importado desde db/sicons.xlsx - HOLCIM - CEMENTO CPC40 BOL 50 KG
2022-07-07,HOLCIM,0280-00139800,CEMENTO CPC40 BOL 50 KG,778.68,15.5736,ARS,REAL,,Importado desde db/sicons.xlsx - HOLCIM - CEMENTO CPC40 BOL 50 KG
2022-07-07,HOLCIM,0280-00139801,CEMENTO CPC40 BOL 50 KG,778.68,15.5736,ARS,REAL,,Importado desde db/sicons.xlsx - HOLCIM - CEMENTO CPC40 BOL 50 KG
2022-07-07,HOLCIM,0280-00139802,CEMENTO CPC40 BOL 50 KG,778.68,15.5736,ARS,REAL,,Importado desde db/sicons.xlsx - HOLCIM - CEMENTO CPC40 BOL 50 KG
2022-07-07,HOLCIM,0280-00139803,CEMENTO CPC40 BOL 50 KG,778.68,15.5736,ARS,REAL,,Importado desde db/sicons.xlsx - HOLCIM - CEMENTO CPC40 BOL 50 KG
2022-07-07,HOLCIM,0280-00139804,CEMENTO CPC40 BOL 50 KG,778.68,15.5736,ARS,REAL,,Importado desde db/sicons.xlsx - HOLCIM - CEMENTO CPC40 BOL 50 KG
2022-07-08,HOLCIM,0280-00139844,CEMENTO CPC40 BOL 50 KG,778.68,15.5736,ARS,REAL,,Importado desde db/sicons.xlsx - HOLCIM - CEMENTO CPC40 BOL 50 KG
2022-07-08,HOLCIM,0280-00139845,CEMENTO CPC40 BOL 50 KG,778.68,15.5736,ARS,REAL,,Importado desde db/sicons.xlsx - HOLCIM - CEMENTO CPC40 BOL 50 KG
2022-07-08,HOLCIM,0280-00139846,CEMENTO CPC40 BOL 50 KG,778.68,15.5736,ARS,REAL,,Importado desde db/sicons.xlsx - HOLCIM - CEMENTO CPC40 BOL 50 KG
2022-07-08,HOLCIM,0280-00139847,CEMENTO CPC40 BOL 50 KG,778.68,15.5736,ARS,REAL,,Importado desde db/sicons.xlsx - HOLCIM - CEMENTO CPC40 BOL 50 KG
2022-07-11,HOLCIM,0280-00139930,CEMENTO CPC40 BOL 50 KG,778.68,15.5736,ARS,REAL,,Importado desde db/sicons.xlsx - HOLCIM - CEMENTO CPC40 BOL 50 KG
2022-07-11,HOLCIM,0280-00139931,CEMENTO CPC40 BOL 50 KG,778.68,15.5736,ARS,REAL,,Importado desde db/sicons.xlsx - HOLCIM - CEMENTO CPC40 BOL 50 KG
2022-07-11,HOLCIM,0280-00139932,CEMENTO CPC40 BOL 50 KG,778.68,15.5736,ARS,REAL,,Importado desde db/sicons.xlsx - HOLCIM - CEMENTO CPC40 BOL 50 KG
2022-07-11,HOLCIM,0280-00139933,CEMENTO CPC40 BOL 50 KG,778.68,15.5736,ARS,REAL,,Importado desde db/sicons.xlsx - HOLCIM - CEMENTO CPC40 BOL 50 KG
2022-07-12,HOLCIM,0280-00139972,CEMENTO CPC40 BOL 50 KG,778.68,15.5736,ARS,REAL,,Importado desde db/sicons.xlsx - HOLCIM - CEMENTO CPC40 BOL 50 KG
2022-07-12,HOLCIM,0280-00139973,CEMENTO CPC40 BOL 50 KG,778.68,15.5736,ARS,REAL,,Importado desde db/sicons.xlsx - HOLCIM - CEMENTO CPC40 BOL 50 KG
2022-07-12,HOLCIM,0280-00139974,CEMENTO CPC40 BOL 50 KG,778.68,15.5736,ARS,REAL,,Importado desde db/sicons.xlsx - HOLCIM - CEMENTO CPC40 BOL 50 KG
2022-07-12,HOLCIM,0280-00139975,CEMENTO CPC40 BOL 50 KG,778.68,15.5736,ARS,REAL,,Importado desde db/sicons.xlsx - HOLCIM - CEMENTO CPC40 BOL 50 KG
2022-07-12,HOLCIM,0280-00139976,CEMENTO CPC40 BOL 50 KG,778.68,15.5736,ARS,REAL,,Importado desde db/sicons.xlsx - HOLCIM - CEMENTO CPC40 BOL 50 KG
2022-07-12,HOLCIM,0280-00139977,CEMENTO CPC40 BOL 50 KG,778.68,15.5736,ARS,REAL,,Importado desde db/sicons.xlsx - HOLCIM - CEMENTO CPC40 BOL 50 KG
2022-07-13,HOLCIM,0280-00140031,CEMENTO CPC40 BOL 50 KG,829.30,16.5859,ARS,REAL,,Importado desde db/sicons.xlsx - HOLCIM - CEMENTO CPC40 BOL 50 KG
2022-07-13,HOLCIM,0280-00140032,CEMENTO CPC40 BOL 50 KG,829.30,16.5859,ARS,REAL,,Importado desde db/sicons.xlsx - HOLCIM - CEMENTO CPC40 BOL 50 KG
2022-07-14,HOLCIM,0280-00140094,CEMENTO CPC40 BOL 50 KG,829.30,16.5859,ARS,REAL,,Importado desde db/sicons.xlsx - HOLCIM - CEMENTO CPC40 BOL 50 KG
2022-07-14,HOLCIM,0280-00140095,CEMENTO CPC40 BOL 50 KG,829.30,16.5859,ARS,REAL,,Importado desde db/sicons.xlsx - HOLCIM - CEMENTO CPC40 BOL 50 KG
2022-07-15,HOLCIM,0280-00140122,CEMENTO CPC40 BOL 50 KG,829.30,16.5859,ARS,REAL,,Importado desde db/sicons.xlsx - HOLCIM - CEMENTO CPC40 BOL 50 KG
2022-07-15,HOLCIM,0280-00140123,CEMENTO CPC40 BOL 50 KG,829.30,16.5859,ARS,REAL,,Importado desde db/sicons.xlsx - HOLCIM - CEMENTO CPC40 BOL 50 KG
2022-07-15,HOLCIM,0280-00140124,CEMENTO CPC40 BOL 50 KG,829.30,16.5859,ARS,REAL,,Importado desde db/sicons.xlsx - HOLCIM - CEMENTO CPC40 BOL 50 KG
2022-07-16,HOLCIM,0280-00140130,CEMENTO CPC40 BOL 50 KG,829.30,16.5859,ARS,REAL,,Importado desde db/sicons.xlsx - HOLCIM - CEMENTO CPC40 BOL 50 KG
2022-07-18,HOLCIM,0280-00140161,CEMENTO CPC40 BOL 50 KG,829.30,16.5859,ARS,REAL,,Importado desde db/sicons.xlsx - HOLCIM - CEMENTO CPC40 BOL 50 KG
2022-07-18,HOLCIM,0280-00140162,CEMENTO CPC40 BOL 50 KG,829.30,16.5859,ARS,REAL,,Importado desde db/sicons.xlsx - HOLCIM - CEMENTO CPC40 BOL 50 KG
2022-07-18,HOLCIM,0280-00140163,CEMENTO CPC40 BOL 50 KG,829.30,16.5859,ARS,REAL,,Importado desde db/sicons.xlsx - HOLCIM - CEMENTO CPC40 BOL 50 KG
2022-07-19,HOLCIM,0280-00014207,CEMENTO CPC40 BOL 50 KG,829.30,16.5859,ARS,REAL,,Importado desde db/sicons.xlsx - HOLCIM - CEMENTO CPC40 BOL 50 KG
2022-07-19,HOLCIM,0280-00140205,CEMENTO CPC40 BOL 50 KG,829.30,16.5859,ARS,REAL,,Importado desde db/sicons.xlsx - HOLCIM - CEMENTO CPC40 BOL 50 KG
2022-07-19,HOLCIM,0280-00140206,CEMENTO CPC40 BOL 50 KG,829.30,16.5859,ARS,REAL,,Importado desde db/sicons.xlsx - HOLCIM - CEMENTO CPC40 BOL 50 KG
2022-07-21,HOLCIM,0280-00140284,CEMENTO CPC40 BOL 50 KG,829.30,16.5859,ARS,REAL,,Importado desde db/sicons.xlsx - HOLCIM - CEMENTO CPC40 BOL 50 KG
2022-07-21,HOLCIM,0280-00140285,CEMENTO CPC40 BOL 50 KG,829.30,16.5859,ARS,REAL,,Importado desde db/sicons.xlsx - HOLCIM - CEMENTO CPC40 BOL 50 KG
2022-07-21,HOLCIM,0280-00140286,CEMENTO CPC40 BOL 50 KG,829.30,16.5859,ARS,REAL,,Importado desde db/sicons.xlsx - HOLCIM - CEMENTO CPC40 BOL 50 KG
2022-07-21,HOLCIM,0280-00140287,CEMENTO CPC40 BOL 50 KG,829.30,16.5859,ARS,REAL,,Importado desde db/sicons.xlsx - HOLCIM - CEMENTO CPC40 BOL 50 KG
2022-07-22,HOLCIM,0280-00140336,CEMENTO CPC40 BOL 50 KG,829.30,16.5859,ARS,REAL,,Importado desde db/sicons.xlsx - HOLCIM - CEMENTO CPC40 BOL 50 KG
2022-07-22,HOLCIM,0280-00140337,CEMENTO CPC40 BOL 50 KG,829.30,16.5859,ARS,REAL,,Importado desde db/sicons.xlsx - HOLCIM - CEMENTO CPC40 BOL 50 KG
2022-07-22,HOLCIM,0280-00140338,CEMENTO CPC40 BOL 50 KG,829.30,16.5859,ARS,REAL,,Importado desde db/sicons.xlsx - HOLCIM - CEMENTO CPC40 BOL 50 KG
2022-07-22,HOLCIM,0280-00140339,CEMENTO CPC40 BOL 50 KG,829.30,16.5859,ARS,REAL,,Importado desde db/sicons.xlsx - HOLCIM - CEMENTO CPC40 BOL 50 KG
2022-07-23,HOLCIM,0280-00140346,CEMENTO CPC40 BOL 50 KG,829.30,16.5859,ARS,REAL,,Importado desde db/sicons.xlsx - HOLCIM - CEMENTO CPC40 BOL 50 KG
2022-07-23,HOLCIM,0280-00140347,CEMENTO CPC40 BOL 50 KG,829.30,16.5859,ARS,REAL,,Importado desde db/sicons.xlsx - HOLCIM - CEMENTO CPC40 BOL 50 KG
2022-07-26,HOLCIM,0280-00140423,CEMENTO CPC40 BOL 50 KG,829.30,16.5859,ARS,REAL,,Importado desde db/sicons.xlsx - HOLCIM - CEMENTO CPC40 BOL 50 KG
2022-07-26,HOLCIM,0280-00140424,CEMENTO CPC40 BOL 50 KG,829.30,16.5859,ARS,REAL,,Importado desde db/sicons.xlsx - HOLCIM - CEMENTO CPC40 BOL 50 KG
2022-07-26,HOLCIM,0280-00140425,CEMENTO CPC40 BOL 50 KG,829.30,16.5859,ARS,REAL,,Importado desde db/sicons.xlsx - HOLCIM - CEMENTO CPC40 BOL 50 KG
2022-07-27,HOLCIM,0280-00140466,CEMENTO CPC40 BOL 50 KG,829.30,16.5859,ARS,REAL,,Importado desde db/sicons.xlsx - HOLCIM - CEMENTO CPC40 BOL 50 KG
2022-07-27,HOLCIM,0280-00140467,CEMENTO CPC40 BOL 50 KG,829.30,16.5859,ARS,REAL,,Importado desde db/sicons.xlsx - HOLCIM - CEMENTO CPC40 BOL 50 KG
2022-07-27,HOLCIM,0280-00140468,CEMENTO CPC40 BOL 50 KG,829.30,16.5859,ARS,REAL,,Importado desde db/sicons.xlsx - HOLCIM - CEMENTO CPC40 BOL 50 KG
2022-07-27,HOLCIM,0280-00140469,CEMENTO CPC40 BOL 50 KG,829.30,16.5859,ARS,REAL,,Importado desde db/sicons.xlsx - HOLCIM - CEMENTO CPC40 BOL 50 KG
2022-07-27,HOLCIM,0280-00140470,CEMENTO CPC40 BOL 50 KG,829.30,16.5859,ARS,REAL,,Importado desde db/sicons.xlsx - HOLCIM - CEMENTO CPC40 BOL 50 KG
2022-07-28,HOLCIM,0280-00140540,CEMENTO CPC40 BOL 50 KG,829.30,16.5859,ARS,REAL,,Importado desde db/sicons.xlsx - HOLCIM - CEMENTO CPC40 BOL 50 KG
2022-07-28,HOLCIM,0280-00140541,CEMENTO CPC40 BOL 50 KG,829.30,16.5859,ARS,REAL,,Importado desde db/sicons.xlsx - HOLCIM - CEMENTO CPC40 BOL 50 KG
2022-07-28,HOLCIM,0280-00140542,CEMENTO CPC40 BOL 50 KG,829.30,16.5859,ARS,REAL,,Importado desde db/sicons.xlsx - HOLCIM - CEMENTO CPC40 BOL 50 KG
2022-07-28,HOLCIM,0280-00140543,CEMENTO CPC40 BOL 50 KG,829.30,16.5859,ARS,REAL,,Importado desde db/sicons.xlsx - HOLCIM - CEMENTO CPC40 BOL 50 KG
2022-07-30,HOLCIM,0280-00140569,CEMENTO CPC40 BOL 50 KG,829.30,16.5859,ARS,REAL,,Importado desde db/sicons.xlsx - HOLCIM - CEMENTO CPC40 BOL 50 KG
2022-07-30,HOLCIM,0280-00140573,CEMENTO CPC40 BOL 50 KG,829.30,16.5859,ARS,REAL,,Importado desde db/sicons.xlsx - HOLCIM - CEMENTO CPC40 BOL 50 KG
2022-07-30,HOLCIM,0280-00140608,CEMENTO CPC40 BOL 50 KG,829.30,16.5859,ARS,REAL,,Importado desde db/sicons.xlsx - HOLCIM - CEMENTO CPC40 BOL 50 KG
2022-07-30,HOLCIM,0280-00140609,CEMENTO CPC40 BOL 50 KG,829.30,16.5859,ARS,REAL,,Importado desde db/sicons.xlsx - HOLCIM - CEMENTO CPC40 BOL 50 KG
2022-08-01,HOLCIM,0280-00140648,CEMENTO CPC40 BOL 50 KG,829.30,16.5859,ARS,REAL,,Importado desde db/sicons.xlsx - HOLCIM - CEMENTO CPC40 BOL 50 KG
2022-08-01,HOLCIM,0280-00140649,CEMENTO CPC40 BOL 50 KG,829.30,16.5859,ARS,REAL,,Importado desde db/sicons.xlsx - HOLCIM - CEMENTO CPC40 BOL 50 KG
2022-08-01,HOLCIM,0280-00140650,CEMENTO CPC40 BOL 50 KG,829.30,16.5859,ARS,REAL,,Importado desde db/sicons.xlsx - HOLCIM - CEMENTO CPC40 BOL 50 KG
2022-08-01,HOLCIM,0280-00140651,CEMENTO CPC40 BOL 50 KG,829.30,16.5859,ARS,REAL,,Importado desde db/sicons.xlsx - HOLCIM - CEMENTO CPC40 BOL 50 KG
2022-08-01,HOLCIM,0280-00140652,CEMENTO CPC40 BOL 50 KG,829.30,16.5859,ARS,REAL,,Importado desde db/sicons.xlsx - HOLCIM - CEMENTO CPC40 BOL 50 KG
2022-08-01,HOLCIM,0280-00140653,CEMENTO CPC40 BOL 50 KG,829.30,16.5859,ARS,REAL,,Importado desde db/sicons.xlsx - HOLCIM - CEMENTO CPC40 BOL 50 KG
2022-08-02,HOLCIM,0280-00140716,CEMENTO CPC40 BOL 50 KG,829.30,16.5859,ARS,REAL,,Importado desde db/sicons.xlsx - HOLCIM - CEMENTO CPC40 BOL 50 KG
2022-08-02,HOLCIM,0280-00140717,CEMENTO CPC40 BOL 50 KG,829.30,16.5859,ARS,REAL,,Importado desde db/sicons.xlsx - HOLCIM - CEMENTO CPC40 BOL 50 KG
2022-08-02,HOLCIM,0280-00140718,CEMENTO CPC40 BOL 50 KG,829.30,16.5859,ARS,REAL,,Importado desde db/sicons.xlsx - HOLCIM - CEMENTO CPC40 BOL 50 KG
2022-08-03,HOLCIM,0280-00140738,CEMENTO CPC40 BOL 50 KG,829.30,16.5859,ARS,REAL,,Importado desde db/sicons.xlsx - HOLCIM - CEMENTO CPC40 BOL 50 KG
2022-08-03,HOLCIM,0280-00140739,CEMENTO CPC40 BOL 50 KG,829.30,16.5859,ARS,REAL,,Importado desde db/sicons.xlsx - HOLCIM - CEMENTO CPC40 BOL 50 KG
2022-08-03,HOLCIM,0280-00140740,CEMENTO CPC40 BOL 50 KG,829.30,16.5859,ARS,REAL,,Importado desde db/sicons.xlsx - HOLCIM - CEMENTO CPC40 BOL 50 KG
2022-08-03,HOLCIM,0280-00140741,CEMENTO CPC40 BOL 50 KG,829.30,16.5859,ARS,REAL,,Importado desde db/sicons.xlsx - HOLCIM - CEMENTO CPC40 BOL 50 KG
2022-08-04,HOLCIM,0280-00140797,CEMENTO CPC40 BOL 50 KG,829.30,16.5859,ARS,REAL,,Importado desde db/sicons.xlsx - HOLCIM - CEMENTO CPC40 BOL 50 KG
2022-08-04,HOLCIM,0280-00140798,CEMENTO CPC40 BOL 50 KG,829.30,16.5859,ARS,REAL,,Importado desde db/sicons.xlsx - HOLCIM - CEMENTO CPC40 BOL 50 KG
2022-08-04,HOLCIM,0280-00140799,CEMENTO CPC40 BOL 50 KG,829.30,16.5859,ARS,REAL,,Importado desde db/sicons.xlsx - HOLCIM - CEMENTO CPC40 BOL 50 KG
2022-08-04,HOLCIM,0280-00140800,CEMENTO CPC40 BOL 50 KG,829.30,16.5859,ARS,REAL,,Importado desde db/sicons.xlsx - HOLCIM - CEMENTO CPC40 BOL 50 KG
2022-08-04,HOLCIM,0280-00140801,CEMENTO CPC40 BOL 50 KG,829.30,16.5859,ARS,REAL,,Importado desde db/sicons.xlsx - HOLCIM - CEMENTO CPC40 BOL 50 KG
2022-08-04,HOLCIM,0280-00140802,CEMENTO CPC40 BOL 50 KG,829.30,16.5859,ARS,REAL,,Importado desde db/sicons.xlsx - HOLCIM - CEMENTO CPC40 BOL 50 KG
2022-08-05,HOLCIM,0280-00140832,CEMENTO CPC40 BOL 50 KG,829.30,16.5859,ARS,REAL,,Importado desde db/sicons.xlsx - HOLCIM - CEMENTO CPC40 BOL 50 KG
2022-08-05,HOLCIM,0280-00140833,CEMENTO CPC40 BOL 50 KG,829.30,16.5859,ARS,REAL,,Importado desde db/sicons.xlsx - HOLCIM - CEMENTO CPC40 BOL 50 KG
2022-08-05,HOLCIM,0280-00140834,CEMENTO CPC40 BOL 50 KG,829.30,16.5859,ARS,REAL,,Importado desde db/sicons.xlsx - HOLCIM - CEMENTO CPC40 BOL 50 KG
2022-08-06,HOLCIM,0280-00140863,CEMENTO CPC40 BOL 50 KG,829.30,16.5859,ARS,REAL,,Importado desde db/sicons.xlsx - HOLCIM - CEMENTO CPC40 BOL 50 KG
2022-08-06,HOLCIM,0280-00140864,CEMENTO CPC40 BOL 50 KG,829.30,16.5859,ARS,REAL,,Importado desde db/sicons.xlsx - HOLCIM - CEMENTO CPC40 BOL 50 KG
2022-08-12,HOLCIM,0280-00141046,CEMENTO CPC40 BOL 50 KG,887.35,17.7469,ARS,REAL,,Importado desde db/sicons.xlsx - HOLCIM - CEMENTO CPC40 BOL 50 KG
2022-08-12,HOLCIM,0280-00141047,CEMENTO CPC40 BOL 50 KG,887.35,17.7469,ARS,REAL,,Importado desde db/sicons.xlsx - HOLCIM - CEMENTO CPC40 BOL 50 KG
2022-08-13,HOLCIM,0280-00141080,CEMENTO CPC40 BOL 50 KG,887.35,17.7469,ARS,REAL,,Importado desde db/sicons.xlsx - HOLCIM - CEMENTO CPC40 BOL 50 KG
2022-08-16,HOLCIM,0280-00141155,CEMENTO CPC40 BOL 50 KG,887.35,17.7469,ARS,REAL,,Importado desde db/sicons.xlsx - HOLCIM - CEMENTO CPC40 BOL 50 KG
2022-08-16,HOLCIM,0280-00141156,CEMENTO CPC40 BOL 50 KG,887.35,17.7469,ARS,REAL,,Importado desde db/sicons.xlsx - HOLCIM - CEMENTO CPC40 BOL 50 KG
2022-08-17,HOLCIM,0280-00141180,CEMENTO CPC40 BOL 50 KG,887.35,17.7469,ARS,REAL,,Importado desde db/sicons.xlsx - HOLCIM - CEMENTO CPC40 BOL 50 KG
2022-08-17,HOLCIM,0280-00141181,CEMENTO CPC40 BOL 50 KG,887.35,17.7469,ARS,REAL,,Importado desde db/sicons.xlsx - HOLCIM - CEMENTO CPC40 BOL 50 KG
2022-08-17,HOLCIM,0280-00141182,CEMENTO CPC40 BOL 50 KG,887.35,17.7469,ARS,REAL,,Importado desde db/sicons.xlsx - HOLCIM - CEMENTO CPC40 BOL 50 KG
2022-08-18,HOLCIM,0280-00141207,CEMENTO CPC40 BOL 50 KG,887.35,17.7469,ARS,REAL,,Importado desde db/sicons.xlsx - HOLCIM - CEMENTO CPC40 BOL 50 KG
2022-08-18,HOLCIM,0280-00141208,CEMENTO CPC40 BOL 50 KG,887.35,17.7469,ARS,REAL,,Importado desde db/sicons.xlsx - HOLCIM - CEMENTO CPC40 BOL 50 KG
2022-08-18,HOLCIM,0280-00141209,CEMENTO CPC40 BOL 50 KG,887.35,17.7469,ARS,REAL,,Importado desde db/sicons.xlsx - HOLCIM - CEMENTO CPC40 BOL 50 KG
2022-08-18,HOLCIM,0280-00141210,CEMENTO CPC40 BOL 50 KG,887.35,17.7469,ARS,REAL,,Importado desde db/sicons.xlsx - HOLCIM - CEMENTO CPC40 BOL 50 KG
2022-08-19,HOLCIM,0280-00141245,CEMENTO CPC40 BOL 50 KG,887.35,17.7469,ARS,REAL,,Importado desde db/sicons.xlsx - HOLCIM - CEMENTO CPC40 BOL 50 KG
2022-08-19,HOLCIM,0280-00141246,CEMENTO CPC40 BOL 50 KG,887.35,17.7469,ARS,REAL,,Importado desde db/sicons.xlsx - HOLCIM - CEMENTO CPC40 BOL 50 KG
2022-08-19,HOLCIM,0280-00141247,CEMENTO CPC40 BOL 50 KG,887.35,17.7469,ARS,REAL,,Importado desde db/sicons.xlsx - HOLCIM - CEMENTO CPC40 BOL 50 KG
2022-08-19,HOLCIM,0280-00141248,CEMENTO CPC40 BOL 50 KG,887.35,17.7469,ARS,REAL,,Importado desde db/sicons.xlsx - HOLCIM - CEMENTO CPC40 BOL 50 KG
2022-08-20,HOLCIM,0280-00141285,CEMENTO CPC40 BOL 50 KG,887.35,17.7469,ARS,REAL,,Importado desde db/sicons.xlsx - HOLCIM - CEMENTO CPC40 BOL 50 KG
2022-08-20,HOLCIM,0280-00141286,CEMENTO CPC40 BOL 50 KG,887.35,17.7469,ARS,REAL,,Importado desde db/sicons.xlsx - HOLCIM - CEMENTO CPC40 BOL 50 KG
2022-08-22,HOLCIM,0280-00141346,CEMENTO CPC40 BOL 50 KG,887.35,17.7469,ARS,REAL,,Importado desde db/sicons.xlsx - HOLCIM - CEMENTO CPC40 BOL 50 KG
2022-08-22,HOLCIM,0280-00141347,CEMENTO CPC40 BOL 50 KG,887.35,17.7469,ARS,REAL,,Importado desde db/sicons.xlsx - HOLCIM - CEMENTO CPC40 BOL 50 KG
2022-08-22,HOLCIM,0280-00141348,CEMENTO CPC40 BOL 50 KG,887.35,17.7469,ARS,REAL,,Importado desde db/sicons.xlsx - HOLCIM - CEMENTO CPC40 BOL 50 KG
2022-08-22,HOLCIM,0280-00141349,CEMENTO CPC40 BOL 50 KG,887.35,17.7469,ARS,REAL,,Importado desde db/sicons.xlsx - HOLCIM - CEMENTO CPC40 BOL 50 KG
2022-08-23,HOLCIM,0280-00141375,CEMENTO CPC40 BOL 50 KG,887.35,17.7469,ARS,REAL,,Importado desde db/sicons.xlsx - HOLCIM - CEMENTO CPC40 BOL 50 KG
2022-08-23,HOLCIM,0280-00141376,CEMENTO CPC40 BOL 50 KG,887.35,17.7469,ARS,REAL,,Importado desde db/sicons.xlsx - HOLCIM - CEMENTO CPC40 BOL 50 KG
2022-08-23,HOLCIM,0280-00141377,CEMENTO CPC40 BOL 50 KG,887.35,17.7469,ARS,REAL,,Importado desde db/sicons.xlsx - HOLCIM - CEMENTO CPC40 BOL 50 KG
2022-08-23,HOLCIM,0280-00141378,CEMENTO CPC40 BOL 50 KG,887.35,17.7469,ARS,REAL,,Importado desde db/sicons.xlsx - HOLCIM - CEMENTO CPC40 BOL 50 KG
2022-08-24,HOLCIM,0280-00141427,CEMENTO CPC40 BOL 50 KG,887.35,17.7469,ARS,REAL,,Importado desde db/sicons.xlsx - HOLCIM - CEMENTO CPC40 BOL 50 KG
2022-08-24,HOLCIM,0280-00141428,CEMENTO CPC40 BOL 50 KG,887.35,17.7469,ARS,REAL,,Importado desde db/sicons.xlsx - HOLCIM - CEMENTO CPC40 BOL 50 KG
2022-08-25,HOLCIM,0280-00141465,CEMENTO CPC40 BOL 50 KG,887.35,17.7469,ARS,REAL,,Importado desde db/sicons.xlsx - HOLCIM - CEMENTO CPC40 BOL 50 KG
2022-08-26,HOLCIM,0280-00141514,CEMENTO CPC40 BOL 50 KG,887.35,17.7469,ARS,REAL,,Importado desde db/sicons.xlsx - HOLCIM - CEMENTO CPC40 BOL 50 KG
2022-08-26,HOLCIM,0280-00141515,CEMENTO CPC40 BOL 50 KG,887.35,17.7469,ARS,REAL,,Importado desde db/sicons.xlsx - HOLCIM - CEMENTO CPC40 BOL 50 KG
2022-08-26,HOLCIM,0280-00141516,CEMENTO CPC40 BOL 50 KG,887.35,17.7469,ARS,REAL,,Importado desde db/sicons.xlsx - HOLCIM - CEMENTO CPC40 BOL 50 KG
2022-08-27,HOLCIM,0280-00141531,CEMENTO CPC40 BOL 50 KG,887.35,17.7469,ARS,REAL,,Importado desde db/sicons.xlsx - HOLCIM - CEMENTO CPC40 BOL 50 KG
2022-08-27,HOLCIM,0280-00141532,CEMENTO CPC40 BOL 50 KG,887.35,17.7469,ARS,REAL,,Importado desde db/sicons.xlsx - HOLCIM - CEMENTO CPC40 BOL 50 KG
2022-08-30,HOLCIM,0280-00141619,CEMENTO CPC40 BOL 50 KG,887.35,17.7469,ARS,REAL,,Importado desde db/sicons.xlsx - HOLCIM - CEMENTO CPC40 BOL 50 KG
2022-08-30,HOLCIM,0280-00141620,CEMENTO CPC40 BOL 50 KG,887.35,17.7469,ARS,REAL,,Importado desde db/sicons.xlsx - HOLCIM - CEMENTO CPC40 BOL 50 KG
2022-08-30,HOLCIM,0280-00141621,CEMENTO CPC40 BOL 50 KG,887.35,17.7469,ARS,REAL,,Importado desde db/sicons.xlsx - HOLCIM - CEMENTO CPC40 BOL 50 KG
2022-08-31,HOLCIM,0280-00141724,CEMENTO CPC40 BOL 50 KG,887.35,17.7469,ARS,REAL,,Importado desde db/sicons.xlsx - HOLCIM - CEMENTO CPC40 BOL 50 KG
2022-08-31,HOLCIM,0280-00141725,CEMENTO CPC40 BOL 50 KG,887.35,17.7469,ARS,REAL,,Importado desde db/sicons.xlsx - HOLCIM - CEMENTO CPC40 BOL 50 KG
2022-08-31,HOLCIM,0280-00141726,CEMENTO CPC40 BOL 50 KG,887.35,17.7469,ARS,REAL,,Importado desde db/sicons.xlsx - HOLCIM - CEMENTO CPC40 BOL 50 KG
2022-08-31,HOLCIM,0280-00141731,CEMENTO CPC40 BOL 50 KG,887.35,17.7469,ARS,REAL,,Importado desde db/sicons.xlsx - HOLCIM - CEMENTO CPC40 BOL 50 KG
2022-09-01,HOLCIM,0280-00141794,CEMENTO CPC40 BOL 50 KG,887.35,17.7469,ARS,REAL,,Importado desde db/sicons.xlsx - HOLCIM - CEMENTO CPC40 BOL 50 KG
2022-09-01,HOLCIM,0280-00141797,CEMENTO CPC40 BOL 50 KG,887.35,17.7469,ARS,REAL,,Importado desde db/sicons.xlsx - HOLCIM - CEMENTO CPC40 BOL 50 KG
2022-09-01,HOLCIM,0280-00141798,CEMENTO CPC40 BOL 50 KG,887.35,17.7469,ARS,REAL,,Importado desde db/sicons.xlsx - HOLCIM - CEMENTO CPC40 BOL 50 KG
2022-09-01,HOLCIM,0280-00141799,CEMENTO CPC40 BOL 50 KG,887.35,17.7469,ARS,REAL,,Importado desde db/sicons.xlsx - HOLCIM - CEMENTO CPC40 BOL 50 KG
2022-09-01,HOLCIM,0280-00141800,CEMENTO CPC40 BOL 50 KG,887.35,17.7469,ARS,REAL,,Importado desde db/sicons.xlsx - HOLCIM - CEMENTO CPC40 BOL 50 KG
2022-09-01,HOLCIM,0280-00141801,CEMENTO CPC40 BOL 50 KG,887.35,17.7469,ARS,REAL,,Importado desde db/sicons.xlsx - HOLCIM - CEMENTO CPC40 BOL 50 KG
2022-09-02,HOLCIM,0280-00141823,CEMENTO CPC40 BOL 50 KG,948.57,18.9715,ARS,REAL,,Importado desde db/sicons.xlsx - HOLCIM - CEMENTO CPC40 BOL 50 KG
2022-09-02,HOLCIM,0280-00141824,CEMENTO CPC40 BOL 50 KG,948.57,18.9715,ARS,REAL,,Importado desde db/sicons.xlsx - HOLCIM - CEMENTO CPC40 BOL 50 KG
2022-09-05,HOLCIM,0280-00141880,CEMENTO CPC40 BOL 50 KG,948.57,18.9715,ARS,REAL,,Importado desde db/sicons.xlsx - HOLCIM - CEMENTO CPC40 BOL 50 KG
2022-09-05,HOLCIM,0280-00141881,CEMENTO CPC40 BOL 50 KG,948.57,18.9715,ARS,REAL,,Importado desde db/sicons.xlsx - HOLCIM - CEMENTO CPC40 BOL 50 KG
2022-09-06,HOLCIM,0280-00141919,CEMENTO CPC40 BOL 50 KG,948.57,18.9715,ARS,REAL,,Importado desde db/sicons.xlsx - HOLCIM - CEMENTO CPC40 BOL 50 KG
2022-09-06,HOLCIM,0280-00141920,CEMENTO CPC40 BOL 50 KG,948.57,18.9715,ARS,REAL,,Importado desde db/sicons.xlsx - HOLCIM - CEMENTO CPC40 BOL 50 KG
2022-09-06,HOLCIM,0280-00141921,CEMENTO CPC40 BOL 50 KG,948.57,18.9715,ARS,REAL,,Importado desde db/sicons.xlsx - HOLCIM - CEMENTO CPC40 BOL 50 KG
2022-09-06,HOLCIM,0280-00141922,CEMENTO CPC40 BOL 50 KG,948.57,18.9715,ARS,REAL,,Importado desde db/sicons.xlsx - HOLCIM - CEMENTO CPC40 BOL 50 KG
2022-09-07,HOLCIM,0280-00141972,CEMENTO CPC40 BOL 50 KG,948.57,18.9715,ARS,REAL,,Importado desde db/sicons.xlsx - HOLCIM - CEMENTO CPC40 BOL 50 KG
2022-09-07,HOLCIM,0280-00141973,CEMENTO CPC40 BOL 50 KG,948.57,18.9715,ARS,REAL,,Importado desde db/sicons.xlsx - HOLCIM - CEMENTO CPC40 BOL 50 KG
2022-09-07,HOLCIM,0280-00141974,CEMENTO CPC40 BOL 50 KG,948.57,18.9715,ARS,REAL,,Importado desde db/sicons.xlsx - HOLCIM - CEMENTO CPC40 BOL 50 KG
2022-09-08,HOLCIM,0280-00142016,CEMENTO CPC40 BOL 50 KG,948.57,18.9715,ARS,REAL,,Importado desde db/sicons.xlsx - HOLCIM - CEMENTO CPC40 BOL 50 KG
2022-09-08,HOLCIM,0280-00142017,CEMENTO CPC40 BOL 50 KG,948.57,18.9715,ARS,REAL,,Importado desde db/sicons.xlsx - HOLCIM - CEMENTO CPC40 BOL 50 KG
2022-09-09,HOLCIM,0280-00142065,CEMENTO CPC40 BOL 50 KG,948.57,18.9715,ARS,REAL,,Importado desde db/sicons.xlsx - HOLCIM - CEMENTO CPC40 BOL 50 KG
2022-09-09,HOLCIM,0280-00142066,CEMENTO CPC40 BOL 50 KG,948.57,18.9715,ARS,REAL,,Importado desde db/sicons.xlsx - HOLCIM - CEMENTO CPC40 BOL 50 KG
2022-09-09,HOLCIM,0280-00142067,CEMENTO CPC40 BOL 50 KG,948.57,18.9715,ARS,REAL,,Importado desde db/sicons.xlsx - HOLCIM - CEMENTO CPC40 BOL 50 KG
2022-09-10,HOLCIM,0280-00142090,CEMENTO CPC40 BOL 50 KG,948.57,18.9715,ARS,REAL,,Importado desde db/sicons.xlsx - HOLCIM - CEMENTO CPC40 BOL 50 KG
2022-09-10,HOLCIM,0280-00142091,CEMENTO CPC40 BOL 50 KG,948.57,18.9715,ARS,REAL,,Importado desde db/sicons.xlsx - HOLCIM - CEMENTO CPC40 BOL 50 KG
2022-09-12,HOLCIM,0280-00142136,CEMENTO CPC40 BOL 50 KG,948.57,18.9715,ARS,REAL,,Importado desde db/sicons.xlsx - HOLCIM - CEMENTO CPC40 BOL 50 KG
2022-09-12,HOLCIM,0280-00142137,CEMENTO CPC40 BOL 50 KG,948.57,18.9715,ARS,REAL,,Importado desde db/sicons.xlsx - HOLCIM - CEMENTO CPC40 BOL 50 KG
2022-09-12,HOLCIM,0280-00142138,CEMENTO CPC40 BOL 50 KG,948.57,18.9715,ARS,REAL,,Importado desde db/sicons.xlsx - HOLCIM - CEMENTO CPC40 BOL 50 KG
2022-09-12,HOLCIM,0280-00142139,CEMENTO CPC40 BOL 50 KG,948.57,18.9715,ARS,REAL,,Importado desde db/sicons.xlsx - HOLCIM - CEMENTO CPC40 BOL 50 KG
2022-09-13,HOLCIM,0280-00142185,CEMENTO CPC40 BOL 50 KG,948.57,18.9715,ARS,REAL,,Importado desde db/sicons.xlsx - HOLCIM - CEMENTO CPC40 BOL 50 KG
2022-09-13,HOLCIM,0280-00142186,CEMENTO CPC40 BOL 50 KG,948.57,18.9715,ARS,REAL,,Importado desde db/sicons.xlsx - HOLCIM - CEMENTO CPC40 BOL 50 KG
2022-09-13,HOLCIM,0280-00142187,CEMENTO CPC40 BOL 50 KG,948.57,18.9715,ARS,REAL,,Importado desde db/sicons.xlsx - HOLCIM - CEMENTO CPC40 BOL 50 KG
2022-09-13,HOLCIM,0280-00142188,CEMENTO CPC40 BOL 50 KG,948.57,18.9715,ARS,REAL,,Importado desde db/sicons.xlsx - HOLCIM - CEMENTO CPC40 BOL 50 KG
2022-09-14,HOLCIM,0280-00142239,CEMENTO CPC40 BOL 50 KG,948.57,18.9715,ARS,REAL,,Importado desde db/sicons.xlsx - HOLCIM - CEMENTO CPC40 BOL 50 KG
2022-09-15,HOLCIM,0280-00142291,CEMENTO CPC40 BOL 50 KG,948.57,18.9715,ARS,REAL,,Importado desde db/sicons.xlsx - HOLCIM - CEMENTO CPC40 BOL 50 KG
2022-09-15,HOLCIM,0280-00142292,CEMENTO CPC40 BOL 50 KG,948.57,18.9715,ARS,REAL,,Importado desde db/sicons.xlsx - HOLCIM - CEMENTO CPC40 BOL 50 KG
2022-09-16,HOLCIM,0280-00142320,CEMENTO CPC40 BOL 50 KG,948.57,18.9715,ARS,REAL,,Importado desde db/sicons.xlsx - HOLCIM - CEMENTO CPC40 BOL 50 KG
2022-09-16,HOLCIM,0280-00142321,CEMENTO CPC40 BOL 50 KG,948.57,18.9715,ARS,REAL,,Importado desde db/sicons.xlsx - HOLCIM - CEMENTO CPC40 BOL 50 KG
2022-09-16,HOLCIM,0280-00142322,CEMENTO CPC40 BOL 50 KG,948.57,18.9715,ARS,REAL,,Importado desde db/sicons.xlsx - HOLCIM - CEMENTO CPC40 BOL 50 KG
2022-09-17,HOLCIM,0280-00142337,CEMENTO CPC40 BOL 50 KG,948.57,18.9715,ARS,REAL,,Importado desde db/sicons.xlsx - HOLCIM - CEMENTO CPC40 BOL 50 KG
2022-09-19,HOLCIM,0280-00142385,CEMENTO CPC40 BOL 50 KG,948.57,18.9715,ARS,REAL,,Importado desde db/sicons.xlsx - HOLCIM - CEMENTO CPC40 BOL 50 KG
2022-09-19,HOLCIM,0280-00142386,CEMENTO CPC40 BOL 50 KG,948.57,18.9715,ARS,REAL,,Importado desde db/sicons.xlsx - HOLCIM - CEMENTO CPC40 BOL 50 KG
2022-09-20,HOLCIM,0280-00142426,CEMENTO CPC40 BOL 50 KG,948.57,18.9715,ARS,REAL,,Importado desde db/sicons.xlsx - HOLCIM - CEMENTO CPC40 BOL 50 KG
2022-09-20,HOLCIM,0280-00142427,CEMENTO CPC40 BOL 50 KG,948.57,18.9715,ARS,REAL,,Importado desde db/sicons.xlsx - HOLCIM - CEMENTO CPC40 BOL 50 KG
2022-09-20,HOLCIM,0280-00142428,CEMENTO CPC40 BOL 50 KG,948.57,18.9715,ARS,REAL,,Importado desde db/sicons.xlsx - HOLCIM - CEMENTO CPC40 BOL 50 KG
2022-09-21,HOLCIM,0280-00142477,CEMENTO CPC40 BOL 50 KG,948.57,18.9715,ARS,REAL,,Importado desde db/sicons.xlsx - HOLCIM - CEMENTO CPC40 BOL 50 KG
2022-09-21,HOLCIM,0280-00142478,CEMENTO CPC40 BOL 50 KG,948.57,18.9715,ARS,REAL,,Importado desde db/sicons.xlsx - HOLCIM - CEMENTO CPC40 BOL 50 KG
2022-09-22,HOLCIM,0280-00142516,CEMENTO CPC40 BOL 50 KG,948.57,18.9715,ARS,REAL,,Importado desde db/sicons.xlsx - HOLCIM - CEMENTO CPC40 BOL 50 KG
2022-09-22,HOLCIM,0280-00142517,CEMENTO CPC40 BOL 50 KG,948.57,18.9715,ARS,REAL,,Importado desde db/sicons.xlsx - HOLCIM - CEMENTO CPC40 BOL 50 KG
2022-09-22,HOLCIM,0280-00142518,CEMENTO CPC40 BOL 50 KG,948.57,18.9715,ARS,REAL,,Importado desde db/sicons.xlsx - HOLCIM - CEMENTO CPC40 BOL 50 KG
2022-09-22,HOLCIM,0280-00142519,CEMENTO CPC40 BOL 50 KG,948.57,18.9715,ARS,REAL,,Importado desde db/sicons.xlsx - HOLCIM - CEMENTO CPC40 BOL 50 KG
2022-09-23,HOLCIM,0280-00142577,CEMENTO CPC40 BOL 50 KG,948.57,18.9715,ARS,REAL,,Importado desde db/sicons.xlsx - HOLCIM - CEMENTO CPC40 BOL 50 KG
2022-09-23,HOLCIM,0280-00142578,CEMENTO CPC40 BOL 50 KG,948.57,18.9715,ARS,REAL,,Importado desde db/sicons.xlsx - HOLCIM - CEMENTO CPC40 BOL 50 KG
2022-09-23,HOLCIM,0280-00142579,CEMENTO CPC40 BOL 50 KG,948.57,18.9715,ARS,REAL,,Importado desde db/sicons.xlsx - HOLCIM - CEMENTO CPC40 BOL 50 KG
2022-09-23,HOLCIM,0280-00142580,CEMENTO CPC40 BOL 50 KG,948.57,18.9715,ARS,REAL,,Importado desde db/sicons.xlsx - HOLCIM - CEMENTO CPC40 BOL 50 KG
2022-09-24,HOLCIM,0280-00142593,CEMENTO CPC40 BOL 50 KG,948.57,18.9715,ARS,REAL,,Importado desde db/sicons.xlsx - HOLCIM - CEMENTO CPC40 BOL 50 KG
2022-09-24,HOLCIM,0280-00142594,CEMENTO CPC40 BOL 50 KG,948.57,18.9715,ARS,REAL,,Importado desde db/sicons.xlsx - HOLCIM - CEMENTO CPC40 BOL 50 KG
2022-09-27,HOLCIM,0280-00142682,CEMENTO CPC40 BOL 50 KG,948.57,18.9715,ARS,REAL,,Importado desde db/sicons.xlsx - HOLCIM - CEMENTO CPC40 BOL 50 KG
2022-09-27,HOLCIM,0280-00142683,CEMENTO CPC40 BOL 50 KG,948.57,18.9715,ARS,REAL,,Importado desde db/sicons.xlsx - HOLCIM - CEMENTO CPC40 BOL 50 KG
2022-09-28,HOLCIM,0280-00142728,CEMENTO CPC40 BOL 50 KG,948.57,18.9715,ARS,REAL,,Importado desde db/sicons.xlsx - HOLCIM - CEMENTO CPC40 BOL 50 KG
2022-09-28,HOLCIM,0280-00142729,CEMENTO CPC40 BOL 50 KG,948.57,18.9715,ARS,REAL,,Importado desde db/sicons.xlsx - HOLCIM - CEMENTO CPC40 BOL 50 KG
2022-09-29,HOLCIM,0280-00142773,CEMENTO CPC40 BOL 50 KG,1014.97,20.2993,ARS,REAL,,Importado desde db/sicons.xlsx - HOLCIM - CEMENTO CPC40 BOL 50 KG
2022-09-29,HOLCIM,0280-00142774,CEMENTO CPC40 BOL 50 KG,1014.97,20.2993,ARS,REAL,,Importado desde db/sicons.xlsx - HOLCIM - CEMENTO CPC40 BOL 50 KG
2022-09-29,HOLCIM,0280-00142775,CEMENTO CPC40 BOL 50 KG,1014.97,20.2993,ARS,REAL,,Importado desde db/sicons.xlsx - HOLCIM - CEMENTO CPC40 BOL 50 KG
2022-10-03,HOLCIM,0280-00142881,CEMENTO CPC40 BOL 50 KG,1014.97,20.2993,ARS,REAL,,Importado desde db/sicons.xlsx - HOLCIM - CEMENTO CPC40 BOL 50 KG
2022-10-03,HOLCIM,0280-00142886,CEMENTO CPC40 BOL 50 KG,1014.97,20.2993,ARS,REAL,,Importado desde db/sicons.xlsx - HOLCIM - CEMENTO CPC40 BOL 50 KG
2022-10-03,HOLCIM,0280-00142887,CEMENTO CPC40 BOL 50 KG,1014.97,20.2993,ARS,REAL,,Importado desde db/sicons.xlsx - HOLCIM - CEMENTO CPC40 BOL 50 KG
2022-10-04,HOLCIM,0280-00142918,CEMENTO CPC40 BOL 50 KG,1014.97,20.2993,ARS,REAL,,Importado desde db/sicons.xlsx - HOLCIM - CEMENTO CPC40 BOL 50 KG
2022-10-04,HOLCIM,0280-00142919,CEMENTO CPC40 BOL 50 KG,1014.97,20.2993,ARS,REAL,,Importado desde db/sicons.xlsx - HOLCIM - CEMENTO CPC40 BOL 50 KG
2022-10-04,HOLCIM,0280-00142920,CEMENTO CPC40 BOL 50 KG,1014.97,20.2993,ARS,REAL,,Importado desde db/sicons.xlsx - HOLCIM - CEMENTO CPC40 BOL 50 KG
2022-10-05,HOLCIM,0280-00142960,CEMENTO CPC40 BOL 50 KG,1014.97,20.2993,ARS,REAL,,Importado desde db/sicons.xlsx - HOLCIM - CEMENTO CPC40 BOL 50 KG
2022-10-05,HOLCIM,0280-00142961,CEMENTO CPC40 BOL 50 KG,1014.97,20.2993,ARS,REAL,,Importado desde db/sicons.xlsx - HOLCIM - CEMENTO CPC40 BOL 50 KG
2022-10-05,HOLCIM,0280-00142962,CEMENTO CPC40 BOL 50 KG,1014.97,20.2993,ARS,REAL,,Importado desde db/sicons.xlsx - HOLCIM - CEMENTO CPC40 BOL 50 KG
2022-10-06,HOLCIM,0280-00142999,CEMENTO CPC40 BOL 50 KG,1014.97,20.2993,ARS,REAL,,Importado desde db/sicons.xlsx - HOLCIM - CEMENTO CPC40 BOL 50 KG
2022-10-06,HOLCIM,0280-00143000,CEMENTO CPC40 BOL 50 KG,1014.97,20.2993,ARS,REAL,,Importado desde db/sicons.xlsx - HOLCIM - CEMENTO CPC40 BOL 50 KG
2022-10-06,HOLCIM,0280-00143001,CEMENTO CPC40 BOL 50 KG,1014.97,20.2993,ARS,REAL,,Importado desde db/sicons.xlsx - HOLCIM - CEMENTO CPC40 BOL 50 KG
2022-10-06,HOLCIM,0280-00143002,CEMENTO CPC40 BOL 50 KG,1014.97,20.2993,ARS,REAL,,Importado desde db/sicons.xlsx - HOLCIM - CEMENTO CPC40 BOL 50 KG
2022-10-08,HOLCIM,0280-00143034,CEMENTO CPC40 BOL 50 KG,1014.97,20.2993,ARS,REAL,,Importado desde db/sicons.xlsx - HOLCIM - CEMENTO CPC40 BOL 50 KG
2022-10-11,HOLCIM,0280-00143098,CEMENTO CPC40 BOL 50 KG,1014.97,20.2993,ARS,REAL,,Importado desde db/sicons.xlsx - HOLCIM - CEMENTO CPC40 BOL 50 KG
2022-10-11,HOLCIM,0280-00143099,CEMENTO CPC40 BOL 50 KG,1014.97,20.2993,ARS,REAL,,Importado desde db/sicons.xlsx - HOLCIM - CEMENTO CPC40 BOL 50 KG
2022-10-11,HOLCIM,0280-00143100,CEMENTO CPC40 BOL 50 KG,1014.97,20.2993,ARS,REAL,,Importado desde db/sicons.xlsx - HOLCIM - CEMENTO CPC40 BOL 50 KG
2022-10-12,HOLCIM,0280-00143124,CEMENTO CPC40 BOL 50 KG,1014.97,20.2993,ARS,REAL,,Importado desde db/sicons.xlsx - HOLCIM - CEMENTO CPC40 BOL 50 KG
2022-10-12,HOLCIM,0280-00143125,CEMENTO CPC40 BOL 50 KG,1014.97,20.2993,ARS,REAL,,Importado desde db/sicons.xlsx - HOLCIM - CEMENTO CPC40 BOL 50 KG
2022-10-12,HOLCIM,0280-00143126,CEMENTO CPC40 BOL 50 KG,1014.97,20.2993,ARS,REAL,,Importado desde db/sicons.xlsx - HOLCIM - CEMENTO CPC40 BOL 50 KG
2022-10-12,HOLCIM,0280-00143127,CEMENTO CPC40 BOL 50 KG,1014.97,20.2993,ARS,REAL,,Importado desde db/sicons.xlsx - HOLCIM - CEMENTO CPC40 BOL 50 KG
2022-10-13,HOLCIM,0280-00143158,CEMENTO CPC40 BOL 50 KG,1014.97,20.2993,ARS,REAL,,Importado desde db/sicons.xlsx - HOLCIM - CEMENTO CPC40 BOL 50 KG
2022-10-13,HOLCIM,0280-00143159,CEMENTO CPC40 BOL 50 KG,1014.97,20.2993,ARS,REAL,,Importado desde db/sicons.xlsx - HOLCIM - CEMENTO CPC40 BOL 50 KG
2022-10-13,HOLCIM,0280-00143160,CEMENTO CPC40 BOL 50 KG,1014.97,20.2993,ARS,REAL,,Importado desde db/sicons.xlsx - HOLCIM - CEMENTO CPC40 BOL 50 KG
2022-10-13,HOLCIM,0280-00143161,CEMENTO CPC40 BOL 50 KG,1014.97,20.2993,ARS,REAL,,Importado desde db/sicons.xlsx - HOLCIM - CEMENTO CPC40 BOL 50 KG
2022-10-13,HOLCIM,0280-00143162,CEMENTO CPC40 BOL 50 KG,1014.97,20.2993,ARS,REAL,,Importado desde db/sicons.xlsx - HOLCIM - CEMENTO CPC40 BOL 50 KG
2022-10-15,HOLCIM,0280-00143201,CEMENTO CPC40 BOL 50 KG,1014.97,20.2993,ARS,REAL,,Importado desde db/sicons.xlsx - HOLCIM - CEMENTO CPC40 BOL 50 KG
2022-10-15,HOLCIM,0280-00143202,CEMENTO CPC40 BOL 50 KG,1014.97,20.2993,ARS,REAL,,Importado desde db/sicons.xlsx - HOLCIM - CEMENTO CPC40 BOL 50 KG
2022-10-15,HOLCIM,0280-00143203,CEMENTO CPC40 BOL 50 KG,1014.97,20.2993,ARS,REAL,,Importado desde db/sicons.xlsx - HOLCIM - CEMENTO CPC40 BOL 50 KG
2022-10-15,HOLCIM,0280-00143204,CEMENTO CPC40 BOL 50 KG,1014.97,20.2993,ARS,REAL,,Importado desde db/sicons.xlsx - HOLCIM - CEMENTO CPC40 BOL 50 KG
2022-10-17,HOLCIM,0280-00143276,CEMENTO CPC40 BOL 50 KG,1014.97,20.2993,ARS,REAL,,Importado desde db/sicons.xlsx - HOLCIM - CEMENTO CPC40 BOL 50 KG
2022-10-17,HOLCIM,0280-00143277,CEMENTO CPC40 BOL 50 KG,1014.97,20.2993,ARS,REAL,,Importado desde db/sicons.xlsx - HOLCIM - CEMENTO CPC40 BOL 50 KG
2022-10-17,HOLCIM,0280-00143278,CEMENTO CPC40 BOL 50 KG,1014.97,20.2993,ARS,REAL,,Importado desde db/sicons.xlsx - HOLCIM - CEMENTO CPC40 BOL 50 KG
2022-10-17,HOLCIM,0280-00143279,CEMENTO CPC40 BOL 50 KG,1014.97,20.2993,ARS,REAL,,Importado desde db/sicons.xlsx - HOLCIM - CEMENTO CPC40 BOL 50 KG
2022-10-17,HOLCIM,0280-00143280,CEMENTO CPC40 BOL 50 KG,1014.97,20.2993,ARS,REAL,,Importado desde db/sicons.xlsx - HOLCIM - CEMENTO CPC40 BOL 50 KG
2022-10-17,HOLCIM,0280-00143281,CEMENTO CPC40 BOL 50 KG,1014.97,20.2993,ARS,REAL,,Importado desde db/sicons.xlsx - HOLCIM - CEMENTO CPC40 BOL 50 KG
2022-10-18,HOLCIM,0280-00143316,CEMENTO CPC40 BOL 50 KG,1014.97,20.2993,ARS,REAL,,Importado desde db/sicons.xlsx - HOLCIM - CEMENTO CPC40 BOL 50 KG
2022-10-18,HOLCIM,0280-00143317,CEMENTO CPC40 BOL 50 KG,1014.97,20.2993,ARS,REAL,,Importado desde db/sicons.xlsx - HOLCIM - CEMENTO CPC40 BOL 50 KG
2022-10-18,HOLCIM,0280-00143318,CEMENTO CPC40 BOL 50 KG,1014.97,20.2993,ARS,REAL,,Importado desde db/sicons.xlsx - HOLCIM - CEMENTO CPC40 BOL 50 KG
2022-10-18,HOLCIM,0280-00143319,CEMENTO CPC40 BOL 50 KG,1014.97,20.2993,ARS,REAL,,Importado desde db/sicons.xlsx - HOLCIM - CEMENTO CPC40 BOL 50 KG
2022-10-19,HOLCIM,0280-00143385,CEMENTO CPC40 BOL 50 KG,1014.97,20.2993,ARS,REAL,,Importado desde db/sicons.xlsx - HOLCIM - CEMENTO CPC40 BOL 50 KG
2022-10-19,HOLCIM,0280-00143386,CEMENTO CPC40 BOL 50 KG,1014.97,20.2993,ARS,REAL,,Importado desde db/sicons.xlsx - HOLCIM - CEMENTO CPC40 BOL 50 KG
2022-10-19,HOLCIM,0280-00143387,CEMENTO CPC40 BOL 50 KG,1014.97,20.2993,ARS,REAL,,Importado desde db/sicons.xlsx - HOLCIM - CEMENTO CPC40 BOL 50 KG
2022-10-20,HOLCIM,0280-00143409,CEMENTO CPC40 BOL 50 KG,1014.97,20.2993,ARS,REAL,,Importado desde db/sicons.xlsx - HOLCIM - CEMENTO CPC40 BOL 50 KG
2022-10-20,HOLCIM,0280-00143410,CEMENTO CPC40 BOL 50 KG,1014.97,20.2993,ARS,REAL,,Importado desde db/sicons.xlsx - HOLCIM - CEMENTO CPC40 BOL 50 KG
2022-10-20,HOLCIM,0280-00143411,CEMENTO CPC40 BOL 50 KG,1014.97,20.2993,ARS,REAL,,Importado desde db/sicons.xlsx - HOLCIM - CEMENTO CPC40 BOL 50 KG
2022-10-20,HOLCIM,0280-00143412,CEMENTO CPC40 BOL 50 KG,1014.97,20.2993,ARS,REAL,,Importado desde db/sicons.xlsx - HOLCIM - CEMENTO CPC40 BOL 50 KG
2022-10-21,HOLCIM,0280-00143452,CEMENTO CPC40 BOL 50 KG,1014.97,20.2993,ARS,REAL,,Importado desde db/sicons.xlsx - HOLCIM - CEMENTO CPC40 BOL 50 KG
2022-10-21,HOLCIM,0280-00143453,CEMENTO CPC40 BOL 50 KG,1014.97,20.2993,ARS,REAL,,Importado desde db/sicons.xlsx - HOLCIM - CEMENTO CPC40 BOL 50 KG
2022-10-22,HOLCIM,0280-00143468,CEMENTO CPC40 BOL 50 KG,1014.97,20.2993,ARS,REAL,,Importado desde db/sicons.xlsx - HOLCIM - CEMENTO CPC40 BOL 50 KG
2022-10-24,HOLCIM,0280-00143529,CEMENTO CPC40 BOL 50 KG,1014.97,20.2993,ARS,REAL,,Importado desde db/sicons.xlsx - HOLCIM - CEMENTO CPC40 BOL 50 KG
2022-10-24,HOLCIM,0280-00143530,CEMENTO CPC40 BOL 50 KG,1014.97,20.2993,ARS,REAL,,Importado desde db/sicons.xlsx - HOLCIM - CEMENTO CPC40 BOL 50 KG
2022-10-24,HOLCIM,0280-00143531,CEMENTO CPC40 BOL 50 KG,1014.97,20.2993,ARS,REAL,,Importado desde db/sicons.xlsx - HOLCIM - CEMENTO CPC40 BOL 50 KG
2022-10-24,HOLCIM,0280-00143532,CEMENTO CPC40 BOL 50 KG,1014.97,20.2993,ARS,REAL,,Importado desde db/sicons.xlsx - HOLCIM - CEMENTO CPC40 BOL 50 KG
2022-10-25,HOLCIM,0280-00143578,CEMENTO CPC40 BOL 50 KG,1014.97,20.2993,ARS,REAL,,Importado desde db/sicons.xlsx - HOLCIM - CEMENTO CPC40 BOL 50 KG
2022-10-25,HOLCIM,0280-00143579,CEMENTO CPC40 BOL 50 KG,1014.97,20.2993,ARS,REAL,,Importado desde db/sicons.xlsx - HOLCIM - CEMENTO CPC40 BOL 50 KG
2022-10-25,HOLCIM,0280-00143580,CEMENTO CPC40 BOL 50 KG,1014.97,20.2993,ARS,REAL,,Importado desde db/sicons.xlsx - HOLCIM - CEMENTO CPC40 BOL 50 KG
2022-10-25,HOLCIM,0280-00143581,CEMENTO CPC40 BOL 50 KG,1014.97,20.2993,ARS,REAL,,Importado desde db/sicons.xlsx - HOLCIM - CEMENTO CPC40 BOL 50 KG
2022-10-26,HOLCIM,0280-00143614,CEMENTO CPC40 BOL 50 KG,1014.97,20.2993,ARS,REAL,,Importado desde db/sicons.xlsx - HOLCIM - CEMENTO CPC40 BOL 50 KG
2022-10-26,HOLCIM,0280-00143615,CEMENTO CPC40 BOL 50 KG,1014.97,20.2993,ARS,REAL,,Importado desde db/sicons.xlsx - HOLCIM - CEMENTO CPC40 BOL 50 KG
2022-10-26,HOLCIM,0280-00143616,CEMENTO CPC40 BOL 50 KG,1014.97,20.2993,ARS,REAL,,Importado desde db/sicons.xlsx - HOLCIM - CEMENTO CPC40 BOL 50 KG
2022-10-26,HOLCIM,0280-00143617,CEMENTO CPC40 BOL 50 KG,1014.97,20.2993,ARS,REAL,,Importado desde db/sicons.xlsx - HOLCIM - CEMENTO CPC40 BOL 50 KG
2022-10-27,HOLCIM,0280-00143662,CEMENTO CPC40 BOL 50 KG,1014.97,20.2993,ARS,REAL,,Importado desde db/sicons.xlsx - HOLCIM - CEMENTO CPC40 BOL 50 KG
2022-10-27,HOLCIM,0280-00143663,CEMENTO CPC40 BOL 50 KG,1014.97,20.2993,ARS,REAL,,Importado desde db/sicons.xlsx - HOLCIM - CEMENTO CPC40 BOL 50 KG
2022-10-27,HOLCIM,0280-00143664,CEMENTO CPC40 BOL 50 KG,1014.97,20.2993,ARS,REAL,,Importado desde db/sicons.xlsx - HOLCIM - CEMENTO CPC40 BOL 50 KG
2022-10-27,HOLCIM,0280-00143665,CEMENTO CPC40 BOL 50 KG,1014.97,20.2993,ARS,REAL,,Importado desde db/sicons.xlsx - HOLCIM - CEMENTO CPC40 BOL 50 KG
2022-10-28,HOLCIM,0280-00143727,CEMENTO CPC40 BOL 50 KG,1014.97,20.2993,ARS,REAL,,Importado desde db/sicons.xlsx - HOLCIM - CEMENTO CPC40 BOL 50 KG
2022-10-28,HOLCIM,0280-00143728,CEMENTO CPC40 BOL 50 KG,1014.97,20.2993,ARS,REAL,,Importado desde db/sicons.xlsx - HOLCIM - CEMENTO CPC40 BOL 50 KG
2022-11-05,HOLCIM,0280-00143917,CEMENTO CPC40 BOL 50 KG,1088.04,21.7609,ARS,REAL,,Importado desde db/sicons.xlsx - HOLCIM - CEMENTO CPC40 BOL 50 KG
2022-11-05,HOLCIM,0280-00143918,CEMENTO CPC40 BOL 50 KG,1088.04,21.7609,ARS,REAL,,Importado desde db/sicons.xlsx - HOLCIM - CEMENTO CPC40 BOL 50 KG
2022-11-07,HOLCIM,0280-00143955,CEMENTO CPC40 BOL 50 KG,1088.04,21.7609,ARS,REAL,,Importado desde db/sicons.xlsx - HOLCIM - CEMENTO CPC40 BOL 50 KG
2022-11-07,HOLCIM,0280-00143956,CEMENTO CPC40 BOL 50 KG,1088.04,21.7609,ARS,REAL,,Importado desde db/sicons.xlsx - HOLCIM - CEMENTO CPC40 BOL 50 KG
2022-11-07,HOLCIM,0280-00143957,CEMENTO CPC40 BOL 50 KG,1088.04,21.7609,ARS,REAL,,Importado desde db/sicons.xlsx - HOLCIM - CEMENTO CPC40 BOL 50 KG
2022-11-07,HOLCIM,0280-00143958,CEMENTO CPC40 BOL 50 KG,1088.04,21.7609,ARS,REAL,,Importado desde db/sicons.xlsx - HOLCIM - CEMENTO CPC40 BOL 50 KG
2022-11-08,HOLCIM,0280-00144012,CEMENTO CPC40 BOL 50 KG,1088.04,21.7609,ARS,REAL,,Importado desde db/sicons.xlsx - HOLCIM - CEMENTO CPC40 BOL 50 KG
2022-11-08,HOLCIM,0280-00144013,CEMENTO CPC40 BOL 50 KG,1088.04,21.7609,ARS,REAL,,Importado desde db/sicons.xlsx - HOLCIM - CEMENTO CPC40 BOL 50 KG
2022-11-08,HOLCIM,0280-00144014,CEMENTO CPC40 BOL 50 KG,1088.04,21.7609,ARS,REAL,,Importado desde db/sicons.xlsx - HOLCIM - CEMENTO CPC40 BOL 50 KG
2022-11-08,HOLCIM,0280-00144015,CEMENTO CPC40 BOL 50 KG,1088.04,21.7609,ARS,REAL,,Importado desde db/sicons.xlsx - HOLCIM - CEMENTO CPC40 BOL 50 KG
2022-11-08,HOLCIM,0280-00144016,CEMENTO CPC40 BOL 50 KG,1088.04,21.7609,ARS,REAL,,Importado desde db/sicons.xlsx - HOLCIM - CEMENTO CPC40 BOL 50 KG
2022-11-09,HOLCIM,0280-00144048,CEMENTO CPC40 BOL 50 KG,1088.04,21.7609,ARS,REAL,,Importado desde db/sicons.xlsx - HOLCIM - CEMENTO CPC40 BOL 50 KG
2022-11-09,HOLCIM,0280-00144049,CEMENTO CPC40 BOL 50 KG,1088.04,21.7609,ARS,REAL,,Importado desde db/sicons.xlsx - HOLCIM - CEMENTO CPC40 BOL 50 KG
2022-11-09,HOLCIM,0280-00144050,CEMENTO CPC40 BOL 50 KG,1088.04,21.7609,ARS,REAL,,Importado desde db/sicons.xlsx - HOLCIM - CEMENTO CPC40 BOL 50 KG
2022-11-10,HOLCIM,0280-00014408,CEMENTO CPC40 BOL 50 KG,1088.04,21.7609,ARS,REAL,,Importado desde db/sicons.xlsx - HOLCIM - CEMENTO CPC40 BOL 50 KG
2022-11-10,HOLCIM,0280-00144067,CEMENTO CPC40 BOL 50 KG,1088.04,21.7609,ARS,REAL,,Importado desde db/sicons.xlsx - HOLCIM - CEMENTO CPC40 BOL 50 KG
2022-11-10,HOLCIM,0280-00144069,CEMENTO CPC40 BOL 50 KG,1088.04,21.7609,ARS,REAL,,Importado desde db/sicons.xlsx - HOLCIM - CEMENTO CPC40 BOL 50 KG
2022-11-10,HOLCIM,0280-00144070,CEMENTO CPC40 BOL 50 KG,1088.04,21.7609,ARS,REAL,,Importado desde db/sicons.xlsx - HOLCIM - CEMENTO CPC40 BOL 50 KG
2022-11-11,HOLCIM,0280-00144109,CEMENTO CPC40 BOL 50 KG,1088.04,21.7609,ARS,REAL,,Importado desde db/sicons.xlsx - HOLCIM - CEMENTO CPC40 BOL 50 KG
2022-11-11,HOLCIM,0280-00144110,CEMENTO CPC40 BOL 50 KG,1088.04,21.7609,ARS,REAL,,Importado desde db/sicons.xlsx - HOLCIM - CEMENTO CPC40 BOL 50 KG
2022-11-11,HOLCIM,0280-00144111,CEMENTO CPC40 BOL 50 KG,1088.04,21.7609,ARS,REAL,,Importado desde db/sicons.xlsx - HOLCIM - CEMENTO CPC40 BOL 50 KG
2022-11-11,HOLCIM,0280-00144112,CEMENTO CPC40 BOL 50 KG,1088.04,21.7609,ARS,REAL,,Importado desde db/sicons.xlsx - HOLCIM - CEMENTO CPC40 BOL 50 KG
2022-11-12,HOLCIM,0280-00144137,CEMENTO CPC40 BOL 50 KG,1088.04,21.7609,ARS,REAL,,Importado desde db/sicons.xlsx - HOLCIM - CEMENTO CPC40 BOL 50 KG
2022-11-12,HOLCIM,0280-00144138,CEMENTO CPC40 BOL 50 KG,1088.04,21.7609,ARS,REAL,,Importado desde db/sicons.xlsx - HOLCIM - CEMENTO CPC40 BOL 50 KG
2022-11-14,HOLCIM,0280-00144187,CEMENTO CPC40 BOL 50 KG,1088.04,21.7609,ARS,REAL,,Importado desde db/sicons.xlsx - HOLCIM - CEMENTO CPC40 BOL 50 KG
2022-11-14,HOLCIM,0280-00144188,CEMENTO CPC40 BOL 50 KG,1088.04,21.7609,ARS,REAL,,Importado desde db/sicons.xlsx - HOLCIM - CEMENTO CPC40 BOL 50 KG
2022-11-14,HOLCIM,0280-00144189,CEMENTO CPC40 BOL 50 KG,1088.04,21.7609,ARS,REAL,,Importado desde db/sicons.xlsx - HOLCIM - CEMENTO CPC40 BOL 50 KG
2022-11-14,HOLCIM,0280-00144190,CEMENTO CPC40 BOL 50 KG,1088.04,21.7609,ARS,REAL,,Importado desde db/sicons.xlsx - HOLCIM - CEMENTO CPC40 BOL 50 KG
2022-11-15,HOLCIM,0280-00144222,CEMENTO CPC40 BOL 50 KG,1088.04,21.7609,ARS,REAL,,Importado desde db/sicons.xlsx - HOLCIM - CEMENTO CPC40 BOL 50 KG
2022-11-15,HOLCIM,0280-00144223,CEMENTO CPC40 BOL 50 KG,1088.04,21.7609,ARS,REAL,,Importado desde db/sicons.xlsx - HOLCIM - CEMENTO CPC40 BOL 50 KG
2022-11-15,HOLCIM,0280-00144224,CEMENTO CPC40 BOL 50 KG,1088.04,21.7609,ARS,REAL,,Importado desde db/sicons.xlsx - HOLCIM - CEMENTO CPC40 BOL 50 KG
2022-11-16,HOLCIM,0280-00144280,CEMENTO CPC40 BOL 50 KG,1088.04,21.7609,ARS,REAL,,Importado desde db/sicons.xlsx - HOLCIM - CEMENTO CPC40 BOL 50 KG
2022-11-17,HOLCIM,0280-00144308,CEMENTO CPC40 BOL 50 KG,1088.04,21.7609,ARS,REAL,,Importado desde db/sicons.xlsx - HOLCIM - CEMENTO CPC40 BOL 50 KG
2022-11-18,HOLCIM,0280-00144346,CEMENTO CPC40 BOL 50 KG,1088.04,21.7609,ARS,REAL,,Importado desde db/sicons.xlsx - HOLCIM - CEMENTO CPC40 BOL 50 KG
2022-11-19,HOLCIM,0280-00144354,CEMENTO CPC40 BOL 50 KG,1088.04,21.7609,ARS,REAL,,Importado desde db/sicons.xlsx - HOLCIM - CEMENTO CPC40 BOL 50 KG
2022-11-22,HOLCIM,0280-00144419,CEMENTO CPC40 BOL 50 KG,1088.04,21.7609,ARS,REAL,,Importado desde db/sicons.xlsx - HOLCIM - CEMENTO CPC40 BOL 50 KG
2022-11-23,HOLCIM,0280-00144434,CEMENTO CPC40 BOL 50 KG,1088.04,21.7609,ARS,REAL,,Importado desde db/sicons.xlsx - HOLCIM - CEMENTO CPC40 BOL 50 KG
2022-11-23,HOLCIM,0280-00144443,CEMENTO CPC40 BOL 50 KG,1088.04,21.7609,ARS,REAL,,Importado desde db/sicons.xlsx - HOLCIM - CEMENTO CPC40 BOL 50 KG
2022-11-24,HOLCIM,0280-00144446,CEMENTO CPC40 BOL 50 KG,1088.04,21.7609,ARS,REAL,,Importado desde db/sicons.xlsx - HOLCIM - CEMENTO CPC40 BOL 50 KG
2022-11-24,HOLCIM,0280-00144467,CEMENTO CPC40 BOL 50 KG,1088.04,21.7609,ARS,REAL,,Importado desde db/sicons.xlsx - HOLCIM - CEMENTO CPC40 BOL 50 KG
2022-11-24,HOLCIM,0280-00144468,CEMENTO CPC40 BOL 50 KG,1088.04,21.7609,ARS,REAL,,Importado desde db/sicons.xlsx - HOLCIM - CEMENTO CPC40 BOL 50 KG
2022-11-24,HOLCIM,0280-00144471,CEMENTO CPC40 BOL 50 KG,1088.04,21.7609,ARS,REAL,,Importado desde db/sicons.xlsx - HOLCIM - CEMENTO CPC40 BOL 50 KG
2022-11-25,HOLCIM,0280-00144530,CEMENTO CPC40 BOL 50 KG,1088.04,21.7609,ARS,REAL,,Importado desde db/sicons.xlsx - HOLCIM - CEMENTO CPC40 BOL 50 KG
2022-11-25,HOLCIM,0280-00144531,CEMENTO CPC40 BOL 50 KG,1088.04,21.7609,ARS,REAL,,Importado desde db/sicons.xlsx - HOLCIM - CEMENTO CPC40 BOL 50 KG
2022-11-25,HOLCIM,0280-00144532,CEMENTO CPC40 BOL 50 KG,1088.04,21.7609,ARS,REAL,,Importado desde db/sicons.xlsx - HOLCIM - CEMENTO CPC40 BOL 50 KG
2022-11-25,HOLCIM,0280-00144533,CEMENTO CPC40 BOL 50 KG,1088.04,21.7609,ARS,REAL,,Importado desde db/sicons.xlsx - HOLCIM - CEMENTO CPC40 BOL 50 KG
2022-11-26,HOLCIM,0280-00144537,CEMENTO CPC40 BOL 50 KG,1088.04,21.7609,ARS,REAL,,Importado desde db/sicons.xlsx - HOLCIM - CEMENTO CPC40 BOL 50 KG
2022-11-26,HOLCIM,0280-00144538,CEMENTO CPC40 BOL 50 KG,1088.04,21.7609,ARS,REAL,,Importado desde db/sicons.xlsx - HOLCIM - CEMENTO CPC40 BOL 50 KG
2022-11-28,HOLCIM,0280-00144582,CEMENTO CPC40 BOL 50 KG,1088.04,21.7609,ARS,REAL,,Importado desde db/sicons.xlsx - HOLCIM - CEMENTO CPC40 BOL 50 KG
2022-11-28,HOLCIM,0280-00144583,CEMENTO CPC40 BOL 50 KG,1088.04,21.7609,ARS,REAL,,Importado desde db/sicons.xlsx - HOLCIM - CEMENTO CPC40 BOL 50 KG
2022-11-28,HOLCIM,0280-00144584,CEMENTO CPC40 BOL 50 KG,1088.04,21.7609,ARS,REAL,,Importado desde db/sicons.xlsx - HOLCIM - CEMENTO CPC40 BOL 50 KG
2022-11-28,HOLCIM,0280-00144585,CEMENTO CPC40 BOL 50 KG,1088.04,21.7609,ARS,REAL,,Importado desde db/sicons.xlsx - HOLCIM - CEMENTO CPC40 BOL 50 KG
2022-11-29,HOLCIM,0280-00144620,CEMENTO CPC40 BOL 50 KG,1088.04,21.7609,ARS,REAL,,Importado desde db/sicons.xlsx - HOLCIM - CEMENTO CPC40 BOL 50 KG
2022-11-29,HOLCIM,0280-00144621,CEMENTO CPC40 BOL 50 KG,1088.04,21.7609,ARS,REAL,,Importado desde db/sicons.xlsx - HOLCIM - CEMENTO CPC40 BOL 50 KG
2022-11-29,HOLCIM,0280-00144622,CEMENTO CPC40 BOL 50 KG,1088.04,21.7609,ARS,REAL,,Importado desde db/sicons.xlsx - HOLCIM - CEMENTO CPC40 BOL 50 KG
2022-11-30,HOLCIM,0280-00144667,CEMENTO CPC40 BOL 50 KG,1088.04,21.7609,ARS,REAL,,Importado desde db/sicons.xlsx - HOLCIM - CEMENTO CPC40 BOL 50 KG
2022-12-01,HOLCIM,0280-00144725,CEMENTO CPC40 BOL 50 KG,1166.38,23.3277,ARS,REAL,,Importado desde db/sicons.xlsx - HOLCIM - CEMENTO CPC40 BOL 50 KG
2022-12-01,HOLCIM,0280-00144726,CEMENTO CPC40 BOL 50 KG,1166.38,23.3277,ARS,REAL,,Importado desde db/sicons.xlsx - HOLCIM - CEMENTO CPC40 BOL 50 KG
2022-12-01,HOLCIM,0280-00144727,CEMENTO CPC40 BOL 50 KG,1166.38,23.3277,ARS,REAL,,Importado desde db/sicons.xlsx - HOLCIM - CEMENTO CPC40 BOL 50 KG
2022-12-05,HOLCIM,0280-00144818,CEMENTO CPC40 BOL 50 KG,1166.38,23.3277,ARS,REAL,,Importado desde db/sicons.xlsx - HOLCIM - CEMENTO CPC40 BOL 50 KG
2022-12-05,HOLCIM,0280-00144819,CEMENTO CPC40 BOL 50 KG,1166.38,23.3277,ARS,REAL,,Importado desde db/sicons.xlsx - HOLCIM - CEMENTO CPC40 BOL 50 KG
2022-12-06,HOLCIM,0280-00144866,CEMENTO CPC40 BOL 50 KG,1166.38,23.3277,ARS,REAL,,Importado desde db/sicons.xlsx - HOLCIM - CEMENTO CPC40 BOL 50 KG
2022-12-07,HOLCIM,0280-00144885,CEMENTO CPC40 BOL 50 KG,1166.38,23.3277,ARS,REAL,,Importado desde db/sicons.xlsx - HOLCIM - CEMENTO CPC40 BOL 50 KG
2022-12-07,HOLCIM,0280-00144886,CEMENTO CPC40 BOL 50 KG,1166.38,23.3277,ARS,REAL,,Importado desde db/sicons.xlsx - HOLCIM - CEMENTO CPC40 BOL 50 KG
2022-12-07,HOLCIM,0280-00144887,CEMENTO CPC40 BOL 50 KG,1166.38,23.3277,ARS,REAL,,Importado desde db/sicons.xlsx - HOLCIM - CEMENTO CPC40 BOL 50 KG
2022-12-09,HOLCIM,0280-00144918,CEMENTO CPC40 BOL 50 KG,1166.38,23.3277,ARS,REAL,,Importado desde db/sicons.xlsx - HOLCIM - CEMENTO CPC40 BOL 50 KG
2022-12-10,HOLCIM,0280-00144924,CEMENTO CPC40 BOL 50 KG,1166.38,23.3277,ARS,REAL,,Importado desde db/sicons.xlsx - HOLCIM - CEMENTO CPC40 BOL 50 KG
2022-12-12,HOLCIM,0280-00144983,CEMENTO CPC40 BOL 50 KG,1166.38,23.3277,ARS,REAL,,Importado desde db/sicons.xlsx - HOLCIM - CEMENTO CPC40 BOL 50 KG
2022-12-12,HOLCIM,0280-00144984,CEMENTO CPC40 BOL 50 KG,1166.38,23.3277,ARS,REAL,,Importado desde db/sicons.xlsx - HOLCIM - CEMENTO CPC40 BOL 50 KG
2022-12-12,HOLCIM,0280-00144985,CEMENTO CPC40 BOL 50 KG,1166.38,23.3277,ARS,REAL,,Importado desde db/sicons.xlsx - HOLCIM - CEMENTO CPC40 BOL 50 KG
2022-12-12,HOLCIM,0280-00144986,CEMENTO CPC40 BOL 50 KG,1166.38,23.3277,ARS,REAL,,Importado desde db/sicons.xlsx - HOLCIM - CEMENTO CPC40 BOL 50 KG
2022-12-13,HOLCIM,0280-00144994,CEMENTO CPC40 BOL 50 KG,1166.38,23.3277,ARS,REAL,,Importado desde db/sicons.xlsx - HOLCIM - CEMENTO CPC40 BOL 50 KG
2022-12-13,HOLCIM,0280-00144995,CEMENTO CPC40 BOL 50 KG,1166.38,23.3277,ARS,REAL,,Importado desde db/sicons.xlsx - HOLCIM - CEMENTO CPC40 BOL 50 KG
2022-12-13,HOLCIM,0280-00144996,CEMENTO CPC40 BOL 50 KG,1166.38,23.3277,ARS,REAL,,Importado desde db/sicons.xlsx - HOLCIM - CEMENTO CPC40 BOL 50 KG
2022-12-14,HOLCIM,0280-00145030,CEMENTO CPC40 BOL 50 KG,1166.38,23.3277,ARS,REAL,,Importado desde db/sicons.xlsx - HOLCIM - CEMENTO CPC40 BOL 50 KG
2022-12-14,HOLCIM,0280-00145031,CEMENTO CPC40 BOL 50 KG,1166.38,23.3277,ARS,REAL,,Importado desde db/sicons.xlsx - HOLCIM - CEMENTO CPC40 BOL 50 KG
2022-12-14,HOLCIM,0280-00145032,CEMENTO CPC40 BOL 50 KG,1166.38,23.3277,ARS,REAL,,Importado desde db/sicons.xlsx - HOLCIM - CEMENTO CPC40 BOL 50 KG
2022-12-15,HOLCIM,0280-00145065,CEMENTO CPC40 BOL 50 KG,1166.38,23.3277,ARS,REAL,,Importado desde db/sicons.xlsx - HOLCIM - CEMENTO CPC40 BOL 50 KG
2022-12-15,HOLCIM,0280-00145066,CEMENTO CPC40 BOL 50 KG,1166.38,23.3277,ARS,REAL,,Importado desde db/sicons.xlsx - HOLCIM - CEMENTO CPC40 BOL 50 KG
2022-12-15,HOLCIM,0280-00145067,CEMENTO CPC40 BOL 50 KG,1166.38,23.3277,ARS,REAL,,Importado desde db/sicons.xlsx - HOLCIM - CEMENTO CPC40 BOL 50 KG
2022-12-15,HOLCIM,0280-00145068,CEMENTO CPC40 BOL 50 KG,1166.38,23.3277,ARS,REAL,,Importado desde db/sicons.xlsx - HOLCIM - CEMENTO CPC40 BOL 50 KG
2022-12-16,HOLCIM,0280-00145106,CEMENTO CPC40 BOL 50 KG,1166.38,23.3277,ARS,REAL,,Importado desde db/sicons.xlsx - HOLCIM - CEMENTO CPC40 BOL 50 KG
2022-12-16,HOLCIM,0280-00145107,CEMENTO CPC40 BOL 50 KG,1166.38,23.3277,ARS,REAL,,Importado desde db/sicons.xlsx - HOLCIM - CEMENTO CPC40 BOL 50 KG
2022-12-16,HOLCIM,0280-00145108,CEMENTO CPC40 BOL 50 KG,1166.38,23.3277,ARS,REAL,,Importado desde db/sicons.xlsx - HOLCIM - CEMENTO CPC40 BOL 50 KG
2022-12-16,HOLCIM,0280-00145109,CEMENTO CPC40 BOL 50 KG,1166.38,23.3277,ARS,REAL,,Importado desde db/sicons.xlsx - HOLCIM - CEMENTO CPC40 BOL 50 KG
2022-12-17,HOLCIM,0280-00145119,CEMENTO CPC40 BOL 50 KG,1166.38,23.3277,ARS,REAL,,Importado desde db/sicons.xlsx - HOLCIM - CEMENTO CPC40 BOL 50 KG
2022-12-19,HOLCIM,0280-00145176,CEMENTO CPC40 BOL 50 KG,1166.38,23.3277,ARS,REAL,,Importado desde db/sicons.xlsx - HOLCIM - CEMENTO CPC40 BOL 50 KG
2022-12-19,HOLCIM,0280-00145177,CEMENTO CPC40 BOL 50 KG,1166.38,23.3277,ARS,REAL,,Importado desde db/sicons.xlsx - HOLCIM - CEMENTO CPC40 BOL 50 KG
2022-12-19,HOLCIM,0280-00145178,CEMENTO CPC40 BOL 50 KG,1166.38,23.3277,ARS,REAL,,Importado desde db/sicons.xlsx - HOLCIM - CEMENTO CPC40 BOL 50 KG
2022-12-19,HOLCIM,0280-00145179,CEMENTO CPC40 BOL 50 KG,1166.38,23.3277,ARS,REAL,,Importado desde db/sicons.xlsx - HOLCIM - CEMENTO CPC40 BOL 50 KG
2022-12-20,HOLCIM,0280-00145216,CEMENTO CPC40 BOL 50 KG,1166.38,23.3277,ARS,REAL,,Importado desde db/sicons.xlsx - HOLCIM - CEMENTO CPC40 BOL 50 KG
2022-12-20,HOLCIM,0280-00145217,CEMENTO CPC40 BOL 50 KG,1166.38,23.3277,ARS,REAL,,Importado desde db/sicons.xlsx - HOLCIM - CEMENTO CPC40 BOL 50 KG
2022-12-20,HOLCIM,0280-00145218,CEMENTO CPC40 BOL 50 KG,1166.38,23.3277,ARS,REAL,,Importado desde db/sicons.xlsx - HOLCIM - CEMENTO CPC40 BOL 50 KG
2022-12-21,HOLCIM,0280-00145251,CEMENTO CPC40 BOL 50 KG,1232.87,24.6574,ARS,REAL,,Importado desde db/sicons.xlsx - HOLCIM - CEMENTO CPC40 BOL 50 KG
2022-12-21,HOLCIM,0280-00145252,CEMENTO CPC40 BOL 50 KG,1232.87,24.6574,ARS,REAL,,Importado desde db/sicons.xlsx - HOLCIM - CEMENTO CPC40 BOL 50 KG
2022-12-22,HOLCIM,0280-00145276,CEMENTO CPC40 BOL 50 KG,1232.87,24.6574,ARS,REAL,,Importado desde db/sicons.xlsx - HOLCIM - CEMENTO CPC40 BOL 50 KG
2022-12-22,HOLCIM,0280-00145277,CEMENTO CPC40 BOL 50 KG,1232.87,24.6574,ARS,REAL,,Importado desde db/sicons.xlsx - HOLCIM - CEMENTO CPC40 BOL 50 KG
2022-12-23,HOLCIM,0280-00145297,CEMENTO CPC40 BOL 50 KG,1232.87,24.6574,ARS,REAL,,Importado desde db/sicons.xlsx - HOLCIM - CEMENTO CPC40 BOL 50 KG
2022-12-24,HOLCIM,0280-00145309,CEMENTO CPC40 BOL 50 KG,1232.87,24.6574,ARS,REAL,,Importado desde db/sicons.xlsx - HOLCIM - CEMENTO CPC40 BOL 50 KG
2022-12-26,HOLCIM,0280-00145322,CEMENTO CPC40 BOL 50 KG,1232.87,24.6574,ARS,REAL,,Importado desde db/sicons.xlsx - HOLCIM - CEMENTO CPC40 BOL 50 KG
2022-12-26,HOLCIM,0280-00145323,CEMENTO CPC40 BOL 50 KG,1232.87,24.6574,ARS,REAL,,Importado desde db/sicons.xlsx - HOLCIM - CEMENTO CPC40 BOL 50 KG
2022-12-26,HOLCIM,0280-00145324,CEMENTO CPC40 BOL 50 KG,1232.87,24.6574,ARS,REAL,,Importado desde db/sicons.xlsx - HOLCIM - CEMENTO CPC40 BOL 50 KG
2022-12-26,HOLCIM,0280-00145325,CEMENTO CPC40 BOL 50 KG,1232.87,24.6574,ARS,REAL,,Importado desde db/sicons.xlsx - HOLCIM - CEMENTO CPC40 BOL 50 KG
2022-12-27,HOLCIM,0280-00145338,CEMENTO CPC40 BOL 50 KG,1232.87,24.6574,ARS,REAL,,Importado desde db/sicons.xlsx - HOLCIM - CEMENTO CPC40 BOL 50 KG
2022-12-27,HOLCIM,0280-00145339,CEMENTO CPC40 BOL 50 KG,1232.87,24.6574,ARS,REAL,,Importado desde db/sicons.xlsx - HOLCIM - CEMENTO CPC40 BOL 50 KG
2022-12-27,HOLCIM,0280-00145340,CEMENTO CPC40 BOL 50 KG,1232.87,24.6574,ARS,REAL,,Importado desde db/sicons.xlsx - HOLCIM - CEMENTO CPC40 BOL 50 KG
2022-12-27,HOLCIM,0280-00145341,CEMENTO CPC40 BOL 50 KG,1232.87,24.6574,ARS,REAL,,Importado desde db/sicons.xlsx - HOLCIM - CEMENTO CPC40 BOL 50 KG
2023-01-03,HOLCIM,0280-00145508,CEMENTO CPC40 BOL 50 KG,1232.87,24.6574,ARS,REAL,,Importado desde db/sicons.xlsx - HOLCIM - CEMENTO CPC40 BOL 50 KG
2023-01-06,HOLCIM,0280-00145559,CEMENTO CPC40 BOL 50 KG,1232.87,24.6574,ARS,REAL,,Importado desde db/sicons.xlsx - HOLCIM - CEMENTO CPC40 BOL 50 KG
2023-01-06,HOLCIM,0280-00145560,CEMENTO CPC40 BOL 50 KG,1232.87,24.6574,ARS,REAL,,Importado desde db/sicons.xlsx - HOLCIM - CEMENTO CPC40 BOL 50 KG
2023-01-07,HOLCIM,0280-00145593,CEMENTO CPC40 BOL 50 KG,1232.87,24.6574,ARS,REAL,,Importado desde db/sicons.xlsx - HOLCIM - CEMENTO CPC40 BOL 50 KG
2023-01-07,HOLCIM,0280-00145594,CEMENTO CPC40 BOL 50 KG,1232.87,24.6574,ARS,REAL,,Importado desde db/sicons.xlsx - HOLCIM - CEMENTO CPC40 BOL 50 KG
2023-01-09,HOLCIM,0280-00145636,CEMENTO CPC40 BOL 50 KG,1232.87,24.6574,ARS,REAL,,Importado desde db/sicons.xlsx - HOLCIM - CEMENTO CPC40 BOL 50 KG
2023-01-09,HOLCIM,0280-00145637,CEMENTO CPC40 BOL 50 KG,1232.87,24.6574,ARS,REAL,,Importado desde db/sicons.xlsx - HOLCIM - CEMENTO CPC40 BOL 50 KG
2023-01-10,HOLCIM,0280-00145656,CEMENTO CPC40 BOL 50 KG,1232.87,24.6574,ARS,REAL,,Importado desde db/sicons.xlsx - HOLCIM - CEMENTO CPC40 BOL 50 KG
2023-01-10,HOLCIM,0280-00145657,CEMENTO CPC40 BOL 50 KG,1232.87,24.6574,ARS,REAL,,Importado desde db/sicons.xlsx - HOLCIM - CEMENTO CPC40 BOL 50 KG
2023-01-24,HOLCIM,0280-00146041,CEMENTO CPC40 BOL 50 KG,1232.87,24.6574,ARS,REAL,,Importado desde db/sicons.xlsx - HOLCIM - CEMENTO CPC40 BOL 50 KG
2023-01-24,HOLCIM,0280-00146042,CEMENTO CPC40 BOL 50 KG,1232.87,24.6574,ARS,REAL,,Importado desde db/sicons.xlsx - HOLCIM - CEMENTO CPC40 BOL 50 KG
2023-01-25,HOLCIM,0280-00146104,CEMENTO CPC40 BOL 50 KG,1232.87,24.6574,ARS,REAL,,Importado desde db/sicons.xlsx - HOLCIM - CEMENTO CPC40 BOL 50 KG
2023-01-25,HOLCIM,0280-00146105,CEMENTO CPC40 BOL 50 KG,1232.87,24.6574,ARS,REAL,,Importado desde db/sicons.xlsx - HOLCIM - CEMENTO CPC40 BOL 50 KG
2023-01-26,HOLCIM,0280-00146119,CEMENTO CPC40 BOL 50 KG,1234.08,24.6816,ARS,REAL,,Importado desde db/sicons.xlsx - HOLCIM - CEMENTO CPC40 BOL 50 KG
2023-01-26,HOLCIM,0280-00146120,CEMENTO CPC40 BOL 50 KG,1232.87,24.6574,ARS,REAL,,Importado desde db/sicons.xlsx - HOLCIM - CEMENTO CPC40 BOL 50 KG
2023-01-27,HOLCIM,0280-00146150,CEMENTO CPC40 BOL 50 KG,1234.08,24.6816,ARS,REAL,,Importado desde db/sicons.xlsx - HOLCIM - CEMENTO CPC40 BOL 50 KG
2023-01-27,HOLCIM,0280-00146151,CEMENTO CPC40 BOL 50 KG,1234.08,24.6816,ARS,REAL,,Importado desde db/sicons.xlsx - HOLCIM - CEMENTO CPC40 BOL 50 KG
2023-01-28,HOLCIM,0280-00146184,CEMENTO CPC40 BOL 50 KG,1232.87,24.6574,ARS,REAL,,Importado desde db/sicons.xlsx - HOLCIM - CEMENTO CPC40 BOL 50 KG
2023-01-30,HOLCIM,0280-00146253,CEMENTO CPC40 BOL 50 KG,1232.87,24.6574,ARS,REAL,,Importado desde db/sicons.xlsx - HOLCIM - CEMENTO CPC40 BOL 50 KG
2023-01-30,HOLCIM,0280-00146254,CEMENTO CPC40 BOL 50 KG,1232.87,24.6574,ARS,REAL,,Importado desde db/sicons.xlsx - HOLCIM - CEMENTO CPC40 BOL 50 KG
2023-01-30,HOLCIM,0280-00146255,CEMENTO CPC40 BOL 50 KG,1232.87,24.6574,ARS,REAL,,Importado desde db/sicons.xlsx - HOLCIM - CEMENTO CPC40 BOL 50 KG
2023-01-30,HOLCIM,0280-00146256,CEMENTO CPC40 BOL 50 KG,1232.87,24.6574,ARS,REAL,,Importado desde db/sicons.xlsx - HOLCIM - CEMENTO CPC40 BOL 50 KG
2023-01-30,HOLCIM,0280-00146257,CEMENTO CPC40 BOL 50 KG,1232.87,24.6574,ARS,REAL,,Importado desde db/sicons.xlsx - HOLCIM - CEMENTO CPC40 BOL 50 KG
2023-01-31,HOLCIM,0280-00146288,CEMENTO CPC40 BOL 50 KG,1232.87,24.6574,ARS,REAL,,Importado desde db/sicons.xlsx - HOLCIM - CEMENTO CPC40 BOL 50 KG
2023-01-31,HOLCIM,0280-00146311,CEMENTO CPC40 BOL 50 KG,1232.87,24.6574,ARS,REAL,,Importado desde db/sicons.xlsx - HOLCIM - CEMENTO CPC40 BOL 50 KG
2023-01-31,HOLCIM,0280-00146312,CEMENTO CPC40 BOL 50 KG,1232.87,24.6574,ARS,REAL,,Importado desde db/sicons.xlsx - HOLCIM - CEMENTO CPC40 BOL 50 KG
2023-01-31,HOLCIM,0280-00146313,CEMENTO CPC40 BOL 50 KG,1232.87,24.6574,ARS,REAL,,Importado desde db/sicons.xlsx - HOLCIM - CEMENTO CPC40 BOL 50 KG
2023-01-31,HOLCIM,0280-00146314,CEMENTO CPC40 BOL 50 KG,1232.87,24.6574,ARS,REAL,,Importado desde db/sicons.xlsx - HOLCIM - CEMENTO CPC40 BOL 50 KG
2023-02-01,HOLCIM,0280-00146362,CEMENTO CPC40 BOL 50 KG,1295.74,25.9149,ARS,REAL,,Importado desde db/sicons.xlsx - HOLCIM - CEMENTO CPC40 BOL 50 KG
2023-02-01,HOLCIM,0280-00146363,CEMENTO CPC40 BOL 50 KG,1295.74,25.9149,ARS,REAL,,Importado desde db/sicons.xlsx - HOLCIM - CEMENTO CPC40 BOL 50 KG
2023-02-02,HOLCIM,0280-00146377,CEMENTO CPC40 BOL 50 KG,1295.74,25.9149,ARS,REAL,,Importado desde db/sicons.xlsx - HOLCIM - CEMENTO CPC40 BOL 50 KG
2023-02-06,HOLCIM,0280-00146468,CEMENTO CPC40 BOL 50 KG,1295.74,25.9149,ARS,REAL,,Importado desde db/sicons.xlsx - HOLCIM - CEMENTO CPC40 BOL 50 KG
2023-02-06,HOLCIM,0280-00146469,CEMENTO CPC40 BOL 50 KG,1295.74,25.9149,ARS,REAL,,Importado desde db/sicons.xlsx - HOLCIM - CEMENTO CPC40 BOL 50 KG
2023-02-07,HOLCIM,0280-00146488,CEMENTO CPC40 BOL 50 KG,1295.74,25.9149,ARS,REAL,,Importado desde db/sicons.xlsx - HOLCIM - CEMENTO CPC40 BOL 50 KG
2023-02-07,HOLCIM,0280-00146489,CEMENTO CPC40 BOL 50 KG,1295.74,25.9149,ARS,REAL,,Importado desde db/sicons.xlsx - HOLCIM - CEMENTO CPC40 BOL 50 KG
2023-02-09,HOLCIM,0280-00146551,CEMENTO CPC40 BOL 50 KG,1295.74,25.9149,ARS,REAL,,Importado desde db/sicons.xlsx - HOLCIM - CEMENTO CPC40 BOL 50 KG
2023-02-09,HOLCIM,0280-00146552,CEMENTO CPC40 BOL 50 KG,1295.74,25.9149,ARS,REAL,,Importado desde db/sicons.xlsx - HOLCIM - CEMENTO CPC40 BOL 50 KG
2023-02-10,HOLCIM,0280-00146580,CEMENTO CPC40 BOL 50 KG,1295.74,25.9149,ARS,REAL,,Importado desde db/sicons.xlsx - HOLCIM - CEMENTO CPC40 BOL 50 KG
2023-02-10,HOLCIM,0280-00146581,CEMENTO CPC40 BOL 50 KG,1295.74,25.9149,ARS,REAL,,Importado desde db/sicons.xlsx - HOLCIM - CEMENTO CPC40 BOL 50 KG
2023-02-11,HOLCIM,0280-00146611,CEMENTO CPC40 BOL 50 KG,1295.74,25.9149,ARS,REAL,,Importado desde db/sicons.xlsx - HOLCIM - CEMENTO CPC40 BOL 50 KG
2023-02-11,HOLCIM,0280-00146612,CEMENTO CPC40 BOL 50 KG,1295.74,25.9149,ARS,REAL,,Importado desde db/sicons.xlsx - HOLCIM - CEMENTO CPC40 BOL 50 KG
2023-02-13,HOLCIM,0280-00146672,CEMENTO CPC40 BOL 50 KG,1295.74,25.9149,ARS,REAL,,Importado desde db/sicons.xlsx - HOLCIM - CEMENTO CPC40 BOL 50 KG
2023-02-13,HOLCIM,0280-00146673,CEMENTO CPC40 BOL 50 KG,1295.74,25.9149,ARS,REAL,,Importado desde db/sicons.xlsx - HOLCIM - CEMENTO CPC40 BOL 50 KG
2023-02-15,HOLCIM,0280-00146737,CEMENTO CPC40 BOL 50 KG,1295.74,25.9149,ARS,REAL,,Importado desde db/sicons.xlsx - HOLCIM - CEMENTO CPC40 BOL 50 KG
2023-02-16,HOLCIM,0280-00146749,CEMENTO CPC40 BOL 50 KG,1295.74,25.9149,ARS,REAL,,Importado desde db/sicons.xlsx - HOLCIM - CEMENTO CPC40 BOL 50 KG
2023-02-16,HOLCIM,0280-00146766,CEMENTO CPC40 BOL 50 KG,1295.74,25.9149,ARS,REAL,,Importado desde db/sicons.xlsx - HOLCIM - CEMENTO CPC40 BOL 50 KG
2023-02-16,HOLCIM,0280-00146767,CEMENTO CPC40 BOL 50 KG,1295.74,25.9149,ARS,REAL,,Importado desde db/sicons.xlsx - HOLCIM - CEMENTO CPC40 BOL 50 KG
2023-02-17,HOLCIM,0280-00146786,CEMENTO CPC40 BOL 50 KG,1295.74,25.9149,ARS,REAL,,Importado desde db/sicons.xlsx - HOLCIM - CEMENTO CPC40 BOL 50 KG
2023-02-17,HOLCIM,0280-00146787,CEMENTO CPC40 BOL 50 KG,1295.74,25.9149,ARS,REAL,,Importado desde db/sicons.xlsx - HOLCIM - CEMENTO CPC40 BOL 50 KG
2023-02-22,HOLCIM,0280-00146881,CEMENTO CPC40 BOL 50 KG,1295.74,25.9149,ARS,REAL,,Importado desde db/sicons.xlsx - HOLCIM - CEMENTO CPC40 BOL 50 KG
2023-02-23,HOLCIM,0280-00146904,CEMENTO CPC40 BOL 50 KG,1295.74,25.9149,ARS,REAL,,Importado desde db/sicons.xlsx - HOLCIM - CEMENTO CPC40 BOL 50 KG
2023-02-23,HOLCIM,0280-00146905,CEMENTO CPC40 BOL 50 KG,1295.74,25.9149,ARS,REAL,,Importado desde db/sicons.xlsx - HOLCIM - CEMENTO CPC40 BOL 50 KG
2023-02-24,HOLCIM,0280-00146937,CEMENTO CPC40 BOL 50 KG,1295.74,25.9149,ARS,REAL,,Importado desde db/sicons.xlsx - HOLCIM - CEMENTO CPC40 BOL 50 KG
2023-02-24,HOLCIM,0280-00146938,CEMENTO CPC40 BOL 50 KG,1295.74,25.9149,ARS,REAL,,Importado desde db/sicons.xlsx - HOLCIM - CEMENTO CPC40 BOL 50 KG
2023-02-25,HOLCIM,0280-00146970,CEMENTO CPC40 BOL 50 KG,1295.74,25.9149,ARS,REAL,,Importado desde db/sicons.xlsx - HOLCIM - CEMENTO CPC40 BOL 50 KG
2023-02-27,HOLCIM,0280-00147053,CEMENTO CPC40 BOL 50 KG,1295.74,25.9149,ARS,REAL,,Importado desde db/sicons.xlsx - HOLCIM - CEMENTO CPC40 BOL 50 KG
2023-02-28,HOLCIM,0280-00147087,CEMENTO CPC40 BOL 50 KG,1295.74,25.9149,ARS,REAL,,Importado desde db/sicons.xlsx - HOLCIM - CEMENTO CPC40 BOL 50 KG
2023-02-28,HOLCIM,0280-00147088,CEMENTO CPC40 BOL 50 KG,1295.74,25.9149,ARS,REAL,,Importado desde db/sicons.xlsx - HOLCIM - CEMENTO CPC40 BOL 50 KG
2023-02-28,HOLCIM,0280-00147089,CEMENTO CPC40 BOL 50 KG,1295.74,25.9149,ARS,REAL,,Importado desde db/sicons.xlsx - HOLCIM - CEMENTO CPC40 BOL 50 KG
2023-02-28,HOLCIM,0280-00147106,CEMENTO CPC40 BOL 50 KG,1295.74,25.9149,ARS,REAL,,Importado desde db/sicons.xlsx - HOLCIM - CEMENTO CPC40 BOL 50 KG
2023-02-28,HOLCIM,0280-00147107,CEMENTO CPC40 BOL 50 KG,1295.74,25.9149,ARS,REAL,,Importado desde db/sicons.xlsx - HOLCIM - CEMENTO CPC40 BOL 50 KG
2023-02-28,HOLCIM,0280-00147108,CEMENTO CPC40 BOL 50 KG,1295.74,25.9149,ARS,REAL,,Importado desde db/sicons.xlsx - HOLCIM - CEMENTO CPC40 BOL 50 KG
2023-03-02,HOLCIM,0280-00147192,CEMENTO CPC40 BOL 50 KG,1376.08,27.5216,ARS,REAL,,Importado desde db/sicons.xlsx - HOLCIM - CEMENTO CPC40 BOL 50 KG
2023-03-03,HOLCIM,0280-00147213,CEMENTO CPC40 BOL 50 KG,1376.08,27.5216,ARS,REAL,,Importado desde db/sicons.xlsx - HOLCIM - CEMENTO CPC40 BOL 50 KG
2023-03-03,HOLCIM,0280-00147214,CEMENTO CPC40 BOL 50 KG,1376.08,27.5216,ARS,REAL,,Importado desde db/sicons.xlsx - HOLCIM - CEMENTO CPC40 BOL 50 KG
2023-03-07,HOLCIM,0280-00147299,CEMENTO CPC40 BOL 50 KG,1376.08,27.5216,ARS,REAL,,Importado desde db/sicons.xlsx - HOLCIM - CEMENTO CPC40 BOL 50 KG
2023-03-07,HOLCIM,0280-00147300,CEMENTO CPC40 BOL 50 KG,1376.08,27.5216,ARS,REAL,,Importado desde db/sicons.xlsx - HOLCIM - CEMENTO CPC40 BOL 50 KG
2023-03-08,HOLCIM,0280-00147348,CEMENTO CPC40 BOL 50 KG,1376.08,27.5216,ARS,REAL,,Importado desde db/sicons.xlsx - HOLCIM - CEMENTO CPC40 BOL 50 KG
2023-03-09,HOLCIM,0280-00147381,CEMENTO CPC40 BOL 50 KG,1376.08,27.5216,ARS,REAL,,Importado desde db/sicons.xlsx - HOLCIM - CEMENTO CPC40 BOL 50 KG
2023-03-09,HOLCIM,0280-00147382,CEMENTO CPC40 BOL 50 KG,1376.08,27.5216,ARS,REAL,,Importado desde db/sicons.xlsx - HOLCIM - CEMENTO CPC40 BOL 50 KG
2023-03-15,HOLCIM,0280-00147527,CEMENTO CPC40 BOL 50 KG,1376.08,27.5216,ARS,REAL,,Importado desde db/sicons.xlsx - HOLCIM - CEMENTO CPC40 BOL 50 KG
2023-03-15,HOLCIM,0280-00147528,CEMENTO CPC40 BOL 50 KG,1376.08,27.5216,ARS,REAL,,Importado desde db/sicons.xlsx - HOLCIM - CEMENTO CPC40 BOL 50 KG
2023-03-16,HOLCIM,0280-00147579,CEMENTO CPC40 BOL 50 KG,1376.08,27.5216,ARS,REAL,,Importado desde db/sicons.xlsx - HOLCIM - CEMENTO CPC40 BOL 50 KG
2023-03-16,HOLCIM,0280-00147580,CEMENTO CPC40 BOL 50 KG,1376.08,27.5216,ARS,REAL,,Importado desde db/sicons.xlsx - HOLCIM - CEMENTO CPC40 BOL 50 KG
2023-03-17,HOLCIM,0280-00147609,CEMENTO CPC40 BOL 50 KG,1376.08,27.5216,ARS,REAL,,Importado desde db/sicons.xlsx - HOLCIM - CEMENTO CPC40 BOL 50 KG
2023-03-20,HOLCIM,0280-00147657,CEMENTO CPC40 BOL 50 KG,1376.08,27.5216,ARS,REAL,,Importado desde db/sicons.xlsx - HOLCIM - CEMENTO CPC40 BOL 50 KG
2023-03-20,HOLCIM,0280-00147658,CEMENTO CPC40 BOL 50 KG,1376.08,27.5216,ARS,REAL,,Importado desde db/sicons.xlsx - HOLCIM - CEMENTO CPC40 BOL 50 KG
2023-03-21,HOLCIM,0280-00147697,CEMENTO CPC40 BOL 50 KG,1376.08,27.5216,ARS,REAL,,Importado desde db/sicons.xlsx - HOLCIM - CEMENTO CPC40 BOL 50 KG
2023-03-21,HOLCIM,0280-00147698,CEMENTO CPC40 BOL 50 KG,1376.08,27.5216,ARS,REAL,,Importado desde db/sicons.xlsx - HOLCIM - CEMENTO CPC40 BOL 50 KG
2023-03-22,HOLCIM,0280-00147749,CEMENTO CPC40 BOL 50 KG,1376.08,27.5216,ARS,REAL,,Importado desde db/sicons.xlsx - HOLCIM - CEMENTO CPC40 BOL 50 KG
2023-03-22,HOLCIM,0280-00147750,CEMENTO CPC40 BOL 50 KG,1376.08,27.5216,ARS,REAL,,Importado desde db/sicons.xlsx - HOLCIM - CEMENTO CPC40 BOL 50 KG
2023-03-23,HOLCIM,0280-00147802,CEMENTO CPC40 BOL 50 KG,1376.08,27.5216,ARS,REAL,,Importado desde db/sicons.xlsx - HOLCIM - CEMENTO CPC40 BOL 50 KG
2023-03-23,HOLCIM,0280-00147803,CEMENTO CPC40 BOL 50 KG,1376.08,27.5216,ARS,REAL,,Importado desde db/sicons.xlsx - HOLCIM - CEMENTO CPC40 BOL 50 KG
2023-03-23,HOLCIM,0280-00147804,CEMENTO CPC40 BOL 50 KG,1376.08,27.5216,ARS,REAL,,Importado desde db/sicons.xlsx - HOLCIM - CEMENTO CPC40 BOL 50 KG
2023-03-25,HOLCIM,0280-00147810,CEMENTO CPC40 BOL 50 KG,1376.08,27.5216,ARS,REAL,,Importado desde db/sicons.xlsx - HOLCIM - CEMENTO CPC40 BOL 50 KG
2023-03-27,HOLCIM,0280-00147872,CEMENTO CPC40 BOL 50 KG,1376.08,27.5216,ARS,REAL,,Importado desde db/sicons.xlsx - HOLCIM - CEMENTO CPC40 BOL 50 KG
2023-03-28,HOLCIM,0280-00147902,CEMENTO CPC40 BOL 50 KG,1376.08,27.5216,ARS,REAL,,Importado desde db/sicons.xlsx - HOLCIM - CEMENTO CPC40 BOL 50 KG
2023-03-28,HOLCIM,0280-00147903,CEMENTO CPC40 BOL 50 KG,1376.08,27.5216,ARS,REAL,,Importado desde db/sicons.xlsx - HOLCIM - CEMENTO CPC40 BOL 50 KG
2023-03-28,HOLCIM,0280-00147904,CEMENTO CPC40 BOL 50 KG,1376.08,27.5216,ARS,REAL,,Importado desde db/sicons.xlsx - HOLCIM - CEMENTO CPC40 BOL 50 KG
2023-03-29,HOLCIM,0280-00147944,CEMENTO CPC40 BOL 50 KG,1376.08,27.5216,ARS,REAL,,Importado desde db/sicons.xlsx - HOLCIM - CEMENTO CPC40 BOL 50 KG
2023-03-29,HOLCIM,0280-00147945,CEMENTO CPC40 BOL 50 KG,1376.08,27.5216,ARS,REAL,,Importado desde db/sicons.xlsx - HOLCIM - CEMENTO CPC40 BOL 50 KG
2023-03-30,HOLCIM,0280-00148012,CEMENTO CPC40 BOL 50 KG,1376.08,27.5216,ARS,REAL,,Importado desde db/sicons.xlsx - HOLCIM - CEMENTO CPC40 BOL 50 KG
2023-03-30,HOLCIM,0280-00148013,CEMENTO CPC40 BOL 50 KG,1376.08,27.5216,ARS,REAL,,Importado desde db/sicons.xlsx - HOLCIM - CEMENTO CPC40 BOL 50 KG
2023-03-31,HOLCIM,0280-00148030,CEMENTO CPC40 BOL 50 KG,1376.08,27.5216,ARS,REAL,,Importado desde db/sicons.xlsx - HOLCIM - CEMENTO CPC40 BOL 50 KG
2023-03-31,HOLCIM,0280-00148031,CEMENTO CPC40 BOL 50 KG,1376.08,27.5216,ARS,REAL,,Importado desde db/sicons.xlsx - HOLCIM - CEMENTO CPC40 BOL 50 KG
2023-03-31,HOLCIM,0280-00148059,CEMENTO CPC40 BOL 50 KG,1376.08,27.5216,ARS,REAL,,Importado desde db/sicons.xlsx - HOLCIM - CEMENTO CPC40 BOL 50 KG
2023-04-03,HOLCIM,0280-00148117,CEMENTO CPC40 BOL 50 KG,1466.90,29.3380,ARS,REAL,,Importado desde db/sicons.xlsx - HOLCIM - CEMENTO CPC40 BOL 50 KG
2023-04-05,HOLCIM,0280-00148182,CEMENTO CPC40 BOL 50 KG,1466.90,29.3380,ARS,REAL,,Importado desde db/sicons.xlsx - HOLCIM - CEMENTO CPC40 BOL 50 KG
2023-04-05,HOLCIM,0280-00148183,CEMENTO CPC40 BOL 50 KG,1466.90,29.3380,ARS,REAL,,Importado desde db/sicons.xlsx - HOLCIM - CEMENTO CPC40 BOL 50 KG
2023-04-06,HOLCIM,0280-00148226,CEMENTO CPC40 BOL 50 KG,1466.90,29.3380,ARS,REAL,,Importado desde db/sicons.xlsx - HOLCIM - CEMENTO CPC40 BOL 50 KG
2023-04-08,HOLCIM,0280-00148227,CEMENTO CPC40 BOL 50 KG,1466.90,29.3380,ARS,REAL,,Importado desde db/sicons.xlsx - HOLCIM - CEMENTO CPC40 BOL 50 KG
2023-04-11,HOLCIM,0280-00148308,CEMENTO CPC40 BOL 50 KG,1466.90,29.3380,ARS,REAL,,Importado desde db/sicons.xlsx - HOLCIM - CEMENTO CPC40 BOL 50 KG
2023-04-11,HOLCIM,0280-00148309,CEMENTO CPC40 BOL 50 KG,1466.90,29.3380,ARS,REAL,,Importado desde db/sicons.xlsx - HOLCIM - CEMENTO CPC40 BOL 50 KG
2023-04-13,HOLCIM,0280-00148363,CEMENTO CPC40 BOL 50 KG,1466.90,29.3380,ARS,REAL,,Importado desde db/sicons.xlsx - HOLCIM - CEMENTO CPC40 BOL 50 KG
2023-04-13,HOLCIM,0280-00148364,CEMENTO CPC40 BOL 50 KG,1466.90,29.3380,ARS,REAL,,Importado desde db/sicons.xlsx - HOLCIM - CEMENTO CPC40 BOL 50 KG
2023-04-14,HOLCIM,0280-00148402,CEMENTO CPC40 BOL 50 KG,1466.90,29.3380,ARS,REAL,,Importado desde db/sicons.xlsx - HOLCIM - CEMENTO CPC40 BOL 50 KG
2023-04-14,HOLCIM,0280-00148403,CEMENTO CPC40 BOL 50 KG,1466.90,29.3380,ARS,REAL,,Importado desde db/sicons.xlsx - HOLCIM - CEMENTO CPC40 BOL 50 KG
2023-04-15,HOLCIM,0280-00148430,CEMENTO CPC40 BOL 50 KG,1466.90,29.3380,ARS,REAL,,Importado desde db/sicons.xlsx - HOLCIM - CEMENTO CPC40 BOL 50 KG
2023-04-17,HOLCIM,0280-00148476,CEMENTO CPC40 BOL 50 KG,1466.90,29.3380,ARS,REAL,,Importado desde db/sicons.xlsx - HOLCIM - CEMENTO CPC40 BOL 50 KG
2023-04-17,HOLCIM,0280-00148477,CEMENTO CPC40 BOL 50 KG,1466.90,29.3380,ARS,REAL,,Importado desde db/sicons.xlsx - HOLCIM - CEMENTO CPC40 BOL 50 KG
2023-04-18,HOLCIM,0280-00148524,CEMENTO CPC40 BOL 50 KG,1466.90,29.3380,ARS,REAL,,Importado desde db/sicons.xlsx - HOLCIM - CEMENTO CPC40 BOL 50 KG
2023-04-18,HOLCIM,0280-00148525,CEMENTO CPC40 BOL 50 KG,1466.90,29.3380,ARS,REAL,,Importado desde db/sicons.xlsx - HOLCIM - CEMENTO CPC40 BOL 50 KG
2023-04-19,HOLCIM,0280-00148536,CEMENTO CPC40 BOL 50 KG,1466.90,29.3380,ARS,REAL,,Importado desde db/sicons.xlsx - HOLCIM - CEMENTO CPC40 BOL 50 KG
2023-04-19,HOLCIM,0280-00148537,CEMENTO CPC40 BOL 50 KG,1466.90,29.3380,ARS,REAL,,Importado desde db/sicons.xlsx - HOLCIM - CEMENTO CPC40 BOL 50 KG
2023-04-20,HOLCIM,0280-00148564,CEMENTO CPC40 BOL 50 KG,1466.90,29.3380,ARS,REAL,,Importado desde db/sicons.xlsx - HOLCIM - CEMENTO CPC40 BOL 50 KG
2023-04-20,HOLCIM,0280-00148565,CEMENTO CPC40 BOL 50 KG,1466.90,29.3380,ARS,REAL,,Importado desde db/sicons.xlsx - HOLCIM - CEMENTO CPC40 BOL 50 KG
2023-04-21,HOLCIM,0280-00148595,CEMENTO CPC40 BOL 50 KG,1466.90,29.3380,ARS,REAL,,Importado desde db/sicons.xlsx - HOLCIM - CEMENTO CPC40 BOL 50 KG
2023-04-21,HOLCIM,0280-00148596,CEMENTO CPC40 BOL 50 KG,1466.90,29.3380,ARS,REAL,,Importado desde db/sicons.xlsx - HOLCIM - CEMENTO CPC40 BOL 50 KG
2023-04-21,HOLCIM,0280-00148597,CEMENTO CPC40 BOL 50 KG,1466.90,29.3380,ARS,REAL,,Importado desde db/sicons.xlsx - HOLCIM - CEMENTO CPC40 BOL 50 KG
2023-04-24,HOLCIM,0280-00148665,CEMENTO CPC40 BOL 50 KG,1466.90,29.3380,ARS,REAL,,Importado desde db/sicons.xlsx - HOLCIM - CEMENTO CPC40 BOL 50 KG
2023-04-24,HOLCIM,0280-00148666,CEMENTO CPC40 BOL 50 KG,1466.90,29.3380,ARS,REAL,,Importado desde db/sicons.xlsx - HOLCIM - CEMENTO CPC40 BOL 50 KG
2023-04-25,HOLCIM,0280-00148705,CEMENTO CPC40 BOL 50 KG,1466.90,29.3380,ARS,REAL,,Importado desde db/sicons.xlsx - HOLCIM - CEMENTO CPC40 BOL 50 KG
2023-04-25,HOLCIM,0280-00148706,CEMENTO CPC40 BOL 50 KG,1466.90,29.3380,ARS,REAL,,Importado desde db/sicons.xlsx - HOLCIM - CEMENTO CPC40 BOL 50 KG
2023-04-26,HOLCIM,0280-00148757,CEMENTO CPC40 BOL 50 KG,1466.90,29.3380,ARS,REAL,,Importado desde db/sicons.xlsx - HOLCIM - CEMENTO CPC40 BOL 50 KG
2023-04-26,HOLCIM,0280-00148758,CEMENTO CPC40 BOL 50 KG,1466.90,29.3380,ARS,REAL,,Importado desde db/sicons.xlsx - HOLCIM - CEMENTO CPC40 BOL 50 KG
2023-04-26,HOLCIM,0280-00148759,CEMENTO CPC40 BOL 50 KG,1466.90,29.3380,ARS,REAL,,Importado desde db/sicons.xlsx - HOLCIM - CEMENTO CPC40 BOL 50 KG
2023-04-27,HOLCIM,0280-00148839,CEMENTO CPC40 BOL 50 KG,1466.90,29.3380,ARS,REAL,,Importado desde db/sicons.xlsx - HOLCIM - CEMENTO CPC40 BOL 50 KG
2023-04-27,HOLCIM,0280-00148840,CEMENTO CPC40 BOL 50 KG,1466.90,29.3380,ARS,REAL,,Importado desde db/sicons.xlsx - HOLCIM - CEMENTO CPC40 BOL 50 KG
2023-04-27,HOLCIM,0280-00148841,CEMENTO CPC40 BOL 50 KG,1466.90,29.3380,ARS,REAL,,Importado desde db/sicons.xlsx - HOLCIM - CEMENTO CPC40 BOL 50 KG
2023-04-27,HOLCIM,0280-00148842,CEMENTO CPC40 BOL 50 KG,1466.90,29.3380,ARS,REAL,,Importado desde db/sicons.xlsx - HOLCIM - CEMENTO CPC40 BOL 50 KG
2023-04-28,HOLCIM,0280-00148865,CEMENTO CPC40 BOL 50 KG,1466.90,29.3380,ARS,REAL,,Importado desde db/sicons.xlsx - HOLCIM - CEMENTO CPC40 BOL 50 KG
2023-04-28,HOLCIM,0280-00148866,CEMENTO CPC40 BOL 50 KG,1466.90,29.3380,ARS,REAL,,Importado desde db/sicons.xlsx - HOLCIM - CEMENTO CPC40 BOL 50 KG
2023-04-28,HOLCIM,0280-00148867,CEMENTO CPC40 BOL 50 KG,1466.90,29.3380,ARS,REAL,,Importado desde db/sicons.xlsx - HOLCIM - CEMENTO CPC40 BOL 50 KG
2023-04-28,HOLCIM,0280-00148868,CEMENTO CPC40 BOL 50 KG,1466.90,29.3380,ARS,REAL,,Importado desde db/sicons.xlsx - HOLCIM - CEMENTO CPC40 BOL 50 KG
2023-04-28,HOLCIM,0280-00148869,CEMENTO CPC40 BOL 50 KG,1466.90,29.3380,ARS,REAL,,Importado desde db/sicons.xlsx - HOLCIM - CEMENTO CPC40 BOL 50 KG
2023-04-28,HOLCIM,0280-00148870,CEMENTO CPC40 BOL 50 KG,1466.90,29.3380,ARS,REAL,,Importado desde db/sicons.xlsx - HOLCIM - CEMENTO CPC40 BOL 50 KG
2023-04-29,HOLCIM,0280-00148908,CEMENTO CPC40 BOL 50 KG,1466.90,29.3380,ARS,REAL,,Importado desde db/sicons.xlsx - HOLCIM - CEMENTO CPC40 BOL 50 KG
2023-04-29,HOLCIM,0280-00148909,CEMENTO CPC40 BOL 50 KG,1466.90,29.3380,ARS,REAL,,Importado desde db/sicons.xlsx - HOLCIM - CEMENTO CPC40 BOL 50 KG
2023-05-03,HOLCIM,0280-00149022,CEMENTO CPC40 BOL 50 KG,1593.06,31.8611,ARS,REAL,,Importado desde db/sicons.xlsx - HOLCIM - CEMENTO CPC40 BOL 50 KG
2023-05-03,HOLCIM,0280-00149023,CEMENTO CPC40 BOL 50 KG,1593.06,31.8611,ARS,REAL,,Importado desde db/sicons.xlsx - HOLCIM - CEMENTO CPC40 BOL 50 KG
2023-05-04,HOLCIM,0280-00149078,CEMENTO CPC40 BOL 50 KG,1593.06,31.8611,ARS,REAL,,Importado desde db/sicons.xlsx - HOLCIM - CEMENTO CPC40 BOL 50 KG
2023-05-06,HOLCIM,0280-00149109,CEMENTO CPC40 BOL 50 KG,1593.06,31.8611,ARS,REAL,,Importado desde db/sicons.xlsx - HOLCIM - CEMENTO CPC40 BOL 50 KG
2023-05-06,HOLCIM,0280-00149111,CEMENTO CPC40 BOL 50 KG,1593.06,31.8611,ARS,REAL,,Importado desde db/sicons.xlsx - HOLCIM - CEMENTO CPC40 BOL 50 KG
2023-05-08,HOLCIM,0280-00149175,CEMENTO CPC40 BOL 50 KG,1593.06,31.8611,ARS,REAL,,Importado desde db/sicons.xlsx - HOLCIM - CEMENTO CPC40 BOL 50 KG
2023-05-08,HOLCIM,0280-00149176,CEMENTO CPC40 BOL 50 KG,1593.06,31.8611,ARS,REAL,,Importado desde db/sicons.xlsx - HOLCIM - CEMENTO CPC40 BOL 50 KG
2023-05-08,HOLCIM,0280-00149177,CEMENTO CPC40 BOL 50 KG,1593.06,31.8611,ARS,REAL,,Importado desde db/sicons.xlsx - HOLCIM - CEMENTO CPC40 BOL 50 KG
2023-05-09,HOLCIM,0280-00149225,CEMENTO CPC40 BOL 50 KG,1593.06,31.8611,ARS,REAL,,Importado desde db/sicons.xlsx - HOLCIM - CEMENTO CPC40 BOL 50 KG
2023-05-10,HOLCIM,0280-00149252,CEMENTO CPC40 BOL 50 KG,1593.06,31.8611,ARS,REAL,,Importado desde db/sicons.xlsx - HOLCIM - CEMENTO CPC40 BOL 50 KG
2023-05-13,HOLCIM,0280-00149332,CEMENTO CPC40 BOL 50 KG,1593.06,31.8611,ARS,REAL,,Importado desde db/sicons.xlsx - HOLCIM - CEMENTO CPC40 BOL 50 KG
2023-05-13,HOLCIM,0280-00152896,CEMENTO CPC40 BOL 50 KG,2361.52,47.2303,ARS,REAL,,Importado desde db/sicons.xlsx - HOLCIM - CEMENTO CPC40 BOL 50 KG
2023-05-15,HOLCIM,0280-00149377,CEMENTO CPC40 BOL 50 KG,1593.06,31.8611,ARS,REAL,,Importado desde db/sicons.xlsx - HOLCIM - CEMENTO CPC40 BOL 50 KG
2023-05-15,HOLCIM,0280-00149378,CEMENTO CPC40 BOL 50 KG,1593.06,31.8611,ARS,REAL,,Importado desde db/sicons.xlsx - HOLCIM - CEMENTO CPC40 BOL 50 KG
2023-05-16,HOLCIM,0280-00149415,CEMENTO CPC40 BOL 50 KG,1593.06,31.8611,ARS,REAL,,Importado desde db/sicons.xlsx - HOLCIM - CEMENTO CPC40 BOL 50 KG
2023-05-16,HOLCIM,0280-00149416,CEMENTO CPC40 BOL 50 KG,1593.06,31.8611,ARS,REAL,,Importado desde db/sicons.xlsx - HOLCIM - CEMENTO CPC40 BOL 50 KG
2023-05-17,HOLCIM,0280-00149443,CEMENTO CPC40 BOL 50 KG,1593.06,31.8611,ARS,REAL,,Importado desde db/sicons.xlsx - HOLCIM - CEMENTO CPC40 BOL 50 KG
2023-05-17,HOLCIM,0280-00149444,CEMENTO CPC40 BOL 50 KG,1593.06,31.8611,ARS,REAL,,Importado desde db/sicons.xlsx - HOLCIM - CEMENTO CPC40 BOL 50 KG
2023-05-18,HOLCIM,0280-00149491,CEMENTO CPC40 BOL 50 KG,1593.06,31.8611,ARS,REAL,,Importado desde db/sicons.xlsx - HOLCIM - CEMENTO CPC40 BOL 50 KG
2023-05-18,HOLCIM,0280-00149492,CEMENTO CPC40 BOL 50 KG,1593.06,31.8611,ARS,REAL,,Importado desde db/sicons.xlsx - HOLCIM - CEMENTO CPC40 BOL 50 KG
2023-05-19,HOLCIM,0280-00149518,CEMENTO CPC40 BOL 50 KG,1593.06,31.8611,ARS,REAL,,Importado desde db/sicons.xlsx - HOLCIM - CEMENTO CPC40 BOL 50 KG
2023-05-19,HOLCIM,0280-00149519,CEMENTO CPC40 BOL 50 KG,1593.06,31.8611,ARS,REAL,,Importado desde db/sicons.xlsx - HOLCIM - CEMENTO CPC40 BOL 50 KG
2023-05-19,HOLCIM,0280-00149520,CEMENTO CPC40 BOL 50 KG,1593.06,31.8611,ARS,REAL,,Importado desde db/sicons.xlsx - HOLCIM - CEMENTO CPC40 BOL 50 KG
2023-05-19,HOLCIM,0280-00149521,CEMENTO CPC40 BOL 50 KG,1593.06,31.8611,ARS,REAL,,Importado desde db/sicons.xlsx - HOLCIM - CEMENTO CPC40 BOL 50 KG
2023-05-20,HOLCIM,0280-00149544,CEMENTO CPC40 BOL 50 KG,1593.06,31.8611,ARS,REAL,,Importado desde db/sicons.xlsx - HOLCIM - CEMENTO CPC40 BOL 50 KG
2023-05-20,HOLCIM,0280-00149545,CEMENTO CPC40 BOL 50 KG,1593.06,31.8611,ARS,REAL,,Importado desde db/sicons.xlsx - HOLCIM - CEMENTO CPC40 BOL 50 KG
2023-05-22,HOLCIM,0280-00149626,CEMENTO CPC40 BOL 50 KG,1593.06,31.8611,ARS,REAL,,Importado desde db/sicons.xlsx - HOLCIM - CEMENTO CPC40 BOL 50 KG
2023-05-22,HOLCIM,0280-00149627,CEMENTO CPC40 BOL 50 KG,1593.06,31.8611,ARS,REAL,,Importado desde db/sicons.xlsx - HOLCIM - CEMENTO CPC40 BOL 50 KG
2023-05-22,HOLCIM,0280-00149628,CEMENTO CPC40 BOL 50 KG,1593.06,31.8611,ARS,REAL,,Importado desde db/sicons.xlsx - HOLCIM - CEMENTO CPC40 BOL 50 KG
2023-05-22,HOLCIM,0280-00149629,CEMENTO CPC40 BOL 50 KG,1593.06,31.8611,ARS,REAL,,Importado desde db/sicons.xlsx - HOLCIM - CEMENTO CPC40 BOL 50 KG
2023-05-23,HOLCIM,0280-00149662,CEMENTO CPC40 BOL 50 KG,1593.06,31.8611,ARS,REAL,,Importado desde db/sicons.xlsx - HOLCIM - CEMENTO CPC40 BOL 50 KG
2023-05-24,HOLCIM,0280-00149682,CEMENTO CPC40 BOL 50 KG,1593.06,31.8611,ARS,REAL,,Importado desde db/sicons.xlsx - HOLCIM - CEMENTO CPC40 BOL 50 KG
2023-05-24,HOLCIM,0280-00149683,CEMENTO CPC40 BOL 50 KG,1593.06,31.8611,ARS,REAL,,Importado desde db/sicons.xlsx - HOLCIM - CEMENTO CPC40 BOL 50 KG
2023-05-27,HOLCIM,0280-00149717,CEMENTO CPC40 BOL 50 KG,1593.06,31.8611,ARS,REAL,,Importado desde db/sicons.xlsx - HOLCIM - CEMENTO CPC40 BOL 50 KG
2023-05-27,HOLCIM,0280-00149718,CEMENTO CPC40 BOL 50 KG,1593.06,31.8611,ARS,REAL,,Importado desde db/sicons.xlsx - HOLCIM - CEMENTO CPC40 BOL 50 KG
2023-05-29,HOLCIM,0280-00149798,CEMENTO CPC40 BOL 50 KG,1593.06,31.8611,ARS,REAL,,Importado desde db/sicons.xlsx - HOLCIM - CEMENTO CPC40 BOL 50 KG
2023-05-30,HOLCIM,0280-00149833,CEMENTO CPC40 BOL 50 KG,1593.06,31.8611,ARS,REAL,,Importado desde db/sicons.xlsx - HOLCIM - CEMENTO CPC40 BOL 50 KG
2023-05-30,HOLCIM,0280-00149834,CEMENTO CPC40 BOL 50 KG,1593.06,31.8611,ARS,REAL,,Importado desde db/sicons.xlsx - HOLCIM - CEMENTO CPC40 BOL 50 KG
2023-05-30,HOLCIM,0280-00149835,CEMENTO CPC40 BOL 50 KG,1593.06,31.8611,ARS,REAL,,Importado desde db/sicons.xlsx - HOLCIM - CEMENTO CPC40 BOL 50 KG
2023-05-31,HOLCIM,0280-00149864,CEMENTO CPC40 BOL 50 KG,1593.06,31.8611,ARS,REAL,,Importado desde db/sicons.xlsx - HOLCIM - CEMENTO CPC40 BOL 50 KG
2023-05-31,HOLCIM,0280-00149867,CEMENTO CPC40 BOL 50 KG,1591.85,31.8369,ARS,REAL,,Importado desde db/sicons.xlsx - HOLCIM - CEMENTO CPC40 BOL 50 KG
2023-05-31,HOLCIM,0280-00149872,CEMENTO CPC40 BOL 50 KG,1591.85,31.8369,ARS,REAL,,Importado desde db/sicons.xlsx - HOLCIM - CEMENTO CPC40 BOL 50 KG
2023-06-07,HOLCIM,0280-00150105,CEMENTO CPC40 BOL 50 KG,1730.06,34.6012,ARS,REAL,,Importado desde db/sicons.xlsx - HOLCIM - CEMENTO CPC40 BOL 50 KG
2023-06-07,HOLCIM,0280-00150106,CEMENTO CPC40 BOL 50 KG,1730.06,34.6012,ARS,REAL,,Importado desde db/sicons.xlsx - HOLCIM - CEMENTO CPC40 BOL 50 KG
2023-06-09,HOLCIM,0280-00150186,CEMENTO CPC40 BOL 50 KG,1730.06,34.6012,ARS,REAL,,Importado desde db/sicons.xlsx - HOLCIM - CEMENTO CPC40 BOL 50 KG
2023-06-09,HOLCIM,0280-00150187,CEMENTO CPC40 BOL 50 KG,1730.06,34.6012,ARS,REAL,,Importado desde db/sicons.xlsx - HOLCIM - CEMENTO CPC40 BOL 50 KG
2023-06-10,HOLCIM,0280-00150190,CEMENTO CPC40 BOL 50 KG,1730.06,34.6012,ARS,REAL,,Importado desde db/sicons.xlsx - HOLCIM - CEMENTO CPC40 BOL 50 KG
2023-06-12,HOLCIM,0280-00150247,CEMENTO CPC40 BOL 50 KG,1730.06,34.6012,ARS,REAL,,Importado desde db/sicons.xlsx - HOLCIM - CEMENTO CPC40 BOL 50 KG
2023-06-13,HOLCIM,0280-00150274,CEMENTO CPC40 BOL 50 KG,1730.06,34.6012,ARS,REAL,,Importado desde db/sicons.xlsx - HOLCIM - CEMENTO CPC40 BOL 50 KG
2023-06-13,HOLCIM,0280-00150275,CEMENTO CPC40 BOL 50 KG,1730.06,34.6012,ARS,REAL,,Importado desde db/sicons.xlsx - HOLCIM - CEMENTO CPC40 BOL 50 KG
2023-06-14,HOLCIM,0280-00150299,CEMENTO CPC40 BOL 50 KG,1730.06,34.6012,ARS,REAL,,Importado desde db/sicons.xlsx - HOLCIM - CEMENTO CPC40 BOL 50 KG
2023-06-14,HOLCIM,0280-00150300,CEMENTO CPC40 BOL 50 KG,1730.06,34.6012,ARS,REAL,,Importado desde db/sicons.xlsx - HOLCIM - CEMENTO CPC40 BOL 50 KG
2023-06-15,HOLCIM,0280-00150325,CEMENTO CPC40 BOL 50 KG,1730.06,34.6012,ARS,REAL,,Importado desde db/sicons.xlsx - HOLCIM - CEMENTO CPC40 BOL 50 KG
2023-06-15,HOLCIM,0280-00150326,CEMENTO CPC40 BOL 50 KG,1730.06,34.6012,ARS,REAL,,Importado desde db/sicons.xlsx - HOLCIM - CEMENTO CPC40 BOL 50 KG
2023-06-16,HOLCIM,0280-00150362,CEMENTO CPC40 BOL 50 KG,1730.06,34.6012,ARS,REAL,,Importado desde db/sicons.xlsx - HOLCIM - CEMENTO CPC40 BOL 50 KG
2023-06-16,HOLCIM,0280-00150363,CEMENTO CPC40 BOL 50 KG,1730.06,34.6012,ARS,REAL,,Importado desde db/sicons.xlsx - HOLCIM - CEMENTO CPC40 BOL 50 KG
2023-06-21,HOLCIM,0280-00150414,CEMENTO CPC40 BOL 50 KG,1730.06,34.6012,ARS,REAL,,Importado desde db/sicons.xlsx - HOLCIM - CEMENTO CPC40 BOL 50 KG
2023-06-21,HOLCIM,0280-00150415,CEMENTO CPC40 BOL 50 KG,1730.06,34.6012,ARS,REAL,,Importado desde db/sicons.xlsx - HOLCIM - CEMENTO CPC40 BOL 50 KG
2023-06-22,HOLCIM,0280-00150447,CEMENTO CPC40 BOL 50 KG,1730.06,34.6012,ARS,REAL,,Importado desde db/sicons.xlsx - HOLCIM - CEMENTO CPC40 BOL 50 KG
2023-06-22,HOLCIM,0280-00150448,CEMENTO CPC40 BOL 50 KG,1730.06,34.6012,ARS,REAL,,Importado desde db/sicons.xlsx - HOLCIM - CEMENTO CPC40 BOL 50 KG
2023-06-24,HOLCIM,0280-00150514,CEMENTO CPC40 BOL 50 KG,1730.06,34.6012,ARS,REAL,,Importado desde db/sicons.xlsx - HOLCIM - CEMENTO CPC40 BOL 50 KG
2023-06-27,HOLCIM,0280-00150602,CEMENTO CPC40 BOL 50 KG,1730.06,34.6012,ARS,REAL,,Importado desde db/sicons.xlsx - HOLCIM - CEMENTO CPC40 BOL 50 KG
2023-06-27,HOLCIM,0280-00150603,CEMENTO CPC40 BOL 50 KG,1730.06,34.6012,ARS,REAL,,Importado desde db/sicons.xlsx - HOLCIM - CEMENTO CPC40 BOL 50 KG
2023-06-28,HOLCIM,0280-00150652,CEMENTO CPC40 BOL 50 KG,1730.06,34.6012,ARS,REAL,,Importado desde db/sicons.xlsx - HOLCIM - CEMENTO CPC40 BOL 50 KG
2023-06-28,HOLCIM,0280-00150653,CEMENTO CPC40 BOL 50 KG,1730.06,34.6012,ARS,REAL,,Importado desde db/sicons.xlsx - HOLCIM - CEMENTO CPC40 BOL 50 KG
2023-06-29,HOLCIM,0280-00150700,CEMENTO CPC40 BOL 50 KG,1730.06,34.6012,ARS,REAL,,Importado desde db/sicons.xlsx - HOLCIM - CEMENTO CPC40 BOL 50 KG
2023-06-29,HOLCIM,0280-00150701,CEMENTO CPC40 BOL 50 KG,1730.06,34.6012,ARS,REAL,,Importado desde db/sicons.xlsx - HOLCIM - CEMENTO CPC40 BOL 50 KG
2023-06-30,HOLCIM,0280-00150733,CEMENTO CPC40 BOL 50 KG,1730.06,34.6012,ARS,REAL,,Importado desde db/sicons.xlsx - HOLCIM - CEMENTO CPC40 BOL 50 KG
2023-06-30,HOLCIM,0280-00150734,CEMENTO CPC40 BOL 50 KG,1730.06,34.6012,ARS,REAL,,Importado desde db/sicons.xlsx - HOLCIM - CEMENTO CPC40 BOL 50 KG
2023-07-03,HOLCIM,0280-00150839,CEMENTO CPC40 BOL 50 KG,1873.65,37.4731,ARS,REAL,,Importado desde db/sicons.xlsx - HOLCIM - CEMENTO CPC40 BOL 50 KG
2023-07-04,HOLCIM,0280-00150853,CEMENTO CPC40 BOL 50 KG,1873.65,37.4731,ARS,REAL,,Importado desde db/sicons.xlsx - HOLCIM - CEMENTO CPC40 BOL 50 KG
2023-07-04,HOLCIM,0280-00150854,CEMENTO CPC40 BOL 50 KG,1873.65,37.4731,ARS,REAL,,Importado desde db/sicons.xlsx - HOLCIM - CEMENTO CPC40 BOL 50 KG
2023-07-05,HOLCIM,0280-00150877,CEMENTO CPC40 BOL 50 KG,1816.56,36.3312,ARS,REAL,,Importado desde db/sicons.xlsx - HOLCIM - CEMENTO CPC40 BOL 50 KG
2023-07-05,HOLCIM,0280-00150878,CEMENTO CPC40 BOL 50 KG,1816.56,36.3312,ARS,REAL,,Importado desde db/sicons.xlsx - HOLCIM - CEMENTO CPC40 BOL 50 KG
2023-07-06,HOLCIM,0280-00150916,CEMENTO CPC40 BOL 50 KG,1816.56,36.3312,ARS,REAL,,Importado desde db/sicons.xlsx - HOLCIM - CEMENTO CPC40 BOL 50 KG
2023-07-06,HOLCIM,0280-00150917,CEMENTO CPC40 BOL 50 KG,1816.56,36.3312,ARS,REAL,,Importado desde db/sicons.xlsx - HOLCIM - CEMENTO CPC40 BOL 50 KG
2023-07-08,HOLCIM,0280-00150961,CEMENTO CPC40 BOL 50 KG,1816.56,36.3312,ARS,REAL,,Importado desde db/sicons.xlsx - HOLCIM - CEMENTO CPC40 BOL 50 KG
2023-07-10,HOLCIM,0280-00150973,CEMENTO CPC40 BOL 50 KG,1816.56,36.3312,ARS,REAL,,Importado desde db/sicons.xlsx - HOLCIM - CEMENTO CPC40 BOL 50 KG
2023-07-10,HOLCIM,0280-00150974,CEMENTO CPC40 BOL 50 KG,1816.56,36.3312,ARS,REAL,,Importado desde db/sicons.xlsx - HOLCIM - CEMENTO CPC40 BOL 50 KG
2023-07-11,HOLCIM,0280-00151011,CEMENTO CPC40 BOL 50 KG,1816.56,36.3312,ARS,REAL,,Importado desde db/sicons.xlsx - HOLCIM - CEMENTO CPC40 BOL 50 KG
2023-07-12,HOLCIM,0280-00151028,CEMENTO CPC40 BOL 50 KG,1816.56,36.3312,ARS,REAL,,Importado desde db/sicons.xlsx - HOLCIM - CEMENTO CPC40 BOL 50 KG
2023-07-14,HOLCIM,0280-00151097,CEMENTO CPC40 BOL 50 KG,1816.56,36.3312,ARS,REAL,,Importado desde db/sicons.xlsx - HOLCIM - CEMENTO CPC40 BOL 50 KG
2023-07-17,HOLCIM,0280-00151158,CEMENTO CPC40 BOL 50 KG,1816.56,36.3312,ARS,REAL,,Importado desde db/sicons.xlsx - HOLCIM - CEMENTO CPC40 BOL 50 KG
2023-07-18,HOLCIM,0280-00151190,CEMENTO CPC40 BOL 50 KG,1816.56,36.3312,ARS,REAL,,Importado desde db/sicons.xlsx - HOLCIM - CEMENTO CPC40 BOL 50 KG
2023-07-19,HOLCIM,0280-00151222,CEMENTO CPC40 BOL 50 KG,1816.56,36.3312,ARS,REAL,,Importado desde db/sicons.xlsx - HOLCIM - CEMENTO CPC40 BOL 50 KG
2023-07-20,HOLCIM,0280-00151233,CEMENTO CPC40 BOL 50 KG,1816.56,36.3312,ARS,REAL,,Importado desde db/sicons.xlsx - HOLCIM - CEMENTO CPC40 BOL 50 KG
2023-07-21,HOLCIM,0280-00151253,CEMENTO CPC40 BOL 50 KG,1816.56,36.3312,ARS,REAL,,Importado desde db/sicons.xlsx - HOLCIM - CEMENTO CPC40 BOL 50 KG
2023-07-22,HOLCIM,0280-00151265,CEMENTO CPC40 BOL 50 KG,1816.56,36.3312,ARS,REAL,,Importado desde db/sicons.xlsx - HOLCIM - CEMENTO CPC40 BOL 50 KG
2023-07-24,HOLCIM,0280-00151322,CEMENTO CPC40 BOL 50 KG,1816.56,36.3312,ARS,REAL,,Importado desde db/sicons.xlsx - HOLCIM - CEMENTO CPC40 BOL 50 KG
2023-07-24,HOLCIM,0280-00151323,CEMENTO CPC40 BOL 50 KG,1816.56,36.3312,ARS,REAL,,Importado desde db/sicons.xlsx - HOLCIM - CEMENTO CPC40 BOL 50 KG
2023-07-26,HOLCIM,0280-00151349,CEMENTO CPC40 BOL 50 KG,1816.56,36.3312,ARS,REAL,,Importado desde db/sicons.xlsx - HOLCIM - CEMENTO CPC40 BOL 50 KG
2023-07-26,HOLCIM,0280-00151350,CEMENTO CPC40 BOL 50 KG,1816.56,36.3312,ARS,REAL,,Importado desde db/sicons.xlsx - HOLCIM - CEMENTO CPC40 BOL 50 KG
2023-07-27,HOLCIM,0280-00151404,CEMENTO CPC40 BOL 50 KG,1816.56,36.3312,ARS,REAL,,Importado desde db/sicons.xlsx - HOLCIM - CEMENTO CPC40 BOL 50 KG
2023-07-27,HOLCIM,0280-00151405,CEMENTO CPC40 BOL 50 KG,1816.56,36.3312,ARS,REAL,,Importado desde db/sicons.xlsx - HOLCIM - CEMENTO CPC40 BOL 50 KG
2023-07-28,HOLCIM,0280-00151474,CEMENTO CPC40 BOL 50 KG,1816.56,36.3312,ARS,REAL,,Importado desde db/sicons.xlsx - HOLCIM - CEMENTO CPC40 BOL 50 KG
2023-07-28,HOLCIM,0280-00151475,CEMENTO CPC40 BOL 50 KG,1816.56,36.3312,ARS,REAL,,Importado desde db/sicons.xlsx - HOLCIM - CEMENTO CPC40 BOL 50 KG
2023-07-29,HOLCIM,0280-00151512,CEMENTO CPC40 BOL 50 KG,1816.56,36.3312,ARS,REAL,,Importado desde db/sicons.xlsx - HOLCIM - CEMENTO CPC40 BOL 50 KG
2023-07-29,HOLCIM,0280-00151513,CEMENTO CPC40 BOL 50 KG,1816.56,36.3312,ARS,REAL,,Importado desde db/sicons.xlsx - HOLCIM - CEMENTO CPC40 BOL 50 KG
2023-07-31,HOLCIM,0280-00151594,CEMENTO CPC40 BOL 50 KG,1816.56,36.3312,ARS,REAL,,Importado desde db/sicons.xlsx - HOLCIM - CEMENTO CPC40 BOL 50 KG
2023-07-31,HOLCIM,0280-00151597,CEMENTO CPC40 BOL 50 KG,1816.56,36.3312,ARS,REAL,,Importado desde db/sicons.xlsx - HOLCIM - CEMENTO CPC40 BOL 50 KG
2023-07-31,HOLCIM,0280-00151598,CEMENTO CPC40 BOL 50 KG,1816.56,36.3312,ARS,REAL,,Importado desde db/sicons.xlsx - HOLCIM - CEMENTO CPC40 BOL 50 KG
2023-07-31,HOLCIM,0280-00151605,CEMENTO CPC40 BOL 50 KG,1816.56,36.3312,ARS,REAL,,Importado desde db/sicons.xlsx - HOLCIM - CEMENTO CPC40 BOL 50 KG
2023-08-01,HOLCIM,0280-00151653,CEMENTO CPC40 BOL 50 KG,1931.01,38.6201,ARS,REAL,,Importado desde db/sicons.xlsx - HOLCIM - CEMENTO CPC40 BOL 50 KG
2023-08-02,HOLCIM,0280-00151670,CEMENTO CPC40 BOL 50 KG,1931.01,38.6201,ARS,REAL,,Importado desde db/sicons.xlsx - HOLCIM - CEMENTO CPC40 BOL 50 KG
2023-08-03,HOLCIM,0280-00151704,CEMENTO CPC40 BOL 50 KG,1931.01,38.6201,ARS,REAL,,Importado desde db/sicons.xlsx - HOLCIM - CEMENTO CPC40 BOL 50 KG
2023-08-04,HOLCIM,0280-00151721,CEMENTO CPC40 BOL 50 KG,1931.01,38.6201,ARS,REAL,,Importado desde db/sicons.xlsx - HOLCIM - CEMENTO CPC40 BOL 50 KG
2023-08-04,HOLCIM,0280-00151722,CEMENTO CPC40 BOL 50 KG,1931.01,38.6201,ARS,REAL,,Importado desde db/sicons.xlsx - HOLCIM - CEMENTO CPC40 BOL 50 KG
2023-08-05,HOLCIM,0280-00151739,CEMENTO CPC40 BOL 50 KG,1931.01,38.6201,ARS,REAL,,Importado desde db/sicons.xlsx - HOLCIM - CEMENTO CPC40 BOL 50 KG
2023-08-05,HOLCIM,0280-00151740,CEMENTO CPC40 BOL 50 KG,1931.01,38.6201,ARS,REAL,,Importado desde db/sicons.xlsx - HOLCIM - CEMENTO CPC40 BOL 50 KG
2023-08-07,HOLCIM,0280-00151778,CEMENTO CPC40 BOL 50 KG,1931.01,38.6201,ARS,REAL,,Importado desde db/sicons.xlsx - HOLCIM - CEMENTO CPC40 BOL 50 KG
2023-08-07,HOLCIM,0280-00151779,CEMENTO CPC40 BOL 50 KG,1931.01,38.6201,ARS,REAL,,Importado desde db/sicons.xlsx - HOLCIM - CEMENTO CPC40 BOL 50 KG
2023-08-07,HOLCIM,0280-00151780,CEMENTO CPC40 BOL 50 KG,1931.01,38.6201,ARS,REAL,,Importado desde db/sicons.xlsx - HOLCIM - CEMENTO CPC40 BOL 50 KG
2023-08-10,HOLCIM,0280-00151864,CEMENTO CPC40 BOL 50 KG,1931.01,38.6201,ARS,REAL,,Importado desde db/sicons.xlsx - HOLCIM - CEMENTO CPC40 BOL 50 KG
2023-08-10,HOLCIM,0280-00151865,CEMENTO CPC40 BOL 50 KG,1931.01,38.6201,ARS,REAL,,Importado desde db/sicons.xlsx - HOLCIM - CEMENTO CPC40 BOL 50 KG
2023-08-10,HOLCIM,0280-00151866,CEMENTO CPC40 BOL 50 KG,1931.01,38.6201,ARS,REAL,,Importado desde db/sicons.xlsx - HOLCIM - CEMENTO CPC40 BOL 50 KG
2023-08-10,HOLCIM,0280-00151867,CEMENTO CPC40 BOL 50 KG,1931.01,38.6201,ARS,REAL,,Importado desde db/sicons.xlsx - HOLCIM - CEMENTO CPC40 BOL 50 KG
2023-08-11,HOLCIM,0280-00151895,CEMENTO CPC40 BOL 50 KG,1931.01,38.6201,ARS,REAL,,Importado desde db/sicons.xlsx - HOLCIM - CEMENTO CPC40 BOL 50 KG
2023-08-11,HOLCIM,0280-00151896,CEMENTO CPC40 BOL 50 KG,1931.01,38.6201,ARS,REAL,,Importado desde db/sicons.xlsx - HOLCIM - CEMENTO CPC40 BOL 50 KG
2023-08-12,HOLCIM,0280-00151929,CEMENTO CPC40 BOL 50 KG,1931.01,38.6201,ARS,REAL,,Importado desde db/sicons.xlsx - HOLCIM - CEMENTO CPC40 BOL 50 KG
2023-08-12,HOLCIM,0280-00151930,CEMENTO CPC40 BOL 50 KG,1931.01,38.6201,ARS,REAL,,Importado desde db/sicons.xlsx - HOLCIM - CEMENTO CPC40 BOL 50 KG
2023-08-14,HOLCIM,0280-00151961,CEMENTO CPC40 BOL 50 KG,1931.01,38.6201,ARS,REAL,,Importado desde db/sicons.xlsx - HOLCIM - CEMENTO CPC40 BOL 50 KG
2023-08-14,HOLCIM,0280-00151962,CEMENTO CPC40 BOL 50 KG,1931.01,38.6201,ARS,REAL,,Importado desde db/sicons.xlsx - HOLCIM - CEMENTO CPC40 BOL 50 KG
2023-08-14,HOLCIM,0280-00151963,CEMENTO CPC40 BOL 50 KG,1931.01,38.6201,ARS,REAL,,Importado desde db/sicons.xlsx - HOLCIM - CEMENTO CPC40 BOL 50 KG
2023-08-14,HOLCIM,0280-00151964,CEMENTO CPC40 BOL 50 KG,1931.01,38.6201,ARS,REAL,,Importado desde db/sicons.xlsx - HOLCIM - CEMENTO CPC40 BOL 50 KG
2023-08-15,HOLCIM,0280-00152018,CEMENTO CPC40 BOL 50 KG,1931.01,38.6201,ARS,REAL,,Importado desde db/sicons.xlsx - HOLCIM - CEMENTO CPC40 BOL 50 KG
2023-08-16,HOLCIM,0280-00152076,CEMENTO CPC40 BOL 50 KG,1931.01,38.6201,ARS,REAL,,Importado desde db/sicons.xlsx - HOLCIM - CEMENTO CPC40 BOL 50 KG
2023-08-16,HOLCIM,0280-00152077,CEMENTO CPC40 BOL 50 KG,1931.01,38.6201,ARS,REAL,,Importado desde db/sicons.xlsx - HOLCIM - CEMENTO CPC40 BOL 50 KG
2023-08-19,HOLCIM,0020-00152171,CEMENTO CPC40 BOL 50 KG,2168.52,43.3704,ARS,REAL,,Importado desde db/sicons.xlsx - HOLCIM - CEMENTO CPC40 BOL 50 KG
2023-08-22,HOLCIM,0280-00152233,CEMENTO CPC40 BOL 50 KG,2168.52,43.3704,ARS,REAL,,Importado desde db/sicons.xlsx - HOLCIM - CEMENTO CPC40 BOL 50 KG
2023-08-22,HOLCIM,0280-00152234,CEMENTO CPC40 BOL 50 KG,2168.52,43.3704,ARS,REAL,,Importado desde db/sicons.xlsx - HOLCIM - CEMENTO CPC40 BOL 50 KG
2023-08-23,HOLCIM,0280-00152267,CEMENTO CPC40 BOL 50 KG,2168.52,43.3704,ARS,REAL,,Importado desde db/sicons.xlsx - HOLCIM - CEMENTO CPC40 BOL 50 KG
2023-08-24,HOLCIM,0280-00152280,CEMENTO CPC40 BOL 50 KG,2168.52,43.3704,ARS,REAL,,Importado desde db/sicons.xlsx - HOLCIM - CEMENTO CPC40 BOL 50 KG
2023-08-24,HOLCIM,0280-00152281,CEMENTO CPC40 BOL 50 KG,2168.52,43.3704,ARS,REAL,,Importado desde db/sicons.xlsx - HOLCIM - CEMENTO CPC40 BOL 50 KG
2023-08-25,HOLCIM,0280-00152311,CEMENTO CPC40 BOL 50 KG,2168.52,43.3704,ARS,REAL,,Importado desde db/sicons.xlsx - HOLCIM - CEMENTO CPC40 BOL 50 KG
2023-08-25,HOLCIM,0280-00152312,CEMENTO CPC40 BOL 50 KG,2168.52,43.3704,ARS,REAL,,Importado desde db/sicons.xlsx - HOLCIM - CEMENTO CPC40 BOL 50 KG
2023-08-26,HOLCIM,0280-00152347,CEMENTO CPC40 BOL 50 KG,2168.52,43.3704,ARS,REAL,,Importado desde db/sicons.xlsx - HOLCIM - CEMENTO CPC40 BOL 50 KG
2023-08-26,HOLCIM,0280-00152348,CEMENTO CPC40 BOL 50 KG,2168.52,43.3704,ARS,REAL,,Importado desde db/sicons.xlsx - HOLCIM - CEMENTO CPC40 BOL 50 KG
2023-08-28,HOLCIM,0280-00152411,CEMENTO CPC40 BOL 50 KG,2168.52,43.3704,ARS,REAL,,Importado desde db/sicons.xlsx - HOLCIM - CEMENTO CPC40 BOL 50 KG
2023-08-28,HOLCIM,0280-00152412,CEMENTO CPC40 BOL 50 KG,2168.52,43.3704,ARS,REAL,,Importado desde db/sicons.xlsx - HOLCIM - CEMENTO CPC40 BOL 50 KG
2023-08-28,HOLCIM,0280-00152413,CEMENTO CPC40 BOL 50 KG,2168.52,43.3704,ARS,REAL,,Importado desde db/sicons.xlsx - HOLCIM - CEMENTO CPC40 BOL 50 KG
2023-08-28,HOLCIM,0280-00152414,CEMENTO CPC40 BOL 50 KG,2168.52,43.3704,ARS,REAL,,Importado desde db/sicons.xlsx - HOLCIM - CEMENTO CPC40 BOL 50 KG
2023-08-29,HOLCIM,0280-00152445,CEMENTO CPC40 BOL 50 KG,2168.52,43.3704,ARS,REAL,,Importado desde db/sicons.xlsx - HOLCIM - CEMENTO CPC40 BOL 50 KG
2023-08-29,HOLCIM,0280-00152446,CEMENTO CPC40 BOL 50 KG,2168.52,43.3704,ARS,REAL,,Importado desde db/sicons.xlsx - HOLCIM - CEMENTO CPC40 BOL 50 KG
2023-08-29,HOLCIM,0280-00152447,CEMENTO CPC40 BOL 50 KG,2168.52,43.3704,ARS,REAL,,Importado desde db/sicons.xlsx - HOLCIM - CEMENTO CPC40 BOL 50 KG
2023-08-30,HOLCIM,0280-00152512,CEMENTO CPC40 BOL 50 KG,2168.52,43.3704,ARS,REAL,,Importado desde db/sicons.xlsx - HOLCIM - CEMENTO CPC40 BOL 50 KG
2023-08-30,HOLCIM,0280-00152513,CEMENTO CPC40 BOL 50 KG,2168.52,43.3704,ARS,REAL,,Importado desde db/sicons.xlsx - HOLCIM - CEMENTO CPC40 BOL 50 KG
2023-08-30,HOLCIM,0280-00152514,CEMENTO CPC40 BOL 50 KG,2168.52,43.3704,ARS,REAL,,Importado desde db/sicons.xlsx - HOLCIM - CEMENTO CPC40 BOL 50 KG
2023-08-31,HOLCIM,0280-00152548,CEMENTO CPC40 BOL 50 KG,2168.52,43.3704,ARS,REAL,,Importado desde db/sicons.xlsx - HOLCIM - CEMENTO CPC40 BOL 50 KG
2023-08-31,HOLCIM,0280-00152550,CEMENTO CPC40 BOL 50 KG,2168.52,43.3704,ARS,REAL,,Importado desde db/sicons.xlsx - HOLCIM - CEMENTO CPC40 BOL 50 KG
2023-08-31,HOLCIM,0280-00152551,CEMENTO CPC40 BOL 50 KG,2168.52,43.3704,ARS,REAL,,Importado desde db/sicons.xlsx - HOLCIM - CEMENTO CPC40 BOL 50 KG
2023-09-05,HOLCIM,0280-00152721,CEMENTO CPC40 BOL 50 KG,2361.52,47.2303,ARS,REAL,,Importado desde db/sicons.xlsx - HOLCIM - CEMENTO CPC40 BOL 50 KG
2023-09-05,HOLCIM,0280-00152722,CEMENTO CPC40 BOL 50 KG,2361.52,47.2303,ARS,REAL,,Importado desde db/sicons.xlsx - HOLCIM - CEMENTO CPC40 BOL 50 KG
2023-09-06,HOLCIM,0280-00152737,CEMENTO CPC40 BOL 50 KG,2361.52,47.2303,ARS,REAL,,Importado desde db/sicons.xlsx - HOLCIM - CEMENTO CPC40 BOL 50 KG
2023-09-06,HOLCIM,0280-00152738,CEMENTO CPC40 BOL 50 KG,2361.52,47.2303,ARS,REAL,,Importado desde db/sicons.xlsx - HOLCIM - CEMENTO CPC40 BOL 50 KG
2023-09-07,HOLCIM,0280-00152750,CEMENTO CPC40 BOL 50 KG,2361.52,47.2303,ARS,REAL,,Importado desde db/sicons.xlsx - HOLCIM - CEMENTO CPC40 BOL 50 KG
2023-09-07,HOLCIM,0280-00152751,CEMENTO CPC40 BOL 50 KG,2361.52,47.2303,ARS,REAL,,Importado desde db/sicons.xlsx - HOLCIM - CEMENTO CPC40 BOL 50 KG
2023-09-09,HOLCIM,0280-00152783,CEMENTO CPC40 BOL 50 KG,2361.52,47.2303,ARS,REAL,,Importado desde db/sicons.xlsx - HOLCIM - CEMENTO CPC40 BOL 50 KG
2023-09-11,HOLCIM,0280-00152823,CEMENTO CPC40 BOL 50 KG,2361.52,47.2303,ARS,REAL,,Importado desde db/sicons.xlsx - HOLCIM - CEMENTO CPC40 BOL 50 KG
2023-09-11,HOLCIM,0280-00152824,CEMENTO CPC40 BOL 50 KG,2361.52,47.2303,ARS,REAL,,Importado desde db/sicons.xlsx - HOLCIM - CEMENTO CPC40 BOL 50 KG
2023-09-12,HOLCIM,0280-00152864,CEMENTO CPC40 BOL 50 KG,2361.52,47.2303,ARS,REAL,,Importado desde db/sicons.xlsx - HOLCIM - CEMENTO CPC40 BOL 50 KG
2023-09-12,HOLCIM,0280-00152865,CEMENTO CPC40 BOL 50 KG,2361.52,47.2303,ARS,REAL,,Importado desde db/sicons.xlsx - HOLCIM - CEMENTO CPC40 BOL 50 KG
2023-09-12,HOLCIM,0280-00152866,CEMENTO CPC40 BOL 50 KG,2361.52,47.2303,ARS,REAL,,Importado desde db/sicons.xlsx - HOLCIM - CEMENTO CPC40 BOL 50 KG
2023-09-13,HOLCIM,0280-00152894,CEMENTO CPC40 BOL 50 KG,2361.52,47.2303,ARS,REAL,,Importado desde db/sicons.xlsx - HOLCIM - CEMENTO CPC40 BOL 50 KG
2023-09-13,HOLCIM,0280-00152895,CEMENTO CPC40 BOL 50 KG,2361.52,47.2303,ARS,REAL,,Importado desde db/sicons.xlsx - HOLCIM - CEMENTO CPC40 BOL 50 KG
2023-09-13,HOLCIM,0280-00152897,CEMENTO CPC40 BOL 50 KG,2361.52,47.2303,ARS,REAL,,Importado desde db/sicons.xlsx - HOLCIM - CEMENTO CPC40 BOL 50 KG
2023-09-15,HOLCIM,0280-00152993,CEMENTO CPC40 BOL 50 KG,2361.52,47.2303,ARS,REAL,,Importado desde db/sicons.xlsx - HOLCIM - CEMENTO CPC40 BOL 50 KG
2023-09-15,HOLCIM,0280-00152994,CEMENTO CPC40 BOL 50 KG,2361.52,47.2303,ARS,REAL,,Importado desde db/sicons.xlsx - HOLCIM - CEMENTO CPC40 BOL 50 KG
2023-09-20,HOLCIM,0280-00153114,CEMENTO CPC40 BOL 50 KG,2361.52,47.2303,ARS,REAL,,Importado desde db/sicons.xlsx - HOLCIM - CEMENTO CPC40 BOL 50 KG
2023-09-21,HOLCIM,0280-00153148,CEMENTO CPC40 BOL 50 KG,2361.52,47.2303,ARS,REAL,,Importado desde db/sicons.xlsx - HOLCIM - CEMENTO CPC40 BOL 50 KG
2023-09-21,HOLCIM,0280-00153149,CEMENTO CPC40 BOL 50 KG,2361.52,47.2303,ARS,REAL,,Importado desde db/sicons.xlsx - HOLCIM - CEMENTO CPC40 BOL 50 KG
2023-09-21,HOLCIM,0280-00153150,CEMENTO CPC40 BOL 50 KG,2361.52,47.2303,ARS,REAL,,Importado desde db/sicons.xlsx - HOLCIM - CEMENTO CPC40 BOL 50 KG
2023-09-22,HOLCIM,0280-00147748,CEMENTO CPC40 BOL 50 KG,1376.08,27.5216,ARS,REAL,,Importado desde db/sicons.xlsx - HOLCIM - CEMENTO CPC40 BOL 50 KG
2023-09-22,HOLCIM,0280-00153181,CEMENTO CPC40 BOL 50 KG,2361.52,47.2303,ARS,REAL,,Importado desde db/sicons.xlsx - HOLCIM - CEMENTO CPC40 BOL 50 KG
2023-09-23,HOLCIM,0280-00153197,CEMENTO CPC40 BOL 50 KG,2361.52,47.2303,ARS,REAL,,Importado desde db/sicons.xlsx - HOLCIM - CEMENTO CPC40 BOL 50 KG
2023-09-23,HOLCIM,0280-00153198,CEMENTO CPC40 BOL 50 KG,2361.52,47.2303,ARS,REAL,,Importado desde db/sicons.xlsx - HOLCIM - CEMENTO CPC40 BOL 50 KG
2023-09-26,HOLCIM,0280-00153289,CEMENTO CPC40 BOL 50 KG,2361.52,47.2303,ARS,REAL,,Importado desde db/sicons.xlsx - HOLCIM - CEMENTO CPC40 BOL 50 KG
2023-09-26,HOLCIM,0280-00153290,CEMENTO CPC40 BOL 50 KG,2361.52,47.2303,ARS,REAL,,Importado desde db/sicons.xlsx - HOLCIM - CEMENTO CPC40 BOL 50 KG
2023-09-26,HOLCIM,0280-00153291,CEMENTO CPC40 BOL 50 KG,2361.52,47.2303,ARS,REAL,,Importado desde db/sicons.xlsx - HOLCIM - CEMENTO CPC40 BOL 50 KG
2023-09-27,HOLCIM,0280-00153306,CEMENTO CPC40 BOL 50 KG,2361.52,47.2303,ARS,REAL,,Importado desde db/sicons.xlsx - HOLCIM - CEMENTO CPC40 BOL 50 KG
2023-09-27,HOLCIM,0280-00153307,CEMENTO CPC40 BOL 50 KG,2361.52,47.2303,ARS,REAL,,Importado desde db/sicons.xlsx - HOLCIM - CEMENTO CPC40 BOL 50 KG
2023-09-28,HOLCIM,0280-00153365,CEMENTO CPC40 BOL 50 KG,2361.52,47.2303,ARS,REAL,,Importado desde db/sicons.xlsx - HOLCIM - CEMENTO CPC40 BOL 50 KG
2023-09-28,HOLCIM,0280-00153366,CEMENTO CPC40 BOL 50 KG,2361.52,47.2303,ARS,REAL,,Importado desde db/sicons.xlsx - HOLCIM - CEMENTO CPC40 BOL 50 KG
2023-09-29,HOLCIM,0280-00153417,CEMENTO CPC40 BOL 50 KG,2361.52,47.2303,ARS,REAL,,Importado desde db/sicons.xlsx - HOLCIM - CEMENTO CPC40 BOL 50 KG
2023-09-29,HOLCIM,0280-00153418,CEMENTO CPC40 BOL 50 KG,2361.52,47.2303,ARS,REAL,,Importado desde db/sicons.xlsx - HOLCIM - CEMENTO CPC40 BOL 50 KG
2023-09-30,HOLCIM,0280-00153478,CEMENTO CPC40 BOL 50 KG,2361.52,47.2303,ARS,REAL,,Importado desde db/sicons.xlsx - HOLCIM - CEMENTO CPC40 BOL 50 KG
2023-09-30,HOLCIM,0280-00153479,CEMENTO CPC40 BOL 50 KG,2361.52,47.2303,ARS,REAL,,Importado desde db/sicons.xlsx - HOLCIM - CEMENTO CPC40 BOL 50 KG
2023-10-02,HOLCIM,0280-00153512,CEMENTO CPC40 BOL 50 KG,2614.20,52.2840,ARS,REAL,,Importado desde db/sicons.xlsx - HOLCIM - CEMENTO CPC40 BOL 50 KG
2023-10-02,HOLCIM,0280-00153513,CEMENTO CPC40 BOL 50 KG,2614.20,52.2840,ARS,REAL,,Importado desde db/sicons.xlsx - HOLCIM - CEMENTO CPC40 BOL 50 KG
2023-10-03,HOLCIM,0280-00153545,CEMENTO CPC40 BOL 50 KG,2614.20,52.2840,ARS,REAL,,Importado desde db/sicons.xlsx - HOLCIM - CEMENTO CPC40 BOL 50 KG
2023-10-03,HOLCIM,0280-00153546,CEMENTO CPC40 BOL 50 KG,2614.20,52.2840,ARS,REAL,,Importado desde db/sicons.xlsx - HOLCIM - CEMENTO CPC40 BOL 50 KG
2023-10-03,HOLCIM,0280-00153547,CEMENTO CPC40 BOL 50 KG,2614.20,52.2840,ARS,REAL,,Importado desde db/sicons.xlsx - HOLCIM - CEMENTO CPC40 BOL 50 KG
2023-10-03,HOLCIM,0280-00153548,CEMENTO CPC40 BOL 50 KG,2614.20,52.2840,ARS,REAL,,Importado desde db/sicons.xlsx - HOLCIM - CEMENTO CPC40 BOL 50 KG
2023-10-04,HOLCIM,0280-00153606,CEMENTO CPC40 BOL 50 KG,2614.20,52.2840,ARS,REAL,,Importado desde db/sicons.xlsx - HOLCIM - CEMENTO CPC40 BOL 50 KG
2023-10-04,HOLCIM,0280-00153607,CEMENTO CPC40 BOL 50 KG,2614.20,52.2840,ARS,REAL,,Importado desde db/sicons.xlsx - HOLCIM - CEMENTO CPC40 BOL 50 KG
2023-10-04,HOLCIM,0280-00153608,CEMENTO CPC40 BOL 50 KG,2614.20,52.2840,ARS,REAL,,Importado desde db/sicons.xlsx - HOLCIM - CEMENTO CPC40 BOL 50 KG
2023-10-04,HOLCIM,0280-00153609,CEMENTO CPC40 BOL 50 KG,2614.20,52.2840,ARS,REAL,,Importado desde db/sicons.xlsx - HOLCIM - CEMENTO CPC40 BOL 50 KG
2023-10-05,HOLCIM,0280-00153620,CEMENTO CPC40 BOL 50 KG,2614.20,52.2840,ARS,REAL,,Importado desde db/sicons.xlsx - HOLCIM - CEMENTO CPC40 BOL 50 KG
2023-10-05,HOLCIM,0280-00153621,CEMENTO CPC40 BOL 50 KG,2614.20,52.2840,ARS,REAL,,Importado desde db/sicons.xlsx - HOLCIM - CEMENTO CPC40 BOL 50 KG
2023-10-05,HOLCIM,0280-00153622,CEMENTO CPC40 BOL 50 KG,2614.20,52.2840,ARS,REAL,,Importado desde db/sicons.xlsx - HOLCIM - CEMENTO CPC40 BOL 50 KG
2023-10-05,HOLCIM,0280-00153623,CEMENTO CPC40 BOL 50 KG,2614.20,52.2840,ARS,REAL,,Importado desde db/sicons.xlsx - HOLCIM - CEMENTO CPC40 BOL 50 KG
2023-10-06,HOLCIM,0280-00153650,CEMENTO CPC40 BOL 50 KG,2614.20,52.2840,ARS,REAL,,Importado desde db/sicons.xlsx - HOLCIM - CEMENTO CPC40 BOL 50 KG
2023-10-06,HOLCIM,0280-00153651,CEMENTO CPC40 BOL 50 KG,2614.20,52.2840,ARS,REAL,,Importado desde db/sicons.xlsx - HOLCIM - CEMENTO CPC40 BOL 50 KG
2023-10-06,HOLCIM,0280-00153652,CEMENTO CPC40 BOL 50 KG,2614.20,52.2840,ARS,REAL,,Importado desde db/sicons.xlsx - HOLCIM - CEMENTO CPC40 BOL 50 KG
2023-10-06,HOLCIM,0280-00153653,CEMENTO CPC40 BOL 50 KG,2614.20,52.2840,ARS,REAL,,Importado desde db/sicons.xlsx - HOLCIM - CEMENTO CPC40 BOL 50 KG
2023-10-11,HOLCIM,0280-00153793,CEMENTO CPC40 BOL 50 KG,2602.10,52.0420,ARS,REAL,,Importado desde db/sicons.xlsx - HOLCIM - CEMENTO CPC40 BOL 50 KG
2023-10-11,HOLCIM,0280-00153794,CEMENTO CPC40 BOL 50 KG,2602.10,52.0420,ARS,REAL,,Importado desde db/sicons.xlsx - HOLCIM - CEMENTO CPC40 BOL 50 KG
2023-10-12,HOLCIM,0280-00153833,CEMENTO CPC40 BOL 50 KG,2614.20,52.2840,ARS,REAL,,Importado desde db/sicons.xlsx - HOLCIM - CEMENTO CPC40 BOL 50 KG
2023-10-12,HOLCIM,0280-00153834,CEMENTO CPC40 BOL 50 KG,2614.20,52.2840,ARS,REAL,,Importado desde db/sicons.xlsx - HOLCIM - CEMENTO CPC40 BOL 50 KG
2023-10-18,HOLCIM,0280-00153980,CEMENTO CPC40 BOL 50 KG,2614.20,52.2840,ARS,REAL,,Importado desde db/sicons.xlsx - HOLCIM - CEMENTO CPC40 BOL 50 KG
2023-10-18,HOLCIM,0280-00153981,CEMENTO CPC40 BOL 50 KG,2614.20,52.2840,ARS,REAL,,Importado desde db/sicons.xlsx - HOLCIM - CEMENTO CPC40 BOL 50 KG
2023-10-20,HOLCIM,0280-00154073,CEMENTO CPC40 BOL 50 KG,2614.20,52.2840,ARS,REAL,,Importado desde db/sicons.xlsx - HOLCIM - CEMENTO CPC40 BOL 50 KG
2023-10-20,HOLCIM,0280-00154074,CEMENTO CPC40 BOL 50 KG,2614.20,52.2840,ARS,REAL,,Importado desde db/sicons.xlsx - HOLCIM - CEMENTO CPC40 BOL 50 KG
2023-10-21,HOLCIM,0280-00154114,CEMENTO CPC40 BOL 50 KG,2614.20,52.2840,ARS,REAL,,Importado desde db/sicons.xlsx - HOLCIM - CEMENTO CPC40 BOL 50 KG
2023-10-21,HOLCIM,0280-00154115,CEMENTO CPC40 BOL 50 KG,2614.20,52.2840,ARS,REAL,,Importado desde db/sicons.xlsx - HOLCIM - CEMENTO CPC40 BOL 50 KG
2023-10-23,HOLCIM,0280-00154184,CEMENTO CPC40 BOL 50 KG,2614.20,52.2840,ARS,REAL,,Importado desde db/sicons.xlsx - HOLCIM - CEMENTO CPC40 BOL 50 KG
2023-10-23,HOLCIM,0280-00154185,CEMENTO CPC40 BOL 50 KG,2614.20,52.2840,ARS,REAL,,Importado desde db/sicons.xlsx - HOLCIM - CEMENTO CPC40 BOL 50 KG
2023-10-23,HOLCIM,0280-00154186,CEMENTO CPC40 BOL 50 KG,2614.20,52.2840,ARS,REAL,,Importado desde db/sicons.xlsx - HOLCIM - CEMENTO CPC40 BOL 50 KG
2023-10-23,HOLCIM,0280-00154187,CEMENTO CPC40 BOL 50 KG,2614.20,52.2840,ARS,REAL,,Importado desde db/sicons.xlsx - HOLCIM - CEMENTO CPC40 BOL 50 KG
2023-10-24,HOLCIM,0280-00154236,CEMENTO CPC40 BOL 50 KG,2614.20,52.2840,ARS,REAL,,Importado desde db/sicons.xlsx - HOLCIM - CEMENTO CPC40 BOL 50 KG
2023-10-24,HOLCIM,0280-00154237,CEMENTO CPC40 BOL 50 KG,2614.20,52.2840,ARS,REAL,,Importado desde db/sicons.xlsx - HOLCIM - CEMENTO CPC40 BOL 50 KG
2023-10-24,HOLCIM,0280-00154238,CEMENTO CPC40 BOL 50 KG,2614.20,52.2840,ARS,REAL,,Importado desde db/sicons.xlsx - HOLCIM - CEMENTO CPC40 BOL 50 KG
2023-10-24,HOLCIM,0280-00154239,CEMENTO CPC40 BOL 50 KG,2614.20,52.2840,ARS,REAL,,Importado desde db/sicons.xlsx - HOLCIM - CEMENTO CPC40 BOL 50 KG
2023-10-25,HOLCIM,0280-00154267,CEMENTO CPC40 BOL 50 KG,2614.20,52.2840,ARS,REAL,,Importado desde db/sicons.xlsx - HOLCIM - CEMENTO CPC40 BOL 50 KG
2023-10-25,HOLCIM,0280-00154268,CEMENTO CPC40 BOL 50 KG,2614.20,52.2840,ARS,REAL,,Importado desde db/sicons.xlsx - HOLCIM - CEMENTO CPC40 BOL 50 KG
2023-10-25,HOLCIM,0280-00154269,CEMENTO CPC40 BOL 50 KG,2614.20,52.2840,ARS,REAL,,Importado desde db/sicons.xlsx - HOLCIM - CEMENTO CPC40 BOL 50 KG
2023-10-26,HOLCIM,0280-00154316,CEMENTO CPC40 BOL 50 KG,2614.20,52.2840,ARS,REAL,,Importado desde db/sicons.xlsx - HOLCIM - CEMENTO CPC40 BOL 50 KG
2023-10-26,HOLCIM,0280-00154317,CEMENTO CPC40 BOL 50 KG,2614.20,52.2840,ARS,REAL,,Importado desde db/sicons.xlsx - HOLCIM - CEMENTO CPC40 BOL 50 KG
2023-10-26,HOLCIM,0280-00154318,CEMENTO CPC40 BOL 50 KG,2614.20,52.2840,ARS,REAL,,Importado desde db/sicons.xlsx - HOLCIM - CEMENTO CPC40 BOL 50 KG
2023-10-27,HOLCIM,0280-00154349,CEMENTO CPC40 BOL 50 KG,2614.20,52.2840,ARS,REAL,,Importado desde db/sicons.xlsx - HOLCIM - CEMENTO CPC40 BOL 50 KG
2023-10-27,HOLCIM,0280-00154350,CEMENTO CPC40 BOL 50 KG,2614.20,52.2840,ARS,REAL,,Importado desde db/sicons.xlsx - HOLCIM - CEMENTO CPC40 BOL 50 KG
2023-10-27,HOLCIM,0280-00154351,CEMENTO CPC40 BOL 50 KG,2614.20,52.2840,ARS,REAL,,Importado desde db/sicons.xlsx - HOLCIM - CEMENTO CPC40 BOL 50 KG
2023-10-27,HOLCIM,0280-00154352,CEMENTO CPC40 BOL 50 KG,2614.20,52.2840,ARS,REAL,,Importado desde db/sicons.xlsx - HOLCIM - CEMENTO CPC40 BOL 50 KG
2023-10-28,HOLCIM,0280-00154389,CEMENTO CPC40 BOL 50 KG,2614.20,52.2840,ARS,REAL,,Importado desde db/sicons.xlsx - HOLCIM - CEMENTO CPC40 BOL 50 KG
2023-10-28,HOLCIM,0280-00154390,CEMENTO CPC40 BOL 50 KG,2614.20,52.2840,ARS,REAL,,Importado desde db/sicons.xlsx - HOLCIM - CEMENTO CPC40 BOL 50 KG
2023-10-30,HOLCIM,0280-00154446,CEMENTO CPC40 BOL 50 KG,2614.20,52.2840,ARS,REAL,,Importado desde db/sicons.xlsx - HOLCIM - CEMENTO CPC40 BOL 50 KG
2023-10-30,HOLCIM,0280-00154447,CEMENTO CPC40 BOL 50 KG,2614.20,52.2840,ARS,REAL,,Importado desde db/sicons.xlsx - HOLCIM - CEMENTO CPC40 BOL 50 KG
2023-10-30,HOLCIM,0280-00154448,CEMENTO CPC40 BOL 50 KG,2614.20,52.2840,ARS,REAL,,Importado desde db/sicons.xlsx - HOLCIM - CEMENTO CPC40 BOL 50 KG
2023-10-30,HOLCIM,0280-00154449,CEMENTO CPC40 BOL 50 KG,2614.20,52.2840,ARS,REAL,,Importado desde db/sicons.xlsx - HOLCIM - CEMENTO CPC40 BOL 50 KG
2023-10-31,HOLCIM,0280-00154491,CEMENTO CPC40 BOL 50 KG,2614.20,52.2840,ARS,REAL,,Importado desde db/sicons.xlsx - HOLCIM - CEMENTO CPC40 BOL 50 KG
2023-10-31,HOLCIM,0280-00154492,CEMENTO CPC40 BOL 50 KG,2614.20,52.2840,ARS,REAL,,Importado desde db/sicons.xlsx - HOLCIM - CEMENTO CPC40 BOL 50 KG
2023-10-31,HOLCIM,0280-00154542,CEMENTO CPC40 BOL 50 KG,2614.20,52.2840,ARS,REAL,,Importado desde db/sicons.xlsx - HOLCIM - CEMENTO CPC40 BOL 50 KG
2023-10-31,HOLCIM,0280-00154543,CEMENTO CPC40 BOL 50 KG,2614.20,52.2840,ARS,REAL,,Importado desde db/sicons.xlsx - HOLCIM - CEMENTO CPC40 BOL 50 KG
2023-11-03,HOLCIM,0280-00154655,CEMENTO CPC40 BOL 50 KG,2925.29,58.5058,ARS,REAL,,Importado desde db/sicons.xlsx - HOLCIM - CEMENTO CPC40 BOL 50 KG
2023-11-04,HOLCIM,0280-00154661,CEMENTO CPC40 BOL 50 KG,2925.29,58.5058,ARS,REAL,,Importado desde db/sicons.xlsx - HOLCIM - CEMENTO CPC40 BOL 50 KG
2023-11-06,HOLCIM,0280-00154699,CEMENTO CPC40 BOL 50 KG,2925.29,58.5058,ARS,REAL,,Importado desde db/sicons.xlsx - HOLCIM - CEMENTO CPC40 BOL 50 KG
2023-11-07,HOLCIM,0280-00154731,CEMENTO CPC40 BOL 50 KG,2836.24,56.7248,ARS,REAL,,Importado desde db/sicons.xlsx - HOLCIM - CEMENTO CPC40 BOL 50 KG
2023-11-07,HOLCIM,0280-00154732,CEMENTO CPC40 BOL 50 KG,2836.24,56.7248,ARS,REAL,,Importado desde db/sicons.xlsx - HOLCIM - CEMENTO CPC40 BOL 50 KG
2023-11-08,HOLCIM,0280-00154738,CEMENTO CPC40 BOL 50 KG,2836.24,56.7248,ARS,REAL,,Importado desde db/sicons.xlsx - HOLCIM - CEMENTO CPC40 BOL 50 KG
2023-11-14,HOLCIM,0280-00154904,CEMENTO CPC40 BOL 50 KG,2836.24,56.7248,ARS,REAL,,Importado desde db/sicons.xlsx - HOLCIM - CEMENTO CPC40 BOL 50 KG
2023-11-15,HOLCIM,0280-00154952,CEMENTO CPC40 BOL 50 KG,2836.24,56.7248,ARS,REAL,,Importado desde db/sicons.xlsx - HOLCIM - CEMENTO CPC40 BOL 50 KG
2023-11-16,HOLCIM,0280-00154970,CEMENTO CPC40 BOL 50 KG,2836.24,56.7248,ARS,REAL,,Importado desde db/sicons.xlsx - HOLCIM - CEMENTO CPC40 BOL 50 KG
2023-11-16,HOLCIM,0280-00154971,CEMENTO CPC40 BOL 50 KG,2836.24,56.7248,ARS,REAL,,Importado desde db/sicons.xlsx - HOLCIM - CEMENTO CPC40 BOL 50 KG
2023-11-17,HOLCIM,0280-00155002,CEMENTO CPC40 BOL 50 KG,2836.24,56.7248,ARS,REAL,,Importado desde db/sicons.xlsx - HOLCIM - CEMENTO CPC40 BOL 50 KG
2023-11-17,HOLCIM,0280-00155003,CEMENTO CPC40 BOL 50 KG,2836.24,56.7248,ARS,REAL,,Importado desde db/sicons.xlsx - HOLCIM - CEMENTO CPC40 BOL 50 KG
2023-11-17,HOLCIM,0280-00155004,CEMENTO CPC40 BOL 50 KG,2836.24,56.7248,ARS,REAL,,Importado desde db/sicons.xlsx - HOLCIM - CEMENTO CPC40 BOL 50 KG
2023-11-18,HOLCIM,0280-00155019,CEMENTO CPC40 BOL 50 KG,2836.24,56.7248,ARS,REAL,,Importado desde db/sicons.xlsx - HOLCIM - CEMENTO CPC40 BOL 50 KG
2023-11-18,HOLCIM,0280-00155020,CEMENTO CPC40 BOL 50 KG,2836.24,56.7248,ARS,REAL,,Importado desde db/sicons.xlsx - HOLCIM - CEMENTO CPC40 BOL 50 KG
2023-11-21,HOLCIM,0280-00155078,CEMENTO CPC40 BOL 50 KG,2836.24,56.7248,ARS,REAL,,Importado desde db/sicons.xlsx - HOLCIM - CEMENTO CPC40 BOL 50 KG
2023-11-21,HOLCIM,0280-00155079,CEMENTO CPC40 BOL 50 KG,2836.24,56.7248,ARS,REAL,,Importado desde db/sicons.xlsx - HOLCIM - CEMENTO CPC40 BOL 50 KG
2023-11-22,HOLCIM,0280-00155103,CEMENTO CPC40 BOL 50 KG,2836.24,56.7248,ARS,REAL,,Importado desde db/sicons.xlsx - HOLCIM - CEMENTO CPC40 BOL 50 KG
2023-11-22,HOLCIM,0280-00155104,CEMENTO CPC40 BOL 50 KG,2836.24,56.7248,ARS,REAL,,Importado desde db/sicons.xlsx - HOLCIM - CEMENTO CPC40 BOL 50 KG
2023-11-22,HOLCIM,0280-00155105,CEMENTO CPC40 BOL 50 KG,2836.24,56.7248,ARS,REAL,,Importado desde db/sicons.xlsx - HOLCIM - CEMENTO CPC40 BOL 50 KG
2023-11-23,HOLCIM,0280-00155140,CEMENTO CPC40 BOL 50 KG,2836.24,56.7248,ARS,REAL,,Importado desde db/sicons.xlsx - HOLCIM - CEMENTO CPC40 BOL 50 KG
2023-11-23,HOLCIM,0280-01550141,CEMENTO CPC40 BOL 50 KG,2836.24,56.7248,ARS,REAL,,Importado desde db/sicons.xlsx - HOLCIM - CEMENTO CPC40 BOL 50 KG
2023-11-24,HOLCIM,0280-00155183,CEMENTO CPC40 BOL 50 KG,2836.24,56.7248,ARS,REAL,,Importado desde db/sicons.xlsx - HOLCIM - CEMENTO CPC40 BOL 50 KG
2023-11-24,HOLCIM,0280-00155184,CEMENTO CPC40 BOL 50 KG,2836.24,56.7248,ARS,REAL,,Importado desde db/sicons.xlsx - HOLCIM - CEMENTO CPC40 BOL 50 KG
2023-11-25,HOLCIM,0280-00155229,CEMENTO CPC40 BOL 50 KG,2836.24,56.7248,ARS,REAL,,Importado desde db/sicons.xlsx - HOLCIM - CEMENTO CPC40 BOL 50 KG
2023-11-28,HOLCIM,0280-00155367,CEMENTO CPC40 BOL 50 KG,2836.24,56.7248,ARS,REAL,,Importado desde db/sicons.xlsx - HOLCIM - CEMENTO CPC40 BOL 50 KG
2023-11-28,HOLCIM,0280-00155368,CEMENTO CPC40 BOL 50 KG,2836.24,56.7248,ARS,REAL,,Importado desde db/sicons.xlsx - HOLCIM - CEMENTO CPC40 BOL 50 KG
2023-11-29,HOLCIM,0280-00155382,CEMENTO CPC40 BOL 50 KG,3162.41,63.2482,ARS,REAL,,Importado desde db/sicons.xlsx - HOLCIM - CEMENTO CPC40 BOL 50 KG
2023-11-29,HOLCIM,0280-00155383,CEMENTO CPC40 BOL 50 KG,3162.41,63.2482,ARS,REAL,,Importado desde db/sicons.xlsx - HOLCIM - CEMENTO CPC40 BOL 50 KG
2023-12-01,HOLCIM,0280-00155476,CEMENTO CPC40 BOL 50 KG,3162.41,63.2482,ARS,REAL,,Importado desde db/sicons.xlsx - HOLCIM - CEMENTO CPC40 BOL 50 KG
2023-12-01,HOLCIM,0280-00155477,CEMENTO CPC40 BOL 50 KG,3162.41,63.2482,ARS,REAL,,Importado desde db/sicons.xlsx - HOLCIM - CEMENTO CPC40 BOL 50 KG
2023-12-02,HOLCIM,0280-00155497,CEMENTO CPC40 BOL 50 KG,3162.41,63.2482,ARS,REAL,,Importado desde db/sicons.xlsx - HOLCIM - CEMENTO CPC40 BOL 50 KG
2023-12-04,HOLCIM,0280-00155535,CEMENTO CPC40 BOL 50 KG,3162.41,63.2482,ARS,REAL,,Importado desde db/sicons.xlsx - HOLCIM - CEMENTO CPC40 BOL 50 KG
2023-12-05,HOLCIM,0280-00155544,CEMENTO CPC40 BOL 50 KG,3162.41,63.2482,ARS,REAL,,Importado desde db/sicons.xlsx - HOLCIM - CEMENTO CPC40 BOL 50 KG
2023-12-05,HOLCIM,0280-00155545,CEMENTO CPC40 BOL 50 KG,3162.41,63.2482,ARS,REAL,,Importado desde db/sicons.xlsx - HOLCIM - CEMENTO CPC40 BOL 50 KG
2023-12-06,HOLCIM,0280-00155566,CEMENTO CPC40 BOL 50 KG,3162.41,63.2482,ARS,REAL,,Importado desde db/sicons.xlsx - HOLCIM - CEMENTO CPC40 BOL 50 KG
2023-12-06,HOLCIM,0280-00155567,CEMENTO CPC40 BOL 50 KG,3162.41,63.2482,ARS,REAL,,Importado desde db/sicons.xlsx - HOLCIM - CEMENTO CPC40 BOL 50 KG
2023-12-07,HOLCIM,0280-00155596,CEMENTO CPC40 BOL 50 KG,3162.41,63.2482,ARS,REAL,,Importado desde db/sicons.xlsx - HOLCIM - CEMENTO CPC40 BOL 50 KG
2023-12-07,HOLCIM,0280-00155597,CEMENTO CPC40 BOL 50 KG,3162.41,63.2482,ARS,REAL,,Importado desde db/sicons.xlsx - HOLCIM - CEMENTO CPC40 BOL 50 KG
2023-12-07,HOLCIM,0280-00155598,CEMENTO CPC40 BOL 50 KG,3162.41,63.2482,ARS,REAL,,Importado desde db/sicons.xlsx - HOLCIM - CEMENTO CPC40 BOL 50 KG
2023-12-07,HOLCIM,0280-00155599,CEMENTO CPC40 BOL 50 KG,3162.41,63.2482,ARS,REAL,,Importado desde db/sicons.xlsx - HOLCIM - CEMENTO CPC40 BOL 50 KG
2023-12-09,HOLCIM,0280-00155619,CEMENTO CPC40 BOL 50 KG,3162.41,63.2482,ARS,REAL,,Importado desde db/sicons.xlsx - HOLCIM - CEMENTO CPC40 BOL 50 KG
2023-12-11,HOLCIM,0280-00155672,CEMENTO CPC40 BOL 50 KG,3162.41,63.2482,ARS,REAL,,Importado desde db/sicons.xlsx - HOLCIM - CEMENTO CPC40 BOL 50 KG
2023-12-11,HOLCIM,0280-00155673,CEMENTO CPC40 BOL 50 KG,3162.41,63.2482,ARS,REAL,,Importado desde db/sicons.xlsx - HOLCIM - CEMENTO CPC40 BOL 50 KG
2023-12-12,HOLCIM,0280-00155701,CEMENTO CPC40 BOL 50 KG,3162.41,63.2482,ARS,REAL,,Importado desde db/sicons.xlsx - HOLCIM - CEMENTO CPC40 BOL 50 KG
2023-12-12,HOLCIM,0280-00155702,CEMENTO CPC40 BOL 50 KG,3162.41,63.2482,ARS,REAL,,Importado desde db/sicons.xlsx - HOLCIM - CEMENTO CPC40 BOL 50 KG
2023-12-12,HOLCIM,0280-00155703,CEMENTO CPC40 BOL 50 KG,3162.41,63.2482,ARS,REAL,,Importado desde db/sicons.xlsx - HOLCIM - CEMENTO CPC40 BOL 50 KG
2023-12-13,HOLCIM,0280-00155748,CEMENTO CPC40 BOL 50 KG,3162.41,63.2482,ARS,REAL,,Importado desde db/sicons.xlsx - HOLCIM - CEMENTO CPC40 BOL 50 KG
2023-12-13,HOLCIM,0280-00155749,CEMENTO CPC40 BOL 50 KG,3162.41,63.2482,ARS,REAL,,Importado desde db/sicons.xlsx - HOLCIM - CEMENTO CPC40 BOL 50 KG
2023-12-13,HOLCIM,0280-00155750,CEMENTO CPC40 BOL 50 KG,3162.41,63.2482,ARS,REAL,,Importado desde db/sicons.xlsx - HOLCIM - CEMENTO CPC40 BOL 50 KG
2023-12-14,HOLCIM,0280-00155802,CEMENTO CPC40 BOL 50 KG,4047.88,80.9576,ARS,REAL,,Importado desde db/sicons.xlsx - HOLCIM - CEMENTO CPC40 BOL 50 KG
2023-12-14,HOLCIM,0280-00155803,CEMENTO CPC40 BOL 50 KG,4047.88,80.9576,ARS,REAL,,Importado desde db/sicons.xlsx - HOLCIM - CEMENTO CPC40 BOL 50 KG
2023-12-15,HOLCIM,0280-00155836,CEMENTO CPC40 BOL 50 KG,4047.88,80.9576,ARS,REAL,,Importado desde db/sicons.xlsx - HOLCIM - CEMENTO CPC40 BOL 50 KG
2023-12-15,HOLCIM,0280-00155837,CEMENTO CPC40 BOL 50 KG,4047.88,80.9576,ARS,REAL,,Importado desde db/sicons.xlsx - HOLCIM - CEMENTO CPC40 BOL 50 KG
2023-12-20,HOLCIM,0280-00155963,CEMENTO CPC40 BOL 50 KG,4047.88,80.9576,ARS,REAL,,Importado desde db/sicons.xlsx - HOLCIM - CEMENTO CPC40 BOL 50 KG
2023-12-21,HOLCIM,0280-00155982,CEMENTO CPC40 BOL 50 KG,4047.88,80.9576,ARS,REAL,,Importado desde db/sicons.xlsx - HOLCIM - CEMENTO CPC40 BOL 50 KG
2023-12-21,HOLCIM,0280-00155983,CEMENTO CPC40 BOL 50 KG,4047.88,80.9576,ARS,REAL,,Importado desde db/sicons.xlsx - HOLCIM - CEMENTO CPC40 BOL 50 KG
2023-12-22,HOLCIM,0280-00155994,CEMENTO CPC40 BOL 50 KG,4047.88,80.9576,ARS,REAL,,Importado desde db/sicons.xlsx - HOLCIM - CEMENTO CPC40 BOL 50 KG
2023-12-22,HOLCIM,0280-00155995,CEMENTO CPC40 BOL 50 KG,4047.88,80.9576,ARS,REAL,,Importado desde db/sicons.xlsx - HOLCIM - CEMENTO CPC40 BOL 50 KG
2023-12-22,HOLCIM,0280-00155996,CEMENTO CPC40 BOL 50 KG,4047.88,80.9576,ARS,REAL,,Importado desde db/sicons.xlsx - HOLCIM - CEMENTO CPC40 BOL 50 KG
2023-12-23,HOLCIM,0280-00156009,CEMENTO CPC40 BOL 50 KG,4047.45,80.9490,ARS,REAL,,Importado desde db/sicons.xlsx - HOLCIM - CEMENTO CPC40 BOL 50 KG
2023-12-23,HOLCIM,0280-00156010,CEMENTO CPC40 BOL 50 KG,4047.88,80.9576,ARS,REAL,,Importado desde db/sicons.xlsx - HOLCIM - CEMENTO CPC40 BOL 50 KG
2023-12-26,HOLCIM,0280-00156054,CEMENTO CPC40 BOL 50 KG,4047.88,80.9576,ARS,REAL,,Importado desde db/sicons.xlsx - HOLCIM - CEMENTO CPC40 BOL 50 KG
2023-12-26,HOLCIM,0280-00156055,CEMENTO CPC40 BOL 50 KG,4047.88,80.9576,ARS,REAL,,Importado desde db/sicons.xlsx - HOLCIM - CEMENTO CPC40 BOL 50 KG
2023-12-26,HOLCIM,0280-00156056,CEMENTO CPC40 BOL 50 KG,4047.88,80.9576,ARS,REAL,,Importado desde db/sicons.xlsx - HOLCIM - CEMENTO CPC40 BOL 50 KG
2023-12-26,HOLCIM,0280-00156057,CEMENTO CPC40 BOL 50 KG,4047.88,80.9576,ARS,REAL,,Importado desde db/sicons.xlsx - HOLCIM - CEMENTO CPC40 BOL 50 KG
2024-01-01,HOLCIM,0280-00156763,CEMENTO CPC40 BOL 50 KG,4493.94,89.8788,ARS,REAL,,Importado desde db/sicons.xlsx - HOLCIM - CEMENTO CPC40 BOL 50 KG
2024-01-04,HOLCIM,0280-00156214,CEMENTO CPC40 BOL 50 KG,4493.94,89.8788,ARS,REAL,,Importado desde db/sicons.xlsx - HOLCIM - CEMENTO CPC40 BOL 50 KG
2024-01-04,HOLCIM,0280-00156215,CEMENTO CPC40 BOL 50 KG,4493.94,89.8788,ARS,REAL,,Importado desde db/sicons.xlsx - HOLCIM - CEMENTO CPC40 BOL 50 KG
2024-01-04,HOLCIM,0280-00156216,CEMENTO CPC40 BOL 50 KG,4493.94,89.8788,ARS,REAL,,Importado desde db/sicons.xlsx - HOLCIM - CEMENTO CPC40 BOL 50 KG
2024-01-04,HOLCIM,0280-00156217,CEMENTO CPC40 BOL 50 KG,4493.94,89.8788,ARS,REAL,,Importado desde db/sicons.xlsx - HOLCIM - CEMENTO CPC40 BOL 50 KG
2024-01-09,HOLCIM,0280-00156302,CEMENTO CPC40 BOL 50 KG,4493.94,89.8788,ARS,REAL,,Importado desde db/sicons.xlsx - HOLCIM - CEMENTO CPC40 BOL 50 KG
2024-01-10,HOLCIM,0280-00156325,CEMENTO CPC40 BOL 50 KG,4493.94,89.8788,ARS,REAL,,Importado desde db/sicons.xlsx - HOLCIM - CEMENTO CPC40 BOL 50 KG
2024-01-11,HOLCIM,0280-00156362,CEMENTO CPC40 BOL 50 KG,4493.94,89.8788,ARS,REAL,,Importado desde db/sicons.xlsx - HOLCIM - CEMENTO CPC40 BOL 50 KG
2024-01-12,HOLCIM,0280-00156371,CEMENTO CPC40 BOL 50 KG,4493.94,89.8788,ARS,REAL,,Importado desde db/sicons.xlsx - HOLCIM - CEMENTO CPC40 BOL 50 KG
2024-01-15,HOLCIM,0280-00156447,CEMENTO CPC40 BOL 50 KG,4493.94,89.8788,ARS,REAL,,Importado desde db/sicons.xlsx - HOLCIM - CEMENTO CPC40 BOL 50 KG
2024-01-16,HOLCIM,0280-00156462,CEMENTO CPC40 BOL 50 KG,4493.94,89.8788,ARS,REAL,,Importado desde db/sicons.xlsx - HOLCIM - CEMENTO CPC40 BOL 50 KG
2024-01-17,HOLCIM,0280-00156472,CEMENTO CPC40 BOL 50 KG,4493.94,89.8788,ARS,REAL,,Importado desde db/sicons.xlsx - HOLCIM - CEMENTO CPC40 BOL 50 KG
2024-01-18,HOLCIM,0280-00156486,CEMENTO CPC40 BOL 50 KG,4493.94,89.8788,ARS,REAL,,Importado desde db/sicons.xlsx - HOLCIM - CEMENTO CPC40 BOL 50 KG
2024-01-19,HOLCIM,0280-00156511,CEMENTO CPC40 BOL 50 KG,4493.94,89.8788,ARS,REAL,,Importado desde db/sicons.xlsx - HOLCIM - CEMENTO CPC40 BOL 50 KG
2024-01-23,HOLCIM,0280-00156554,CEMENTO CPC40 BOL 50 KG,4493.94,89.8788,ARS,REAL,,Importado desde db/sicons.xlsx - HOLCIM - CEMENTO CPC40 BOL 50 KG
2024-01-23,HOLCIM,0280-01586555,CEMENTO CPC40 BOL 50 KG,4493.94,89.8788,ARS,REAL,,Importado desde db/sicons.xlsx - HOLCIM - CEMENTO CPC40 BOL 50 KG
2024-01-24,HOLCIM,0280-00156568,CEMENTO CPC40 BOL 50 KG,4493.94,89.8788,ARS,REAL,,Importado desde db/sicons.xlsx - HOLCIM - CEMENTO CPC40 BOL 50 KG
2024-01-25,HOLCIM,0280-00156607,CEMENTO CPC40 BOL 50 KG,4493.94,89.8788,ARS,REAL,,Importado desde db/sicons.xlsx - HOLCIM - CEMENTO CPC40 BOL 50 KG
2024-01-25,HOLCIM,0280-00156608,CEMENTO CPC40 BOL 50 KG,4493.94,89.8788,ARS,REAL,,Importado desde db/sicons.xlsx - HOLCIM - CEMENTO CPC40 BOL 50 KG
2024-01-26,HOLCIM,0280-00156625,CEMENTO CPC40 BOL 50 KG,4493.94,89.8788,ARS,REAL,,Importado desde db/sicons.xlsx - HOLCIM - CEMENTO CPC40 BOL 50 KG
2024-01-26,HOLCIM,0280-00156626,CEMENTO CPC40 BOL 50 KG,4493.94,89.8788,ARS,REAL,,Importado desde db/sicons.xlsx - HOLCIM - CEMENTO CPC40 BOL 50 KG
2024-01-26,HOLCIM,0280-00156636,CEMENTO CPC40 BOL 50 KG,4493.94,89.8788,ARS,REAL,,Importado desde db/sicons.xlsx - HOLCIM - CEMENTO CPC40 BOL 50 KG
2024-01-29,HOLCIM,0280-00156681,CEMENTO CPC40 BOL 50 KG,4493.94,89.8788,ARS,REAL,,Importado desde db/sicons.xlsx - HOLCIM - CEMENTO CPC40 BOL 50 KG
2024-01-29,HOLCIM,0280-00156682,CEMENTO CPC40 BOL 50 KG,4493.94,89.8788,ARS,REAL,,Importado desde db/sicons.xlsx - HOLCIM - CEMENTO CPC40 BOL 50 KG
2024-01-29,HOLCIM,0280-00156683,CEMENTO CPC40 BOL 50 KG,4493.94,89.8788,ARS,REAL,,Importado desde db/sicons.xlsx - HOLCIM - CEMENTO CPC40 BOL 50 KG
2024-01-30,HOLCIM,0280-00156718,CEMENTO CPC40 BOL 50 KG,4493.94,89.8788,ARS,REAL,,Importado desde db/sicons.xlsx - HOLCIM - CEMENTO CPC40 BOL 50 KG
2024-01-30,HOLCIM,0280-00156720,CEMENTO CPC40 BOL 50 KG,4493.94,89.8788,ARS,REAL,,Importado desde db/sicons.xlsx - HOLCIM - CEMENTO CPC40 BOL 50 KG
2024-01-30,HOLCIM,0280-01586719,CEMENTO CPC40 BOL 50 KG,4493.94,89.8788,ARS,REAL,,Importado desde db/sicons.xlsx - HOLCIM - CEMENTO CPC40 BOL 50 KG
2024-01-31,HOLCIM,0280-00156738,CEMENTO CPC40 BOL 50 KG,4493.94,89.8788,ARS,REAL,,Importado desde db/sicons.xlsx - HOLCIM - CEMENTO CPC40 BOL 50 KG
2024-01-31,HOLCIM,0280-00156739,CEMENTO CPC40 BOL 50 KG,4493.94,89.8788,ARS,REAL,,Importado desde db/sicons.xlsx - HOLCIM - CEMENTO CPC40 BOL 50 KG
2024-01-31,HOLCIM,0280-00156762,CEMENTO CPC40 BOL 50 KG,4493.94,89.8788,ARS,REAL,,Importado desde db/sicons.xlsx - HOLCIM - CEMENTO CPC40 BOL 50 KG
2024-02-06,HOLCIM,0280-00156886,CEMENTO CPC40 BOL 50 KG,5612.95,112.2590,ARS,REAL,,Importado desde db/sicons.xlsx - HOLCIM - CEMENTO CPC40 BOL 50 KG
2024-02-08,HOLCIM,0280-00156928,CEMENTO CPC40 BOL 50 KG,5612.95,112.2590,ARS,REAL,,Importado desde db/sicons.xlsx - HOLCIM - CEMENTO CPC40 BOL 50 KG
2024-02-09,HOLCIM,0280-00156939,CEMENTO CPC40 BOL 50 KG,5612.95,112.2590,ARS,REAL,,Importado desde db/sicons.xlsx - HOLCIM - CEMENTO CPC40 BOL 50 KG
2024-02-09,HOLCIM,0280-00156940,CEMENTO CPC40 BOL 50 KG,5612.95,112.2590,ARS,REAL,,Importado desde db/sicons.xlsx - HOLCIM - CEMENTO CPC40 BOL 50 KG
2024-02-10,HOLCIM,0280-00156947,CEMENTO CPC40 BOL 50 KG,5612.95,112.2590,ARS,REAL,,Importado desde db/sicons.xlsx - HOLCIM - CEMENTO CPC40 BOL 50 KG
2024-02-19,HOLCIM,0280-00157050,CEMENTO CPC40 BOL 50 KG,5612.95,112.2590,ARS,REAL,,Importado desde db/sicons.xlsx - HOLCIM - CEMENTO CPC40 BOL 50 KG
2024-02-19,HOLCIM,0280-00157051,CEMENTO CPC40 BOL 50 KG,5612.95,112.2590,ARS,REAL,,Importado desde db/sicons.xlsx - HOLCIM - CEMENTO CPC40 BOL 50 KG
2024-02-21,HOLCIM,0280-00157082,CEMENTO CPC40 BOL 50 KG,5612.95,112.2590,ARS,REAL,,Importado desde db/sicons.xlsx - HOLCIM - CEMENTO CPC40 BOL 50 KG
2024-02-22,HOLCIM,0280-00157108,CEMENTO CPC40 BOL 50 KG,5612.95,112.2590,ARS,REAL,,Importado desde db/sicons.xlsx - HOLCIM - CEMENTO CPC40 BOL 50 KG
2024-02-23,HOLCIM,0280-00157140,CEMENTO CPC40 BOL 50 KG,5612.95,112.2590,ARS,REAL,,Importado desde db/sicons.xlsx - HOLCIM - CEMENTO CPC40 BOL 50 KG
2024-02-26,HOLCIM,0280-00157192,CEMENTO CPC40 BOL 50 KG,5612.95,112.2590,ARS,REAL,,Importado desde db/sicons.xlsx - HOLCIM - CEMENTO CPC40 BOL 50 KG
2024-02-27,HOLCIM,0280-00157210,CEMENTO CPC40 BOL 50 KG,5612.95,112.2590,ARS,REAL,,Importado desde db/sicons.xlsx - HOLCIM - CEMENTO CPC40 BOL 50 KG
2024-02-27,HOLCIM,0280-00157211,CEMENTO CPC40 BOL 50 KG,5612.95,112.2590,ARS,REAL,,Importado desde db/sicons.xlsx - HOLCIM - CEMENTO CPC40 BOL 50 KG
2024-02-28,HOLCIM,0280-00157244,CEMENTO CPC40 BOL 50 KG,5612.95,112.2590,ARS,REAL,,Importado desde db/sicons.xlsx - HOLCIM - CEMENTO CPC40 BOL 50 KG
2024-02-28,HOLCIM,0280-00157245,CEMENTO CPC40 BOL 50 KG,5612.95,112.2590,ARS,REAL,,Importado desde db/sicons.xlsx - HOLCIM - CEMENTO CPC40 BOL 50 KG
2024-02-28,HOLCIM,0280-00157246,CEMENTO CPC40 BOL 50 KG,5612.95,112.2590,ARS,REAL,,Importado desde db/sicons.xlsx - HOLCIM - CEMENTO CPC40 BOL 50 KG
2024-02-28,HOLCIM,0280-00157247,CEMENTO CPC40 BOL 50 KG,5612.95,112.2590,ARS,REAL,,Importado desde db/sicons.xlsx - HOLCIM - CEMENTO CPC40 BOL 50 KG
2024-02-29,HOLCIM,0280-00157268,CEMENTO CPC40 BOL 50 KG,5612.95,112.2590,ARS,REAL,,Importado desde db/sicons.xlsx - HOLCIM - CEMENTO CPC40 BOL 50 KG
2024-02-29,HOLCIM,0280-00157269,CEMENTO CPC40 BOL 50 KG,5612.95,112.2590,ARS,REAL,,Importado desde db/sicons.xlsx - HOLCIM - CEMENTO CPC40 BOL 50 KG
2024-02-29,HOLCIM,0280-00157270,CEMENTO CPC40 BOL 50 KG,5612.95,112.2590,ARS,REAL,,Importado desde db/sicons.xlsx - HOLCIM - CEMENTO CPC40 BOL 50 KG
2024-02-29,HOLCIM,0280-00157271,CEMENTO CPC40 BOL 50 KG,5612.95,112.2590,ARS,REAL,,Importado desde db/sicons.xlsx - HOLCIM - CEMENTO CPC40 BOL 50 KG
2024-03-07,HOLCIM,0280-00157384,CEMENTO CPC40 BOL 50 KG,6449.28,128.9855,ARS,REAL,,Importado desde db/sicons.xlsx - HOLCIM - CEMENTO CPC40 BOL 50 KG
2024-03-08,HOLCIM,0280-00157393,CEMENTO CPC40 BOL 50 KG,6449.28,128.9855,ARS,REAL,,Importado desde db/sicons.xlsx - HOLCIM - CEMENTO CPC40 BOL 50 KG
2024-03-09,HOLCIM,0280-00157403,CEMENTO CPC40 BOL 50 KG,6449.28,128.9855,ARS,REAL,,Importado desde db/sicons.xlsx - HOLCIM - CEMENTO CPC40 BOL 50 KG
2024-03-13,HOLCIM,0280-00157443,CEMENTO CPC40 BOL 50 KG,6449.28,128.9855,ARS,REAL,,Importado desde db/sicons.xlsx - HOLCIM - CEMENTO CPC40 BOL 50 KG
2024-03-13,HOLCIM,0280-00157444,CEMENTO CPC40 BOL 50 KG,6449.28,128.9855,ARS,REAL,,Importado desde db/sicons.xlsx - HOLCIM - CEMENTO CPC40 BOL 50 KG
2024-03-13,HOLCIM,0280-00157445,CEMENTO CPC40 BOL 50 KG,6449.28,128.9855,ARS,REAL,,Importado desde db/sicons.xlsx - HOLCIM - CEMENTO CPC40 BOL 50 KG
2024-03-14,HOLCIM,0280-00157461,CEMENTO CPC40 BOL 50 KG,6449.28,128.9855,ARS,REAL,,Importado desde db/sicons.xlsx - HOLCIM - CEMENTO CPC40 BOL 50 KG
2024-03-14,HOLCIM,0280-00157462,CEMENTO CPC40 BOL 50 KG,6449.28,128.9855,ARS,REAL,,Importado desde db/sicons.xlsx - HOLCIM - CEMENTO CPC40 BOL 50 KG
2024-03-14,HOLCIM,0280-00157463,CEMENTO CPC40 BOL 50 KG,6449.28,128.9855,ARS,REAL,,Importado desde db/sicons.xlsx - HOLCIM - CEMENTO CPC40 BOL 50 KG
2024-03-15,HOLCIM,0280-00157499,CEMENTO CPC40 BOL 50 KG,6449.28,128.9855,ARS,REAL,,Importado desde db/sicons.xlsx - HOLCIM - CEMENTO CPC40 BOL 50 KG
2024-03-15,HOLCIM,0280-00157500,CEMENTO CPC40 BOL 50 KG,6449.28,128.9855,ARS,REAL,,Importado desde db/sicons.xlsx - HOLCIM - CEMENTO CPC40 BOL 50 KG
2024-03-22,HOLCIM,0280-00157642,CEMENTO CPC40 BOL 50 KG,6449.28,128.9855,ARS,REAL,,Importado desde db/sicons.xlsx - HOLCIM - CEMENTO CPC40 BOL 50 KG
2024-03-25,HOLCIM,0280-00157689,CEMENTO CPC40 BOL 50 KG,6449.28,128.9855,ARS,REAL,,Importado desde db/sicons.xlsx - HOLCIM - CEMENTO CPC40 BOL 50 KG
2024-03-25,HOLCIM,0280-00158165,CEMENTO CPC40 BOL 50 KG,6771.74,135.4348,ARS,REAL,,Importado desde db/sicons.xlsx - HOLCIM - CEMENTO CPC40 BOL 50 KG
2024-03-26,HOLCIM,0280-00157706,CEMENTO CPC40 BOL 50 KG,6449.28,128.9855,ARS,REAL,,Importado desde db/sicons.xlsx - HOLCIM - CEMENTO CPC40 BOL 50 KG
2024-03-26,HOLCIM,0280-00157707,CEMENTO CPC40 BOL 50 KG,6449.28,128.9855,ARS,REAL,,Importado desde db/sicons.xlsx - HOLCIM - CEMENTO CPC40 BOL 50 KG
2024-03-26,HOLCIM,0280-00157708,CEMENTO CPC40 BOL 50 KG,6449.28,128.9855,ARS,REAL,,Importado desde db/sicons.xlsx - HOLCIM - CEMENTO CPC40 BOL 50 KG
2024-03-27,HOLCIM,0280-00157739,CEMENTO CPC40 BOL 50 KG,6449.28,128.9855,ARS,REAL,,Importado desde db/sicons.xlsx - HOLCIM - CEMENTO CPC40 BOL 50 KG
2024-03-27,HOLCIM,0280-00157740,CEMENTO CPC40 BOL 50 KG,6449.28,128.9855,ARS,REAL,,Importado desde db/sicons.xlsx - HOLCIM - CEMENTO CPC40 BOL 50 KG
2024-03-28,HOLCIM,0280-00157777,CEMENTO CPC40 BOL 50 KG,6449.28,128.9855,ARS,REAL,,Importado desde db/sicons.xlsx - HOLCIM - CEMENTO CPC40 BOL 50 KG
2024-03-28,HOLCIM,0280-00157778,CEMENTO CPC40 BOL 50 KG,6449.28,128.9855,ARS,REAL,,Importado desde db/sicons.xlsx - HOLCIM - CEMENTO CPC40 BOL 50 KG
2024-03-28,HOLCIM,0280-00157779,CEMENTO CPC40 BOL 50 KG,6449.28,128.9855,ARS,REAL,,Importado desde db/sicons.xlsx - HOLCIM - CEMENTO CPC40 BOL 50 KG
2024-03-28,HOLCIM,0280-00157780,CEMENTO CPC40 BOL 50 KG,6449.28,128.9855,ARS,REAL,,Importado desde db/sicons.xlsx - HOLCIM - CEMENTO CPC40 BOL 50 KG
2024-03-28,HOLCIM,0280-00157781,CEMENTO CPC40 BOL 50 KG,6449.28,128.9855,ARS,REAL,,Importado desde db/sicons.xlsx - HOLCIM - CEMENTO CPC40 BOL 50 KG
2024-03-30,HOLCIM,0280-00157800,CEMENTO CPC40 BOL 50 KG,6449.28,128.9855,ARS,REAL,,Importado desde db/sicons.xlsx - HOLCIM - CEMENTO CPC40 BOL 50 KG
2024-03-30,HOLCIM,0280-00157801,CEMENTO CPC40 BOL 50 KG,6449.28,128.9855,ARS,REAL,,Importado desde db/sicons.xlsx - HOLCIM - CEMENTO CPC40 BOL 50 KG
2024-04-04,HOLCIM,0280-00157851,CEMENTO CPC40 BOL 50 KG,6449.28,128.9855,ARS,REAL,,Importado desde db/sicons.xlsx - HOLCIM - CEMENTO CPC40 BOL 50 KG
2024-04-10,HOLCIM,0280-00157928,CEMENTO CPC40 BOL 50 KG,6449.28,128.9855,ARS,REAL,,Importado desde db/sicons.xlsx - HOLCIM - CEMENTO CPC40 BOL 50 KG
2024-04-15,HOLCIM,0280-00158005,CEMENTO CPC40 BOL 50 KG,6771.74,135.4348,ARS,REAL,,Importado desde db/sicons.xlsx - HOLCIM - CEMENTO CPC40 BOL 50 KG
2024-04-16,HOLCIM,0028-00158029,CEMENTO CPC40 BOL 50 KG,6771.74,135.4348,ARS,REAL,,Importado desde db/sicons.xlsx - HOLCIM - CEMENTO CPC40 BOL 50 KG
2024-04-18,HOLCIM,0280-00158051,CEMENTO CPC40 BOL 50 KG,6771.74,135.4348,ARS,REAL,,Importado desde db/sicons.xlsx - HOLCIM - CEMENTO CPC40 BOL 50 KG
2024-04-18,HOLCIM,0280-00158080,CEMENTO CPC40 BOL 50 KG,6771.74,135.4348,ARS,REAL,,Importado desde db/sicons.xlsx - HOLCIM - CEMENTO CPC40 BOL 50 KG
2024-04-19,HOLCIM,0280-00158064,CEMENTO CPC40 BOL 50 KG,6771.74,135.4348,ARS,REAL,,Importado desde db/sicons.xlsx - HOLCIM - CEMENTO CPC40 BOL 50 KG
2024-04-23,HOLCIM,0280-00158114,CEMENTO CPC40 BOL 50 KG,6771.74,135.4348,ARS,REAL,,Importado desde db/sicons.xlsx - HOLCIM - CEMENTO CPC40 BOL 50 KG
2024-04-23,HOLCIM,0280-00158115,CEMENTO CPC40 BOL 50 KG,6771.74,135.4348,ARS,REAL,,Importado desde db/sicons.xlsx - HOLCIM - CEMENTO CPC40 BOL 50 KG
2024-04-27,HOLCIM,0280-00158215,CEMENTO CPC40 BOL 50 KG,6771.74,135.4348,ARS,REAL,,Importado desde db/sicons.xlsx - HOLCIM - CEMENTO CPC40 BOL 50 KG
2024-04-29,HOLCIM,0280-00158275,CEMENTO CPC40 BOL 50 KG,6771.74,135.4348,ARS,REAL,,Importado desde db/sicons.xlsx - HOLCIM - CEMENTO CPC40 BOL 50 KG
2024-04-30,HOLCIM,0280-00158300,CEMENTO CPC40 BOL 50 KG,6771.74,135.4348,ARS,REAL,,Importado desde db/sicons.xlsx - HOLCIM - CEMENTO CPC40 BOL 50 KG
2024-04-30,HOLCIM,0280-00158305,CEMENTO CPC40 BOL 50 KG,6771.74,135.4348,ARS,REAL,,Importado desde db/sicons.xlsx - HOLCIM - CEMENTO CPC40 BOL 50 KG
2024-05-03,HOLCIM,0280-00158356,CEMENTO CPC40 BOL 50 KG,6771.74,135.4348,ARS,REAL,,Importado desde db/sicons.xlsx - HOLCIM - CEMENTO CPC40 BOL 50 KG
2024-05-06,HOLCIM,0280-00158384,CEMENTO CPC40 BOL 50 KG,6771.74,135.4348,ARS,REAL,,Importado desde db/sicons.xlsx - HOLCIM - CEMENTO CPC40 BOL 50 KG
2024-05-08,HOLCIM,0280-00158429,CEMENTO CPC40 BOL 50 KG,6771.74,135.4348,ARS,REAL,,Importado desde db/sicons.xlsx - HOLCIM - CEMENTO CPC40 BOL 50 KG
2024-05-08,HOLCIM,0280-00158430,CEMENTO CPC40 BOL 50 KG,6771.74,135.4348,ARS,REAL,,Importado desde db/sicons.xlsx - HOLCIM - CEMENTO CPC40 BOL 50 KG
2024-05-11,HOLCIM,0280-00158470,CEMENTO CPC40 BOL 50 KG,6771.74,135.4348,ARS,REAL,,Importado desde db/sicons.xlsx - HOLCIM - CEMENTO CPC40 BOL 50 KG
2024-05-13,HOLCIM,0280-00158515,CEMENTO CPC40 BOL 50 KG,6771.74,135.4348,ARS,REAL,,Importado desde db/sicons.xlsx - HOLCIM - CEMENTO CPC40 BOL 50 KG
2024-05-13,HOLCIM,0280-00158516,CEMENTO CPC40 BOL 50 KG,6771.74,135.4348,ARS,REAL,,Importado desde db/sicons.xlsx - HOLCIM - CEMENTO CPC40 BOL 50 KG
2024-05-14,HOLCIM,0280-00158531,CEMENTO CPC40 BOL 50 KG,6771.74,135.4348,ARS,REAL,,Importado desde db/sicons.xlsx - HOLCIM - CEMENTO CPC40 BOL 50 KG
2024-05-16,HOLCIM,0280-00158574,CEMENTO CPC40 BOL 50 KG,6771.74,135.4348,ARS,REAL,,Importado desde db/sicons.xlsx - HOLCIM - CEMENTO CPC40 BOL 50 KG
2024-05-17,HOLCIM,0280-00158580,CEMENTO CPC40 BOL 50 KG,6771.74,135.4348,ARS,REAL,,Importado desde db/sicons.xlsx - HOLCIM - CEMENTO CPC40 BOL 50 KG
2024-05-17,HOLCIM,0280-00158581,CEMENTO CPC40 BOL 50 KG,6771.74,135.4348,ARS,REAL,,Importado desde db/sicons.xlsx - HOLCIM - CEMENTO CPC40 BOL 50 KG
2024-05-18,HOLCIM,0280-00158596,CEMENTO CPC40 BOL 50 KG,6771.74,135.4348,ARS,REAL,,Importado desde db/sicons.xlsx - HOLCIM - CEMENTO CPC40 BOL 50 KG
2024-05-20,HOLCIM,0280-00158628,CEMENTO CPC40 BOL 50 KG,6771.74,135.4348,ARS,REAL,,Importado desde db/sicons.xlsx - HOLCIM - CEMENTO CPC40 BOL 50 KG
2024-05-21,HOLCIM,0280-00158642,CEMENTO CPC40 BOL 50 KG,6771.74,135.4348,ARS,REAL,,Importado desde db/sicons.xlsx - HOLCIM - CEMENTO CPC40 BOL 50 KG
2024-05-21,HOLCIM,0280-00158643,CEMENTO CPC40 BOL 50 KG,6771.74,135.4348,ARS,REAL,,Importado desde db/sicons.xlsx - HOLCIM - CEMENTO CPC40 BOL 50 KG
2024-05-22,HOLCIM,0280-00158669,CEMENTO CPC40 BOL 50 KG,6771.74,135.4348,ARS,REAL,,Importado desde db/sicons.xlsx - HOLCIM - CEMENTO CPC40 BOL 50 KG
2024-05-23,HOLCIM,0280-00158689,CEMENTO CPC40 BOL 50 KG,6771.74,135.4348,ARS,REAL,,Importado desde db/sicons.xlsx - HOLCIM - CEMENTO CPC40 BOL 50 KG
2024-05-28,HOLCIM,0280-00158758,CEMENTO CPC40 BOL 50 KG,6771.74,135.4348,ARS,REAL,,Importado desde db/sicons.xlsx - HOLCIM - CEMENTO CPC40 BOL 50 KG
2024-05-29,HOLCIM,0280-00158788,CEMENTO CPC40 BOL 50 KG,6771.74,135.4348,ARS,REAL,,Importado desde db/sicons.xlsx - HOLCIM - CEMENTO CPC40 BOL 50 KG
2024-05-29,HOLCIM,0280-00158789,CEMENTO CPC40 BOL 50 KG,6771.74,135.4348,ARS,REAL,,Importado desde db/sicons.xlsx - HOLCIM - CEMENTO CPC40 BOL 50 KG
2024-05-30,HOLCIM,0280-00158820,CEMENTO CPC40 BOL 50 KG,6771.74,135.4348,ARS,REAL,,Importado desde db/sicons.xlsx - HOLCIM - CEMENTO CPC40 BOL 50 KG
2024-05-30,HOLCIM,0280-00158821,CEMENTO CPC40 BOL 50 KG,6771.74,135.4348,ARS,REAL,,Importado desde db/sicons.xlsx - HOLCIM - CEMENTO CPC40 BOL 50 KG
2024-05-31,HOLCIM,0280-00158869,CEMENTO CPC40 BOL 50 KG,6771.74,135.4348,ARS,REAL,,Importado desde db/sicons.xlsx - HOLCIM - CEMENTO CPC40 BOL 50 KG
2024-05-31,HOLCIM,0280-00158870,CEMENTO CPC40 BOL 50 KG,6771.74,135.4348,ARS,REAL,,Importado desde db/sicons.xlsx - HOLCIM - CEMENTO CPC40 BOL 50 KG
2024-06-03,HOLCIM,0280-00158920,CEMENTO CPC40 BOL 50 KG,6771.74,135.4348,ARS,REAL,,Importado desde db/sicons.xlsx - HOLCIM - CEMENTO CPC40 BOL 50 KG
2024-06-04,HOLCIM,0280-00158946,CEMENTO CPC40 BOL 50 KG,6771.74,135.4348,ARS,REAL,,Importado desde db/sicons.xlsx - HOLCIM - CEMENTO CPC40 BOL 50 KG
2024-06-05,HOLCIM,0280-00158960,CEMENTO CPC40 BOL 50 KG,6771.74,135.4348,ARS,REAL,,Importado desde db/sicons.xlsx - HOLCIM - CEMENTO CPC40 BOL 50 KG
2024-06-07,HOLCIM,0280-00159001,CEMENTO CPC40 BOL 50 KG,6771.74,135.4348,ARS,REAL,,Importado desde db/sicons.xlsx - HOLCIM - CEMENTO CPC40 BOL 50 KG
2024-06-07,HOLCIM,0280-00159002,CEMENTO CPC40 BOL 50 KG,6771.74,135.4348,ARS,REAL,,Importado desde db/sicons.xlsx - HOLCIM - CEMENTO CPC40 BOL 50 KG
2024-06-08,HOLCIM,0280-00159023,CEMENTO CPC40 BOL 50 KG,6771.74,135.4348,ARS,REAL,,Importado desde db/sicons.xlsx - HOLCIM - CEMENTO CPC40 BOL 50 KG
2024-06-12,HOLCIM,0280-00159090,CEMENTO CPC40 BOL 50 KG,7238.99,144.7798,ARS,REAL,,Importado desde db/sicons.xlsx - HOLCIM - CEMENTO CPC40 BOL 50 KG
2024-06-14,HOLCIM,0280-00159117,CEMENTO CPC40 BOL 50 KG,7238.99,144.7798,ARS,REAL,,Importado desde db/sicons.xlsx - HOLCIM - CEMENTO CPC40 BOL 50 KG
2024-06-14,HOLCIM,0280-00159118,CEMENTO CPC40 BOL 50 KG,7238.99,144.7798,ARS,REAL,,Importado desde db/sicons.xlsx - HOLCIM - CEMENTO CPC40 BOL 50 KG
2024-06-18,HOLCIM,0280-00159189,CEMENTO CPC40 BOL 50 KG,7238.99,144.7798,ARS,REAL,,Importado desde db/sicons.xlsx - HOLCIM - CEMENTO CPC40 BOL 50 KG
2024-06-19,HOLCIM,0280-00159200,CEMENTO CPC40 BOL 50 KG,7238.99,144.7798,ARS,REAL,,Importado desde db/sicons.xlsx - HOLCIM - CEMENTO CPC40 BOL 50 KG
2024-06-22,HOLCIM,0280-00159214,CEMENTO CPC40 BOL 50 KG,7238.99,144.7798,ARS,REAL,,Importado desde db/sicons.xlsx - HOLCIM - CEMENTO CPC40 BOL 50 KG
2024-06-24,HOLCIM,0280-00159248,CEMENTO CPC40 BOL 50 KG,7238.99,144.7798,ARS,REAL,,Importado desde db/sicons.xlsx - HOLCIM - CEMENTO CPC40 BOL 50 KG
2024-06-25,HOLCIM,0280-00159277,CEMENTO CPC40 BOL 50 KG,7238.99,144.7798,ARS,REAL,,Importado desde db/sicons.xlsx - HOLCIM - CEMENTO CPC40 BOL 50 KG
2024-06-26,HOLCIM,0280-00159297,CEMENTO CPC40 BOL 50 KG,7238.99,144.7798,ARS,REAL,,Importado desde db/sicons.xlsx - HOLCIM - CEMENTO CPC40 BOL 50 KG
2024-06-27,HOLCIM,0280-00159316,CEMENTO CPC40 BOL 50 KG,7238.99,144.7798,ARS,REAL,,Importado desde db/sicons.xlsx - HOLCIM - CEMENTO CPC40 BOL 50 KG
2024-06-28,HOLCIM,0280-00159343,CEMENTO CPC40 BOL 50 KG,7238.99,144.7798,ARS,REAL,,Importado desde db/sicons.xlsx - HOLCIM - CEMENTO CPC40 BOL 50 KG
2024-06-29,HOLCIM,0280-00159346,CEMENTO CPC40 BOL 50 KG,7238.99,144.7798,ARS,REAL,,Importado desde db/sicons.xlsx - HOLCIM - CEMENTO CPC40 BOL 50 KG
2024-07-01,HOLCIM,0280-00159388,CEMENTO CPC40 BOL 50 KG,7238.99,144.7798,ARS,REAL,,Importado desde db/sicons.xlsx - HOLCIM - CEMENTO CPC40 BOL 50 KG
2024-07-02,HOLCIM,0280-00159418,CEMENTO CPC40 BOL 50 KG,7238.99,144.7798,ARS,REAL,,Importado desde db/sicons.xlsx - HOLCIM - CEMENTO CPC40 BOL 50 KG
2024-07-03,HOLCIM,0280-00159425,CEMENTO CPC40 BOL 50 KG,7238.99,144.7798,ARS,REAL,,Importado desde db/sicons.xlsx - HOLCIM - CEMENTO CPC40 BOL 50 KG
2024-07-04,HOLCIM,0280-00159445,CEMENTO CPC40 BOL 50 KG,7238.99,144.7798,ARS,REAL,,Importado desde db/sicons.xlsx - HOLCIM - CEMENTO CPC40 BOL 50 KG
2024-07-05,HOLCIM,0280-00159461,CEMENTO CPC40 BOL 50 KG,6347.33,126.9466,ARS,REAL,,Importado desde db/sicons.xlsx - HOLCIM - CEMENTO CPC40 BOL 50 KG
2024-07-06,HOLCIM,0280-00159464,CEMENTO CPC40 BOL 50 KG,7255.51,145.1102,ARS,REAL,,Importado desde db/sicons.xlsx - HOLCIM - CEMENTO CPC40 BOL 50 KG
2024-07-10,HOLCIM,0280-00159529,CEMENTO CPC40 BOL 50 KG,6536.42,130.7284,ARS,REAL,,Importado desde db/sicons.xlsx - HOLCIM - CEMENTO CPC40 BOL 50 KG
2024-07-11,HOLCIM,0280-00159545,CEMENTO CPC40 BOL 50 KG,6536.42,130.7284,ARS,REAL,,Importado desde db/sicons.xlsx - HOLCIM - CEMENTO CPC40 BOL 50 KG
2024-07-11,HOLCIM,0280-00159546,CEMENTO CPC40 BOL 50 KG,6536.42,130.7284,ARS,REAL,,Importado desde db/sicons.xlsx - HOLCIM - CEMENTO CPC40 BOL 50 KG
2024-07-12,HOLCIM,0280-00159564,CEMENTO CPC40 BOL 50 KG,6536.42,130.7284,ARS,REAL,,Importado desde db/sicons.xlsx - HOLCIM - CEMENTO CPC40 BOL 50 KG
2024-07-15,HOLCIM,0280-00159611,CEMENTO CPC40 BOL 50 KG,6536.42,130.7284,ARS,REAL,,Importado desde db/sicons.xlsx - HOLCIM - CEMENTO CPC40 BOL 50 KG
2024-07-16,HOLCIM,0280-00159635,CEMENTO CPC40 BOL 50 KG,6536.42,130.7284,ARS,REAL,,Importado desde db/sicons.xlsx - HOLCIM - CEMENTO CPC40 BOL 50 KG
2024-07-18,HOLCIM,0280-00159656,CEMENTO CPC40 BOL 50 KG,6536.42,130.7284,ARS,REAL,,Importado desde db/sicons.xlsx - HOLCIM - CEMENTO CPC40 BOL 50 KG
2024-07-18,HOLCIM,0280-00159657,CEMENTO CPC40 BOL 50 KG,6536.42,130.7284,ARS,REAL,,Importado desde db/sicons.xlsx - HOLCIM - CEMENTO CPC40 BOL 50 KG
2024-07-19,HOLCIM,0280-00159698,CEMENTO CPC40 BOL 50 KG,6536.42,130.7284,ARS,REAL,,Importado desde db/sicons.xlsx - HOLCIM - CEMENTO CPC40 BOL 50 KG
2024-07-22,HOLCIM,0280-00159744,CEMENTO CPC40 BOL 50 KG,6536.42,130.7284,ARS,REAL,,Importado desde db/sicons.xlsx - HOLCIM - CEMENTO CPC40 BOL 50 KG
2024-07-23,HOLCIM,0280-00159771,CEMENTO CPC40 BOL 50 KG,6536.42,130.7284,ARS,REAL,,Importado desde db/sicons.xlsx - HOLCIM - CEMENTO CPC40 BOL 50 KG
2024-07-24,HOLCIM,0280-00159784,CEMENTO CPC40 BOL 50 KG,6536.42,130.7284,ARS,REAL,,Importado desde db/sicons.xlsx - HOLCIM - CEMENTO CPC40 BOL 50 KG
2024-07-24,HOLCIM,0280-00159785,CEMENTO CPC40 BOL 50 KG,6536.42,130.7284,ARS,REAL,,Importado desde db/sicons.xlsx - HOLCIM - CEMENTO CPC40 BOL 50 KG
2024-07-26,HOLCIM,0280-00159822,CEMENTO CPC40 BOL 50 KG,6536.42,130.7284,ARS,REAL,,Importado desde db/sicons.xlsx - HOLCIM - CEMENTO CPC40 BOL 50 KG
2024-07-26,HOLCIM,0280-00159823,CEMENTO CPC40 BOL 50 KG,6536.42,130.7284,ARS,REAL,,Importado desde db/sicons.xlsx - HOLCIM - CEMENTO CPC40 BOL 50 KG
2024-07-27,HOLCIM,0280-00159844,CEMENTO CPC40 BOL 50 KG,6536.42,130.7284,ARS,REAL,,Importado desde db/sicons.xlsx - HOLCIM - CEMENTO CPC40 BOL 50 KG
2024-07-29,HOLCIM,0280-00159893,CEMENTO CPC40 BOL 50 KG,6536.42,130.7284,ARS,REAL,,Importado desde db/sicons.xlsx - HOLCIM - CEMENTO CPC40 BOL 50 KG
2024-07-29,HOLCIM,0280-00159894,CEMENTO CPC40 BOL 50 KG,6536.42,130.7284,ARS,REAL,,Importado desde db/sicons.xlsx - HOLCIM - CEMENTO CPC40 BOL 50 KG
2024-07-30,HOLCIM,0280-00159935,CEMENTO CPC40 BOL 50 KG,6536.42,130.7284,ARS,REAL,,Importado desde db/sicons.xlsx - HOLCIM - CEMENTO CPC40 BOL 50 KG
2024-07-30,HOLCIM,0280-00159936,CEMENTO CPC40 BOL 50 KG,6536.42,130.7284,ARS,REAL,,Importado desde db/sicons.xlsx - HOLCIM - CEMENTO CPC40 BOL 50 KG
2024-07-30,HOLCIM,0280-00159937,CEMENTO CPC40 BOL 50 KG,6536.42,130.7284,ARS,REAL,,Importado desde db/sicons.xlsx - HOLCIM - CEMENTO CPC40 BOL 50 KG
2024-07-31,HOLCIM,0280-00159960,CEMENTO CPC40 BOL 50 KG,6536.42,130.7284,ARS,REAL,,Importado desde db/sicons.xlsx - HOLCIM - CEMENTO CPC40 BOL 50 KG
2024-07-31,HOLCIM,0280-00159961,CEMENTO CPC40 BOL 50 KG,6536.42,130.7284,ARS,REAL,,Importado desde db/sicons.xlsx - HOLCIM - CEMENTO CPC40 BOL 50 KG
2024-07-31,HOLCIM,0280-00159962,CEMENTO CPC40 BOL 50 KG,6536.42,130.7284,ARS,REAL,,Importado desde db/sicons.xlsx - HOLCIM - CEMENTO CPC40 BOL 50 KG
2024-08-02,HOLCIM,0280-00160040,CEMENTO CPC40 BOL 50 KG,6850.19,137.0038,ARS,REAL,,Importado desde db/sicons.xlsx - HOLCIM - CEMENTO CPC40 BOL 50 KG
2024-08-05,HOLCIM,0280-00160076,CEMENTO CPC40 BOL 50 KG,6850.19,137.0038,ARS,REAL,,Importado desde db/sicons.xlsx - HOLCIM - CEMENTO CPC40 BOL 50 KG
2024-08-06,HOLCIM,0280-00160090,CEMENTO CPC40 BOL 50 KG,6850.19,137.0038,ARS,REAL,,Importado desde db/sicons.xlsx - HOLCIM - CEMENTO CPC40 BOL 50 KG
2024-08-07,HOLCIM,0280-00160103,CEMENTO CPC40 BOL 50 KG,6850.19,137.0038,ARS,REAL,,Importado desde db/sicons.xlsx - HOLCIM - CEMENTO CPC40 BOL 50 KG
2024-08-10,HOLCIM,0280-00160146,CEMENTO CPC40 BOL 50 KG,6850.19,137.0038,ARS,REAL,,Importado desde db/sicons.xlsx - HOLCIM - CEMENTO CPC40 BOL 50 KG
2024-08-13,HOLCIM,0280-00160188,CEMENTO CPC40 BOL 50 KG,6850.19,137.0038,ARS,REAL,,Importado desde db/sicons.xlsx - HOLCIM - CEMENTO CPC40 BOL 50 KG
2024-08-14,HOLCIM,0280-00160209,CEMENTO CPC40 BOL 50 KG,6850.19,137.0038,ARS,REAL,,Importado desde db/sicons.xlsx - HOLCIM - CEMENTO CPC40 BOL 50 KG
2024-08-14,HOLCIM,0280-00160210,CEMENTO CPC40 BOL 50 KG,6850.19,137.0038,ARS,REAL,,Importado desde db/sicons.xlsx - HOLCIM - CEMENTO CPC40 BOL 50 KG
2024-08-15,HOLCIM,0280-00160235,CEMENTO CPC40 BOL 50 KG,6850.19,137.0038,ARS,REAL,,Importado desde db/sicons.xlsx - HOLCIM - CEMENTO CPC40 BOL 50 KG
2024-08-16,HOLCIM,0280-00160259,CEMENTO CPC40 BOL 50 KG,6850.19,137.0038,ARS,REAL,,Importado desde db/sicons.xlsx - HOLCIM - CEMENTO CPC40 BOL 50 KG
2024-08-16,HOLCIM,0280-00160260,CEMENTO CPC40 BOL 50 KG,6850.19,137.0038,ARS,REAL,,Importado desde db/sicons.xlsx - HOLCIM - CEMENTO CPC40 BOL 50 KG
2024-08-19,HOLCIM,0280-00160311,CEMENTO CPC40 BOL 50 KG,6850.19,137.0038,ARS,REAL,,Importado desde db/sicons.xlsx - HOLCIM - CEMENTO CPC40 BOL 50 KG
2024-08-20,HOLCIM,0280-00160346,CEMENTO CPC40 BOL 50 KG,6850.19,137.0038,ARS,REAL,,Importado desde db/sicons.xlsx - HOLCIM - CEMENTO CPC40 BOL 50 KG
2024-08-21,HOLCIM,0280-00160373,CEMENTO CPC40 BOL 50 KG,6850.19,137.0038,ARS,REAL,,Importado desde db/sicons.xlsx - HOLCIM - CEMENTO CPC40 BOL 50 KG
2024-08-23,HOLCIM,0280-00160422,CEMENTO CPC40 BOL 50 KG,6850.19,137.0038,ARS,REAL,,Importado desde db/sicons.xlsx - HOLCIM - CEMENTO CPC40 BOL 50 KG
2024-08-24,HOLCIM,0280-00160425,CEMENTO CPC40 BOL 50 KG,6850.19,137.0038,ARS,REAL,,Importado desde db/sicons.xlsx - HOLCIM - CEMENTO CPC40 BOL 50 KG
2024-08-26,HOLCIM,0280-00160476,CEMENTO CPC40 BOL 50 KG,6850.19,137.0038,ARS,REAL,,Importado desde db/sicons.xlsx - HOLCIM - CEMENTO CPC40 BOL 50 KG
2024-08-27,HOLCIM,0280-00160496,CEMENTO CPC40 BOL 50 KG,6850.19,137.0038,ARS,REAL,,Importado desde db/sicons.xlsx - HOLCIM - CEMENTO CPC40 BOL 50 KG
2024-08-28,HOLCIM,0280-00160526,CEMENTO CPC40 BOL 50 KG,6850.19,137.0038,ARS,REAL,,Importado desde db/sicons.xlsx - HOLCIM - CEMENTO CPC40 BOL 50 KG
2024-08-29,HOLCIM,0280-00160547,CEMENTO CPC40 BOL 50 KG,6850.19,137.0038,ARS,REAL,,Importado desde db/sicons.xlsx - HOLCIM - CEMENTO CPC40 BOL 50 KG
2024-08-31,HOLCIM,0280-00160596,CEMENTO CPC40 BOL 50 KG,6850.19,137.0038,ARS,REAL,,Importado desde db/sicons.xlsx - HOLCIM - CEMENTO CPC40 BOL 50 KG
2024-09-03,HOLCIM,0280-00160665,CEMENTO CPC40 BOL 50 KG,6850.19,137.0038,ARS,REAL,,Importado desde db/sicons.xlsx - HOLCIM - CEMENTO CPC40 BOL 50 KG
2024-09-04,HOLCIM,0280-00160679,CEMENTO CPC40 BOL 50 KG,6850.19,137.0038,ARS,REAL,,Importado desde db/sicons.xlsx - HOLCIM - CEMENTO CPC40 BOL 50 KG
2024-09-05,HOLCIM,0280-00160686,CEMENTO CPC40 BOL 50 KG,6850.19,137.0038,ARS,REAL,,Importado desde db/sicons.xlsx - HOLCIM - CEMENTO CPC40 BOL 50 KG
2024-09-07,HOLCIM,0280-00160714,CEMENTO CPC40 BOL 50 KG,6850.19,137.0038,ARS,REAL,,Importado desde db/sicons.xlsx - HOLCIM - CEMENTO CPC40 BOL 50 KG
2024-09-09,HOLCIM,0280-00160744,CEMENTO CPC40 BOL 50 KG,6850.19,137.0038,ARS,REAL,,Importado desde db/sicons.xlsx - HOLCIM - CEMENTO CPC40 BOL 50 KG
2024-09-09,HOLCIM,0280-00160745,CEMENTO CPC40 BOL 50 KG,6850.19,137.0038,ARS,REAL,,Importado desde db/sicons.xlsx - HOLCIM - CEMENTO CPC40 BOL 50 KG
2024-09-10,HOLCIM,0280-00160769,CEMENTO CPC40 BOL 50 KG,6850.19,137.0038,ARS,REAL,,Importado desde db/sicons.xlsx - HOLCIM - CEMENTO CPC40 BOL 50 KG
2024-09-10,HOLCIM,0280-00160770,CEMENTO CPC40 BOL 50 KG,6850.19,137.0038,ARS,REAL,,Importado desde db/sicons.xlsx - HOLCIM - CEMENTO CPC40 BOL 50 KG
2024-09-11,HOLCIM,0280-00160786,CEMENTO CPC40 BOL 50 KG,6850.19,137.0038,ARS,REAL,,Importado desde db/sicons.xlsx - HOLCIM - CEMENTO CPC40 BOL 50 KG
2024-09-11,HOLCIM,0280-00160787,CEMENTO CPC40 BOL 50 KG,6850.19,137.0038,ARS,REAL,,Importado desde db/sicons.xlsx - HOLCIM - CEMENTO CPC40 BOL 50 KG
2024-09-12,HOLCIM,0280-00160812,CEMENTO CPC40 BOL 50 KG,6850.19,137.0038,ARS,REAL,,Importado desde db/sicons.xlsx - HOLCIM - CEMENTO CPC40 BOL 50 KG
2024-09-13,HOLCIM,0280-00160833,CEMENTO CPC40 BOL 50 KG,6850.19,137.0038,ARS,REAL,,Importado desde db/sicons.xlsx - HOLCIM - CEMENTO CPC40 BOL 50 KG
2024-09-16,HOLCIM,0280-00160883,CEMENTO CPC40 BOL 50 KG,6850.19,137.0038,ARS,REAL,,Importado desde db/sicons.xlsx - HOLCIM - CEMENTO CPC40 BOL 50 KG
2024-09-19,HOLCIM,0280-00160946,CEMENTO CPC40 BOL 50 KG,6850.19,137.0038,ARS,REAL,,Importado desde db/sicons.xlsx - HOLCIM - CEMENTO CPC40 BOL 50 KG
2024-09-19,HOLCIM,0280-00160947,CEMENTO CPC40 BOL 50 KG,6850.19,137.0038,ARS,REAL,,Importado desde db/sicons.xlsx - HOLCIM - CEMENTO CPC40 BOL 50 KG
2024-09-20,HOLCIM,0280-00160981,CEMENTO CPC40 BOL 50 KG,6850.19,137.0038,ARS,REAL,,Importado desde db/sicons.xlsx - HOLCIM - CEMENTO CPC40 BOL 50 KG
2024-09-21,HOLCIM,0280-00160999,CEMENTO CPC40 BOL 50 KG,6850.19,137.0038,ARS,REAL,,Importado desde db/sicons.xlsx - HOLCIM - CEMENTO CPC40 BOL 50 KG
2024-09-24,HOLCIM,2.80161056E8,CEMENTO CPC40 BOL 50 KG,6850.19,137.0038,ARS,REAL,,Importado desde db/sicons.xlsx - HOLCIM - CEMENTO CPC40 BOL 50 KG
2024-09-26,HOLCIM,0280-00161149,CEMENTO CPC40 BOL 50 KG,6850.19,137.0038,ARS,REAL,,Importado desde db/sicons.xlsx - HOLCIM - CEMENTO CPC40 BOL 50 KG
2024-09-27,HOLCIM,0280-00161193,CEMENTO CPC40 BOL 50 KG,6850.19,137.0038,ARS,REAL,,Importado desde db/sicons.xlsx - HOLCIM - CEMENTO CPC40 BOL 50 KG
2024-09-28,HOLCIM,0280-00161207,CEMENTO CPC40 BOL 50 KG,6850.19,137.0038,ARS,REAL,,Importado desde db/sicons.xlsx - HOLCIM - CEMENTO CPC40 BOL 50 KG
2024-09-30,HOLCIM,0280-00161238,CEMENTO CPC40 BOL 50 KG,6850.19,137.0038,ARS,REAL,,Importado desde db/sicons.xlsx - HOLCIM - CEMENTO CPC40 BOL 50 KG
2024-09-30,HOLCIM,0280-00161241,CEMENTO CPC40 BOL 50 KG,6850.19,137.0038,ARS,REAL,,Importado desde db/sicons.xlsx - HOLCIM - CEMENTO CPC40 BOL 50 KG
2024-10-01,HOLCIM,0280-00161325,CEMENTO CPC40 BOL 50 KG,7124.21,142.4841,ARS,REAL,,Importado desde db/sicons.xlsx - HOLCIM - CEMENTO CPC40 BOL 50 KG
2024-10-02,HOLCIM,0280-00161350,CEMENTO CPC40 BOL 50 KG,7124.21,142.4841,ARS,REAL,,Importado desde db/sicons.xlsx - HOLCIM - CEMENTO CPC40 BOL 50 KG
2024-10-03,HOLCIM,0280-00161375,CEMENTO CPC40 BOL 50 KG,7124.21,142.4841,ARS,REAL,,Importado desde db/sicons.xlsx - HOLCIM - CEMENTO CPC40 BOL 50 KG
2024-10-04,HOLCIM,0280-00161396,CEMENTO CPC40 BOL 50 KG,7124.21,142.4841,ARS,REAL,,Importado desde db/sicons.xlsx - HOLCIM - CEMENTO CPC40 BOL 50 KG
2024-10-10,HOLCIM,0280-00161476,CEMENTO CPC40 BOL 50 KG,7124.21,142.4841,ARS,REAL,,Importado desde db/sicons.xlsx - HOLCIM - CEMENTO CPC40 BOL 50 KG
2024-10-10,HOLCIM,0280-00161477,CEMENTO CPC40 BOL 50 KG,7124.21,142.4841,ARS,REAL,,Importado desde db/sicons.xlsx - HOLCIM - CEMENTO CPC40 BOL 50 KG
2024-10-10,HOLCIM,0280-00161478,CEMENTO CPC40 BOL 50 KG,7124.21,142.4841,ARS,REAL,,Importado desde db/sicons.xlsx - HOLCIM - CEMENTO CPC40 BOL 50 KG
2024-10-14,HOLCIM,0280-00161533,CEMENTO CPC40 BOL 50 KG,7063.71,141.2741,ARS,REAL,,Importado desde db/sicons.xlsx - HOLCIM - CEMENTO CPC40 BOL 50 KG
2024-10-15,HOLCIM,0280-00161557,CEMENTO CPC40 BOL 50 KG,6889.74,137.7948,ARS,REAL,,Importado desde db/sicons.xlsx - HOLCIM - CEMENTO CPC40 BOL 50 KG
2024-10-16,HOLCIM,0280-00161563,CEMENTO CPC40 BOL 50 KG,6889.74,137.7948,ARS,REAL,,Importado desde db/sicons.xlsx - HOLCIM - CEMENTO CPC40 BOL 50 KG
2024-10-16,HOLCIM,0280-00161564,CEMENTO CPC40 BOL 50 KG,6889.74,137.7948,ARS,REAL,,Importado desde db/sicons.xlsx - HOLCIM - CEMENTO CPC40 BOL 50 KG
2024-10-17,HOLCIM,0280-00161603,CEMENTO CPC40 BOL 50 KG,6889.74,137.7948,ARS,REAL,,Importado desde db/sicons.xlsx - HOLCIM - CEMENTO CPC40 BOL 50 KG
2024-10-18,HOLCIM,0280-00161607,CEMENTO CPC40 BOL 50 KG,6889.74,137.7948,ARS,REAL,,Importado desde db/sicons.xlsx - HOLCIM - CEMENTO CPC40 BOL 50 KG
2024-10-20,HOLCIM,0280-00161639,CEMENTO CPC40 BOL 50 KG,6889.74,137.7948,ARS,REAL,,Importado desde db/sicons.xlsx - HOLCIM - CEMENTO CPC40 BOL 50 KG
2024-10-21,HOLCIM,0280-00161665,CEMENTO CPC40 BOL 50 KG,6889.74,137.7948,ARS,REAL,,Importado desde db/sicons.xlsx - HOLCIM - CEMENTO CPC40 BOL 50 KG
2024-10-24,HOLCIM,0280-00161738,CEMENTO CPC40 BOL 50 KG,6889.74,137.7948,ARS,REAL,,Importado desde db/sicons.xlsx - HOLCIM - CEMENTO CPC40 BOL 50 KG
2024-10-24,HOLCIM,0280-00161739,CEMENTO CPC40 BOL 50 KG,6889.74,137.7948,ARS,REAL,,Importado desde db/sicons.xlsx - HOLCIM - CEMENTO CPC40 BOL 50 KG
2024-10-24,HOLCIM,0280-00161740,CEMENTO CPC40 BOL 50 KG,6889.74,137.7948,ARS,REAL,,Importado desde db/sicons.xlsx - HOLCIM - CEMENTO CPC40 BOL 50 KG
2024-10-25,HOLCIM,0280-00161755,CEMENTO CPC40 BOL 50 KG,6889.74,137.7948,ARS,REAL,,Importado desde db/sicons.xlsx - HOLCIM - CEMENTO CPC40 BOL 50 KG
2024-10-26,HOLCIM,0280-00161773,CEMENTO CPC40 BOL 50 KG,6889.74,137.7948,ARS,REAL,,Importado desde db/sicons.xlsx - HOLCIM - CEMENTO CPC40 BOL 50 KG
2024-10-28,HOLCIM,0280-00161828,CEMENTO CPC40 BOL 50 KG,6889.74,137.7948,ARS,REAL,,Importado desde db/sicons.xlsx - HOLCIM - CEMENTO CPC40 BOL 50 KG
2024-10-31,HOLCIM,0280-00161955,CEMENTO CPC40 BOL 50 KG,6889.74,137.7948,ARS,REAL,,Importado desde db/sicons.xlsx - HOLCIM - CEMENTO CPC40 BOL 50 KG
2024-11-01,HOLCIM,0280-00161990,CEMENTO CPC40 BOL 50 KG,6889.74,137.7948,ARS,REAL,,Importado desde db/sicons.xlsx - HOLCIM - CEMENTO CPC40 BOL 50 KG
2024-11-01,HOLCIM,0280-00161991,CEMENTO CPC40 BOL 50 KG,6889.74,137.7948,ARS,REAL,,Importado desde db/sicons.xlsx - HOLCIM - CEMENTO CPC40 BOL 50 KG
2024-11-04,HOLCIM,0280-00162017,CEMENTO CPC40 BOL 50 KG,6889.74,137.7948,ARS,REAL,,Importado desde db/sicons.xlsx - HOLCIM - CEMENTO CPC40 BOL 50 KG
2024-11-04,HOLCIM,0280-00162018,CEMENTO CPC40 BOL 50 KG,7437.40,148.7481,ARS,REAL,,Importado desde db/sicons.xlsx - HOLCIM - CEMENTO CPC40 BOL 50 KG
2024-11-07,HOLCIM,0280-00162071,CEMENTO CPC40 BOL 50 KG,6889.74,137.7948,ARS,REAL,,Importado desde db/sicons.xlsx - HOLCIM - CEMENTO CPC40 BOL 50 KG
2024-11-07,HOLCIM,0280-00162072,CEMENTO CPC40 BOL 50 KG,6889.74,137.7948,ARS,REAL,,Importado desde db/sicons.xlsx - HOLCIM - CEMENTO CPC40 BOL 50 KG
2024-11-09,HOLCIM,0280-00162116,CEMENTO CPC40 BOL 50 KG,6889.74,137.7948,ARS,REAL,,Importado desde db/sicons.xlsx - HOLCIM - CEMENTO CPC40 BOL 50 KG
2024-11-11,HOLCIM,0280-00162146,CEMENTO CPC40 BOL 50 KG,6889.74,137.7948,ARS,REAL,,Importado desde db/sicons.xlsx - HOLCIM - CEMENTO CPC40 BOL 50 KG
2024-11-11,HOLCIM,0280-00162147,CEMENTO CPC40 BOL 50 KG,6889.74,137.7948,ARS,REAL,,Importado desde db/sicons.xlsx - HOLCIM - CEMENTO CPC40 BOL 50 KG
2024-11-13,HOLCIM,0280-00162204,CEMENTO CPC40 BOL 50 KG,6889.74,137.7948,ARS,REAL,,Importado desde db/sicons.xlsx - HOLCIM - CEMENTO CPC40 BOL 50 KG
2024-11-13,HOLCIM,0280-00162205,CEMENTO CPC40 BOL 50 KG,6889.74,137.7948,ARS,REAL,,Importado desde db/sicons.xlsx - HOLCIM - CEMENTO CPC40 BOL 50 KG
2024-11-14,HOLCIM,0280-00162247,CEMENTO CPC40 BOL 50 KG,6889.74,137.7948,ARS,REAL,,Importado desde db/sicons.xlsx - HOLCIM - CEMENTO CPC40 BOL 50 KG
2024-11-19,HOLCIM,0280-00162315,CEMENTO CPC40 BOL 50 KG,6889.74,137.7948,ARS,REAL,,Importado desde db/sicons.xlsx - HOLCIM - CEMENTO CPC40 BOL 50 KG
2024-11-19,HOLCIM,0280-00162316,CEMENTO CPC40 BOL 50 KG,6889.74,137.7948,ARS,REAL,,Importado desde db/sicons.xlsx - HOLCIM - CEMENTO CPC40 BOL 50 KG
2024-11-20,HOLCIM,0280-00162343,CEMENTO CPC40 BOL 50 KG,6889.74,137.7948,ARS,REAL,,Importado desde db/sicons.xlsx - HOLCIM - CEMENTO CPC40 BOL 50 KG
2024-11-20,HOLCIM,0280-00162344,CEMENTO CPC40 BOL 50 KG,6889.74,137.7948,ARS,REAL,,Importado desde db/sicons.xlsx - HOLCIM - CEMENTO CPC40 BOL 50 KG
2024-11-22,HOLCIM,0280-00162409,CEMENTO CPC40 BOL 50 KG,6889.74,137.7948,ARS,REAL,,Importado desde db/sicons.xlsx - HOLCIM - CEMENTO CPC40 BOL 50 KG
2024-11-23,HOLCIM,0280-00062421,CEMENTO CPC40 BOL 50 KG,6889.74,137.7948,ARS,REAL,,Importado desde db/sicons.xlsx - HOLCIM - CEMENTO CPC40 BOL 50 KG
2024-11-23,HOLCIM,0280-00162420,CEMENTO CPC40 BOL 50 KG,6889.74,137.7948,ARS,REAL,,Importado desde db/sicons.xlsx - HOLCIM - CEMENTO CPC40 BOL 50 KG
2024-11-26,HOLCIM,0028-00162485,CEMENTO CPC40 BOL 50 KG,6889.74,137.7948,ARS,REAL,,Importado desde db/sicons.xlsx - HOLCIM - CEMENTO CPC40 BOL 50 KG
2024-11-26,HOLCIM,0280-00062484,CEMENTO CPC40 BOL 50 KG,6889.74,137.7948,ARS,REAL,,Importado desde db/sicons.xlsx - HOLCIM - CEMENTO CPC40 BOL 50 KG
2024-11-27,HOLCIM,0280-00162501,CEMENTO CPC40 BOL 50 KG,6889.74,137.7948,ARS,REAL,,Importado desde db/sicons.xlsx - HOLCIM - CEMENTO CPC40 BOL 50 KG
2024-11-27,HOLCIM,0280-00162502,CEMENTO CPC40 BOL 50 KG,6889.74,137.7948,ARS,REAL,,Importado desde db/sicons.xlsx - HOLCIM - CEMENTO CPC40 BOL 50 KG
2024-11-28,HOLCIM,0280-00162569,CEMENTO CPC40 BOL 50 KG,6889.74,137.7948,ARS,REAL,,Importado desde db/sicons.xlsx - HOLCIM - CEMENTO CPC40 BOL 50 KG
2024-11-28,HOLCIM,0280-00162570,CEMENTO CPC40 BOL 50 KG,6889.74,137.7948,ARS,REAL,,Importado desde db/sicons.xlsx - HOLCIM - CEMENTO CPC40 BOL 50 KG
2024-11-29,HOLCIM,0280-00162599,CEMENTO CPC40 BOL 50 KG,6889.74,137.7948,ARS,REAL,,Importado desde db/sicons.xlsx - HOLCIM - CEMENTO CPC40 BOL 50 KG
2024-11-30,HOLCIM,0280-00162609,CEMENTO CPC40 BOL 50 KG,6889.74,137.7948,ARS,REAL,,Importado desde db/sicons.xlsx - HOLCIM - CEMENTO CPC40 BOL 50 KG
2024-12-03,HOLCIM,0280-00162667,CEMENTO CPC40 BOL 50 KG,7096.43,141.9286,ARS,REAL,,Importado desde db/sicons.xlsx - HOLCIM - CEMENTO CPC40 BOL 50 KG
2024-12-04,HOLCIM,0280-00162685,CEMENTO CPC40 BOL 50 KG,7096.43,141.9286,ARS,REAL,,Importado desde db/sicons.xlsx - HOLCIM - CEMENTO CPC40 BOL 50 KG
2024-12-04,HOLCIM,0280-00162686,CEMENTO CPC40 BOL 50 KG,7096.43,141.9286,ARS,REAL,,Importado desde db/sicons.xlsx - HOLCIM - CEMENTO CPC40 BOL 50 KG
2024-12-04,HOLCIM,0280-00162687,CEMENTO CPC40 BOL 50 KG,7096.43,141.9286,ARS,REAL,,Importado desde db/sicons.xlsx - HOLCIM - CEMENTO CPC40 BOL 50 KG
2024-12-05,HOLCIM,0280-00162707,CEMENTO CPC40 BOL 50 KG,7096.43,141.9286,ARS,REAL,,Importado desde db/sicons.xlsx - HOLCIM - CEMENTO CPC40 BOL 50 KG
2024-12-05,HOLCIM,0280-00162708,CEMENTO CPC40 BOL 50 KG,7096.43,141.9286,ARS,REAL,,Importado desde db/sicons.xlsx - HOLCIM - CEMENTO CPC40 BOL 50 KG
2024-12-06,HOLCIM,0280-00162728,CEMENTO CPC40 BOL 50 KG,7096.43,141.9286,ARS,REAL,,Importado desde db/sicons.xlsx - HOLCIM - CEMENTO CPC40 BOL 50 KG
2024-12-07,HOLCIM,0280-00162740,CEMENTO CPC40 BOL 50 KG,7096.43,141.9286,ARS,REAL,,Importado desde db/sicons.xlsx - HOLCIM - CEMENTO CPC40 BOL 50 KG
2024-12-12,HOLCIM,0280-00162835,CEMENTO CPC40 BOL 50 KG,7096.43,141.9286,ARS,REAL,,Importado desde db/sicons.xlsx - HOLCIM - CEMENTO CPC40 BOL 50 KG
2024-12-12,HOLCIM,2/80-162836,CEMENTO CPC40 BOL 50 KG,7096.43,141.9286,ARS,REAL,,Importado desde db/sicons.xlsx - HOLCIM - CEMENTO CPC40 BOL 50 KG
2024-12-13,HOLCIM,0280-00162865,CEMENTO CPC40 BOL 50 KG,7096.43,141.9286,ARS,REAL,,Importado desde db/sicons.xlsx - HOLCIM - CEMENTO CPC40 BOL 50 KG
2024-12-13,HOLCIM,0280-00162866,CEMENTO CPC40 BOL 50 KG,7096.43,141.9286,ARS,REAL,,Importado desde db/sicons.xlsx - HOLCIM - CEMENTO CPC40 BOL 50 KG
2024-12-14,HOLCIM,0280-01623886,CEMENTO CPC40 BOL 50 KG,7096.43,141.9286,ARS,REAL,,Importado desde db/sicons.xlsx - HOLCIM - CEMENTO CPC40 BOL 50 KG
2024-12-17,HOLCIM,0280-00162944,CEMENTO CPC40 BOL 50 KG,7096.43,141.9286,ARS,REAL,,Importado desde db/sicons.xlsx - HOLCIM - CEMENTO CPC40 BOL 50 KG
2024-12-17,HOLCIM,0280-00162945,CEMENTO CPC40 BOL 50 KG,7096.43,141.9286,ARS,REAL,,Importado desde db/sicons.xlsx - HOLCIM - CEMENTO CPC40 BOL 50 KG
2024-12-17,HOLCIM,0280-00162946,CEMENTO CPC40 BOL 50 KG,7096.43,141.9286,ARS,REAL,,Importado desde db/sicons.xlsx - HOLCIM - CEMENTO CPC40 BOL 50 KG
2024-12-18,HOLCIM,0280-00162976,CEMENTO CPC40 BOL 50 KG,7096.43,141.9286,ARS,REAL,,Importado desde db/sicons.xlsx - HOLCIM - CEMENTO CPC40 BOL 50 KG
2024-12-19,HOLCIM,0280-00162998,CEMENTO CPC40 BOL 50 KG,7096.43,141.9286,ARS,REAL,,Importado desde db/sicons.xlsx - HOLCIM - CEMENTO CPC40 BOL 50 KG
2024-12-19,HOLCIM,0280-00162999,CEMENTO CPC40 BOL 50 KG,7096.43,141.9286,ARS,REAL,,Importado desde db/sicons.xlsx - HOLCIM - CEMENTO CPC40 BOL 50 KG
2024-12-20,HOLCIM,0280-00163018,CEMENTO CPC40 BOL 50 KG,7096.43,141.9286,ARS,REAL,,Importado desde db/sicons.xlsx - HOLCIM - CEMENTO CPC40 BOL 50 KG
2024-12-23,HOLCIM,0280-00163069,CEMENTO CPC40 BOL 50 KG,7096.43,141.9286,ARS,REAL,,Importado desde db/sicons.xlsx - HOLCIM - CEMENTO CPC40 BOL 50 KG
2024-12-24,HOLCIM,0280-00163084,CEMENTO CPC40 BOL 50 KG,7096.43,141.9286,ARS,REAL,,Importado desde db/sicons.xlsx - HOLCIM - CEMENTO CPC40 BOL 50 KG
2024-12-27,HOLCIM,0280-00163111,CEMENTO CPC40 BOL 50 KG,7096.43,141.9286,ARS,REAL,,Importado desde db/sicons.xlsx - HOLCIM - CEMENTO CPC40 BOL 50 KG
2024-12-30,HOLCIM,0280-00163148,CEMENTO CPC40 BOL 50 KG,7096.43,141.9286,ARS,REAL,,Importado desde db/sicons.xlsx - HOLCIM - CEMENTO CPC40 BOL 50 KG
2025-01-02,HOLCIM,0280-00163186,CEMENTO CPC40 BOL 50 KG,7096.43,141.9286,ARS,REAL,,Importado desde db/sicons.xlsx - HOLCIM - CEMENTO CPC40 BOL 50 KG
2025-01-06,HOLCIM,0256-00040782,CEMENTO CPC40 BOL 50 KG,6889.74,137.7948,ARS,REAL,,Importado desde db/sicons.xlsx - HOLCIM - CEMENTO CPC40 BOL 50 KG
2025-01-06,HOLCIM,0280-00163223,CEMENTO CPC40 BOL 50 KG,7096.43,141.9286,ARS,REAL,,Importado desde db/sicons.xlsx - HOLCIM - CEMENTO CPC40 BOL 50 KG
2025-01-06,HOLCIM,0280-00163224,CEMENTO CPC40 BOL 50 KG,7096.43,141.9286,ARS,REAL,,Importado desde db/sicons.xlsx - HOLCIM - CEMENTO CPC40 BOL 50 KG
2025-01-07,HOLCIM,0280-00163253,CEMENTO CPC40 BOL 50 KG,7096.43,141.9286,ARS,REAL,,Importado desde db/sicons.xlsx - HOLCIM - CEMENTO CPC40 BOL 50 KG
2025-01-07,HOLCIM,0280-00163254,CEMENTO CPC40 BOL 50 KG,7096.43,141.9286,ARS,REAL,,Importado desde db/sicons.xlsx - HOLCIM - CEMENTO CPC40 BOL 50 KG
2025-01-07,HOLCIM,0280-00163255,CEMENTO CPC40 BOL 50 KG,7096.43,141.9286,ARS,REAL,,Importado desde db/sicons.xlsx - HOLCIM - CEMENTO CPC40 BOL 50 KG
2025-01-08,HOLCIM,0280-00163261,CEMENTO CPC40 BOL 50 KG,7096.43,141.9286,ARS,REAL,,Importado desde db/sicons.xlsx - HOLCIM - CEMENTO CPC40 BOL 50 KG
2025-01-08,HOLCIM,0280-00163262,CEMENTO CPC40 BOL 50 KG,7096.43,141.9286,ARS,REAL,,Importado desde db/sicons.xlsx - HOLCIM - CEMENTO CPC40 BOL 50 KG
2025-01-09,HOLCIM,0280-00163291,CEMENTO CPC40 BOL 50 KG,7096.43,141.9286,ARS,REAL,,Importado desde db/sicons.xlsx - HOLCIM - CEMENTO CPC40 BOL 50 KG
2025-01-09,HOLCIM,0280-00163292,CEMENTO CPC40 BOL 50 KG,7096.43,141.9286,ARS,REAL,,Importado desde db/sicons.xlsx - HOLCIM - CEMENTO CPC40 BOL 50 KG
2025-01-10,HOLCIM,0280-00163329,CEMENTO CPC40 BOL 50 KG,7096.43,141.9286,ARS,REAL,,Importado desde db/sicons.xlsx - HOLCIM - CEMENTO CPC40 BOL 50 KG
2025-01-10,HOLCIM,0280-00163330,CEMENTO CPC40 BOL 50 KG,7096.43,141.9286,ARS,REAL,,Importado desde db/sicons.xlsx - HOLCIM - CEMENTO CPC40 BOL 50 KG
2025-01-10,HOLCIM,0280-00163343,CEMENTO CPC40 BOL 50 KG,7096.43,141.9286,ARS,REAL,,Importado desde db/sicons.xlsx - HOLCIM - CEMENTO CPC40 BOL 50 KG
2025-01-11,HOLCIM,0280-00163344,CEMENTO CPC40 BOL 50 KG,7096.43,141.9286,ARS,REAL,,Importado desde db/sicons.xlsx - HOLCIM - CEMENTO CPC40 BOL 50 KG
2025-01-14,HOLCIM,0280-00163409,CEMENTO CPC40 BOL 50 KG,7096.43,141.9286,ARS,REAL,,Importado desde db/sicons.xlsx - HOLCIM - CEMENTO CPC40 BOL 50 KG
2025-01-16,HOLCIM,0280-00163469,CEMENTO CPC40 BOL 50 KG,7096.43,141.9286,ARS,REAL,,Importado desde db/sicons.xlsx - HOLCIM - CEMENTO CPC40 BOL 50 KG
2025-01-17,HOLCIM,0280-00163505,CEMENTO CPC40 BOL 50 KG,7096.43,141.9286,ARS,REAL,,Importado desde db/sicons.xlsx - HOLCIM - CEMENTO CPC40 BOL 50 KG
2025-01-20,HOLCIM,0280-00163551,CEMENTO CPC40 BOL 50 KG,7096.43,141.9286,ARS,REAL,,Importado desde db/sicons.xlsx - HOLCIM - CEMENTO CPC40 BOL 50 KG
2025-01-28,HOLCIM,0280-00163675,CEMENTO CPC40 BOL 50 KG,7096.43,141.9286,ARS,REAL,,Importado desde db/sicons.xlsx - HOLCIM - CEMENTO CPC40 BOL 50 KG
2025-01-29,HOLCIM,0280-00163715,CEMENTO CPC40 BOL 50 KG,7096.43,141.9286,ARS,REAL,,Importado desde db/sicons.xlsx - HOLCIM - CEMENTO CPC40 BOL 50 KG
2025-02-08,HOLCIM,0280-00163889,CEMENTO CPC40 BOL 50 KG,7288.04,145.7607,ARS,REAL,,Importado desde db/sicons.xlsx - HOLCIM - CEMENTO CPC40 BOL 50 KG
2025-02-10,HOLCIM,0280-00163924,CEMENTO CPC40 BOL 50 KG,7288.04,145.7607,ARS,REAL,,Importado desde db/sicons.xlsx - HOLCIM - CEMENTO CPC40 BOL 50 KG
2025-02-10,HOLCIM,0280-00163925,CEMENTO CPC40 BOL 50 KG,7288.04,145.7607,ARS,REAL,,Importado desde db/sicons.xlsx - HOLCIM - CEMENTO CPC40 BOL 50 KG
2025-02-11,HOLCIM,0280-00163951,CEMENTO CPC40 BOL 50 KG,7288.04,145.7607,ARS,REAL,,Importado desde db/sicons.xlsx - HOLCIM - CEMENTO CPC40 BOL 50 KG
2025-02-11,HOLCIM,0280-00163952,CEMENTO CPC40 BOL 50 KG,7288.04,145.7607,ARS,REAL,,Importado desde db/sicons.xlsx - HOLCIM - CEMENTO CPC40 BOL 50 KG
2025-02-12,HOLCIM,0280-00163985,CEMENTO CPC40 BOL 50 KG,7288.04,145.7607,ARS,REAL,,Importado desde db/sicons.xlsx - HOLCIM - CEMENTO CPC40 BOL 50 KG
2025-02-14,HOLCIM,0280-00164020,CEMENTO CPC40 BOL 50 KG,7288.04,145.7607,ARS,REAL,,Importado desde db/sicons.xlsx - HOLCIM - CEMENTO CPC40 BOL 50 KG
2025-02-14,HOLCIM,0280-00164021,CEMENTO CPC40 BOL 50 KG,7288.04,145.7607,ARS,REAL,,Importado desde db/sicons.xlsx - HOLCIM - CEMENTO CPC40 BOL 50 KG
2025-02-18,HOLCIM,0280-00164103,CEMENTO CPC40 BOL 50 KG,7288.04,145.7607,ARS,REAL,,Importado desde db/sicons.xlsx - HOLCIM - CEMENTO CPC40 BOL 50 KG
2025-02-19,HOLCIM,0280-00164130,CEMENTO CPC40 BOL 50 KG,7288.04,145.7607,ARS,REAL,,Importado desde db/sicons.xlsx - HOLCIM - CEMENTO CPC40 BOL 50 KG
2025-02-20,HOLCIM,0256-00041489,CEMENTO CPC40 BOL 50 KG,7091.27,141.8253,ARS,REAL,,Importado desde db/sicons.xlsx - HOLCIM - CEMENTO CPC40 BOL 50 KG
2025-02-22,HOLCIM,0256-00041527,CEMENTO CPC40 BOL 50 KG,7091.27,141.8253,ARS,REAL,,Importado desde db/sicons.xlsx - HOLCIM - CEMENTO CPC40 BOL 50 KG
2025-02-26,HOLCIM,0256-00041626,CEMENTO CPC40 BOL 50 KG,7091.27,141.8253,ARS,REAL,,Importado desde db/sicons.xlsx - HOLCIM - CEMENTO CPC40 BOL 50 KG
2025-02-27,HOLCIM,0256-00041675,CEMENTO CPC40 BOL 50 KG,7091.27,141.8253,ARS,REAL,,Importado desde db/sicons.xlsx - HOLCIM - CEMENTO CPC40 BOL 50 KG
2025-03-06,HOLCIM,0256-00041776,CEMENTO CPC40 BOL 50 KG,7276.94,145.5388,ARS,REAL,,Importado desde db/sicons.xlsx - HOLCIM - CEMENTO CPC40 BOL 50 KG
2025-03-18,HOLCIM,0256-00041932,CEMENTO CPC40 BOL 50 KG,7276.94,145.5388,ARS,REAL,,Importado desde db/sicons.xlsx - HOLCIM - CEMENTO CPC40 BOL 50 KG
2025-03-19,HOLCIM,0256-00041950,CEMENTO CPC40 BOL 50 KG,7276.94,145.5388,ARS,REAL,,Importado desde db/sicons.xlsx - HOLCIM - CEMENTO CPC40 BOL 50 KG
2025-03-20,HOLCIM,0256-00041988,CEMENTO CPC40 BOL 50 KG,7276.94,145.5388,ARS,REAL,,Importado desde db/sicons.xlsx - HOLCIM - CEMENTO CPC40 BOL 50 KG
2025-03-21,HOLCIM,0256-00042014,CEMENTO CPC40 BOL 50 KG,7276.94,145.5388,ARS,REAL,,Importado desde db/sicons.xlsx - HOLCIM - CEMENTO CPC40 BOL 50 KG
2025-03-21,HOLCIM,0256-00042015,CEMENTO CPC40 BOL 50 KG,7276.94,145.5388,ARS,REAL,,Importado desde db/sicons.xlsx - HOLCIM - CEMENTO CPC40 BOL 50 KG
2025-03-21,HOLCIM,0256-00042017,CEMENTO CPC40 BOL 50 KG,7276.94,145.5388,ARS,REAL,,Importado desde db/sicons.xlsx - HOLCIM - CEMENTO CPC40 BOL 50 KG
2025-03-21,HOLCIM,0256-00042018,CEMENTO CPC40 BOL 50 KG,7276.94,145.5388,ARS,REAL,,Importado desde db/sicons.xlsx - HOLCIM - CEMENTO CPC40 BOL 50 KG
2025-03-21,HOLCIM,0265-00042016,CEMENTO CPC40 BOL 50 KG,7276.94,145.5388,ARS,REAL,,Importado desde db/sicons.xlsx - HOLCIM - CEMENTO CPC40 BOL 50 KG
2025-03-27,HOLCIM,0256-00042097,CEMENTO CPC40 BOL 50 KG,7131.44,142.6288,ARS,REAL,,Importado desde db/sicons.xlsx - HOLCIM - CEMENTO CPC40 BOL 50 KG
2025-03-27,HOLCIM,0256-00042098,CEMENTO CPC40 BOL 50 KG,7131.44,142.6288,ARS,REAL,,Importado desde db/sicons.xlsx - HOLCIM - CEMENTO CPC40 BOL 50 KG
2025-03-27,HOLCIM,0256-00042099,CEMENTO CPC40 BOL 50 KG,7131.44,142.6288,ARS,REAL,,Importado desde db/sicons.xlsx - HOLCIM - CEMENTO CPC40 BOL 50 KG
2025-03-31,HOLCIM,0256-00042143,CEMENTO CPC40 BOL 50 KG,7131.44,142.6288,ARS,REAL,,Importado desde db/sicons.xlsx - HOLCIM - CEMENTO CPC40 BOL 50 KG
2025-04-04,HOLCIM,0256-00042249,CEMENTO CPC40 BOL 50 KG,7131.44,142.6288,ARS,REAL,,Importado desde db/sicons.xlsx - HOLCIM - CEMENTO CPC40 BOL 50 KG
2025-04-04,HOLCIM,0256-00042250,CEMENTO CPC40 BOL 50 KG,7131.44,142.6288,ARS,REAL,,Importado desde db/sicons.xlsx - HOLCIM - CEMENTO CPC40 BOL 50 KG
2025-04-07,HOLCIM,0256-00042289,CEMENTO CPC40 BOL 50 KG,7276.95,145.5390,ARS,REAL,,Importado desde db/sicons.xlsx - HOLCIM - CEMENTO CPC40 BOL 50 KG
2025-04-07,HOLCIM,0256-00042290,CEMENTO CPC40 BOL 50 KG,7276.95,145.5390,ARS,REAL,,Importado desde db/sicons.xlsx - HOLCIM - CEMENTO CPC40 BOL 50 KG
2025-04-07,HOLCIM,0256-00042291,CEMENTO CPC40 BOL 50 KG,7276.95,145.5390,ARS,REAL,,Importado desde db/sicons.xlsx - HOLCIM - CEMENTO CPC40 BOL 50 KG
2025-04-07,HOLCIM,0256-00042292,CEMENTO CPC40 BOL 50 KG,7276.95,145.5390,ARS,REAL,,Importado desde db/sicons.xlsx - HOLCIM - CEMENTO CPC40 BOL 50 KG
2025-04-10,HOLCIM,0256-00042361,CEMENTO CPC40 BOL 50 KG,7276.95,145.5390,ARS,REAL,,Importado desde db/sicons.xlsx - HOLCIM - CEMENTO CPC40 BOL 50 KG
2025-04-10,HOLCIM,0256-00042362,CEMENTO CPC40 BOL 50 KG,7276.95,145.5390,ARS,REAL,,Importado desde db/sicons.xlsx - HOLCIM - CEMENTO CPC40 BOL 50 KG
2025-04-10,HOLCIM,0256-00042363,CEMENTO CPC40 BOL 50 KG,7276.95,145.5390,ARS,REAL,,Importado desde db/sicons.xlsx - HOLCIM - CEMENTO CPC40 BOL 50 KG
2025-04-10,HOLCIM,0256-00042364,CEMENTO CPC40 BOL 50 KG,7276.95,145.5390,ARS,REAL,,Importado desde db/sicons.xlsx - HOLCIM - CEMENTO CPC40 BOL 50 KG
2025-04-14,HOLCIM,0256-00042449,CEMENTO CPC40 BOL 50 KG,7276.95,145.5390,ARS,REAL,,Importado desde db/sicons.xlsx - HOLCIM - CEMENTO CPC40 BOL 50 KG
2025-04-14,HOLCIM,0256-00042450,CEMENTO CPC40 BOL 50 KG,7276.95,145.5390,ARS,REAL,,Importado desde db/sicons.xlsx - HOLCIM - CEMENTO CPC40 BOL 50 KG
2025-04-14,HOLCIM,0256-00042451,CEMENTO CPC40 BOL 50 KG,7276.95,145.5390,ARS,REAL,,Importado desde db/sicons.xlsx - HOLCIM - CEMENTO CPC40 BOL 50 KG
2025-04-15,HOLCIM,0256-00042461,CEMENTO CPC40 BOL 50 KG,7276.95,145.5390,ARS,REAL,,Importado desde db/sicons.xlsx - HOLCIM - CEMENTO CPC40 BOL 50 KG
2025-04-16,HOLCIM,0256-00042498,CEMENTO CPC40 BOL 50 KG,7276.95,145.5390,ARS,REAL,,Importado desde db/sicons.xlsx - HOLCIM - CEMENTO CPC40 BOL 50 KG
2025-04-17,HOLCIM,0256-00042529,CEMENTO CPC40 BOL 50 KG,7276.95,145.5390,ARS,REAL,,Importado desde db/sicons.xlsx - HOLCIM - CEMENTO CPC40 BOL 50 KG
2025-04-17,HOLCIM,0256-00042530,CEMENTO CPC40 BOL 50 KG,7276.95,145.5390,ARS,REAL,,Importado desde db/sicons.xlsx - HOLCIM - CEMENTO CPC40 BOL 50 KG
2025-04-22,HOLCIM,0256-00042593,CEMENTO CPC40 BOL 50 KG,7560.76,151.2152,ARS,REAL,,Importado desde db/sicons.xlsx - HOLCIM - CEMENTO CPC40 BOL 50 KG
2025-04-22,HOLCIM,0256-00042594,CEMENTO CPC40 BOL 50 KG,7560.76,151.2152,ARS,REAL,,Importado desde db/sicons.xlsx - HOLCIM - CEMENTO CPC40 BOL 50 KG
2025-04-22,HOLCIM,0256-00042597,CEMENTO CPC40 BOL 50 KG,7560.76,151.2152,ARS,REAL,,Importado desde db/sicons.xlsx - HOLCIM - CEMENTO CPC40 BOL 50 KG
2025-04-22,HOLCIM,0256-00042600,CEMENTO CPC40 BOL 50 KG,7560.75,151.2149,ARS,REAL,,Importado desde db/sicons.xlsx - HOLCIM - CEMENTO CPC40 BOL 50 KG
2025-05-19,HOLCIM,0256-00043011,CEMENTO CPC40 BOL 50 KG,7560.75,151.2149,ARS,REAL,,Importado desde db/sicons.xlsx - HOLCIM - CEMENTO CPC40 BOL 50 KG
2025-05-22,HOLCIM,0256-00043057,CEMENTO CPC40 BOL 50 KG,7560.75,151.2149,ARS,REAL,,Importado desde db/sicons.xlsx - HOLCIM - CEMENTO CPC40 BOL 50 KG
2025-05-22,HOLCIM,0256-00043068,CEMENTO CPC40 BOL 50 KG,7560.75,151.2149,ARS,REAL,,Importado desde db/sicons.xlsx - HOLCIM - CEMENTO CPC40 BOL 50 KG
2025-05-23,HOLCIM,0256-00043090,CEMENTO CPC40 BOL 50 KG,7560.75,151.2149,ARS,REAL,,Importado desde db/sicons.xlsx - HOLCIM - CEMENTO CPC40 BOL 50 KG
2025-05-23,HOLCIM,0256-00043091,CEMENTO CPC40 BOL 50 KG,7560.75,151.2149,ARS,REAL,,Importado desde db/sicons.xlsx - HOLCIM - CEMENTO CPC40 BOL 50 KG
2025-05-27,HOLCIM,0256-00043129,CEMENTO CPC40 BOL 50 KG,7560.75,151.2149,ARS,REAL,,Importado desde db/sicons.xlsx - HOLCIM - CEMENTO CPC40 BOL 50 KG
2025-05-27,HOLCIM,0256-00043130,CEMENTO CPC40 BOL 50 KG,7560.75,151.2149,ARS,REAL,,Importado desde db/sicons.xlsx - HOLCIM - CEMENTO CPC40 BOL 50 KG
2025-05-27,HOLCIM,0256-00043146,CEMENTO CPC40 BOL 50 KG,7560.75,151.2149,ARS,REAL,,Importado desde db/sicons.xlsx - HOLCIM - CEMENTO CPC40 BOL 50 KG
2025-06-09,HOLCIM,0256-00043409,CEMENTO CPC40 BOL 50 KG,7772.45,155.4489,ARS,REAL,,Importado desde db/sicons.xlsx - HOLCIM - CEMENTO CPC40 BOL 50 KG
2025-06-12,HOLCIM,0256-00043467,CEMENTO CPC40 BOL 50 KG,7772.45,155.4489,ARS,REAL,,Importado desde db/sicons.xlsx - HOLCIM - CEMENTO CPC40 BOL 50 KG
2025-06-17,HOLCIM,0256-00043495,CEMENTO CPC40 BOL 50 KG,7772.45,155.4489,ARS,REAL,,Importado desde db/sicons.xlsx - HOLCIM - CEMENTO CPC40 BOL 50 KG
2025-06-17,HOLCIM,0256-00043496,CEMENTO CPC40 BOL 50 KG,7772.45,155.4489,ARS,REAL,,Importado desde db/sicons.xlsx - HOLCIM - CEMENTO CPC40 BOL 50 KG
2025-06-26,HOLCIM,0256-00043651,CEMENTO CPC40 BOL 50 KG,7772.45,155.4489,ARS,REAL,,Importado desde db/sicons.xlsx - HOLCIM - CEMENTO CPC40 BOL 50 KG
2025-07-04,HOLCIM,0256-00043903,CEMENTO CPC40 BOL 50 KG,7772.45,155.4489,ARS,REAL,,Importado desde db/sicons.xlsx - HOLCIM - CEMENTO CPC40 BOL 50 KG
2025-07-04,HOLCIM,0256-00043904,CEMENTO CPC40 BOL 50 KG,7772.45,155.4489,ARS,REAL,,Importado desde db/sicons.xlsx - HOLCIM - CEMENTO CPC40 BOL 50 KG
2025-07-24,HOLCIM,0256-00044264,CEMENTO CPC40 X 25 KG,4041.68,161.6671,ARS,REAL,,Importado desde db/sicons.xlsx - HOLCIM - CEMENTO CPC40 X 25 KG
2025-07-29,HOLCIM,0256-00044368,CEMENTO CPC40 X 25 KG,4041.68,161.6671,ARS,REAL,,Importado desde db/sicons.xlsx - HOLCIM - CEMENTO CPC40 X 25 KG
2025-07-29,HOLCIM,0256-00044369,CEMENTO CPC40 X 25 KG,4041.68,161.6671,ARS,REAL,,Actualizado desde db/sicons.xlsx - HOLCIM - CEMENTO CPC40 X 25 KG
2025-07-29,HOLCIM,0256-00044370,CEMENTO CPC40 X 25 KG,4041.68,161.6671,ARS,REAL,,Importado desde db/sicons.xlsx - HOLCIM - CEMENTO CPC40 X 25 KG
2025-07-29,HOLCIM,0280-00167064,CEMENTO CPC40 X 25 KG,4410.29,176.4117,ARS,REAL,,Importado desde db/sicons.xlsx - HOLCIM - CEMENTO CPC40 X 25 KG
2025-08-01,HOLCIM,0280-00167173,CEMENTO CPC40 X 25 KG,4410.29,176.4117,ARS,REAL,,Importado desde db/sicons.xlsx - HOLCIM - CEMENTO CPC40 X 25 KG
2025-08-04,HOLCIM,0256-00044450,CEMENTO CPC40 X 25 KG,4041.68,161.6671,ARS,REAL,,Importado desde db/sicons.xlsx - HOLCIM - CEMENTO CPC40 X 25 KG
2025-08-04,HOLCIM,0280-00167198,CEMENTO CPC40 X 25 KG,4410.29,176.4117,ARS,REAL,,Importado desde db/sicons.xlsx - HOLCIM - CEMENTO CPC40 X 25 KG
2025-08-05,HOLCIM,0256-00044538,CEMENTO CPC40 X 25 KG,4041.68,161.6671,ARS,REAL,,Importado desde db/sicons.xlsx - HOLCIM - CEMENTO CPC40 X 25 KG
2025-08-05,HOLCIM,0256-00044539,CEMENTO CPC40 X 25 KG,4041.68,161.6671,ARS,REAL,,Importado desde db/sicons.xlsx - HOLCIM - CEMENTO CPC40 X 25 KG
2025-08-05,HOLCIM,0280-00167207,CEMENTO CPC40 X 25 KG,4410.29,176.4117,ARS,REAL,,Importado desde db/sicons.xlsx - HOLCIM - CEMENTO CPC40 X 25 KG
2025-08-07,HOLCIM,0256-00044626,CEMENTO CPC40 X 25 KG,4041.68,161.6671,ARS,REAL,,Importado desde db/sicons.xlsx - HOLCIM - CEMENTO CPC40 X 25 KG
2025-08-11,HOLCIM,0256-00044676,CEMENTO CPC40 X 25 KG,4041.68,161.6671,ARS,REAL,,Importado desde db/sicons.xlsx - HOLCIM - CEMENTO CPC40 X 25 KG
2025-08-13,HOLCIM,0256-00044734,CEMENTO CPC40 X 25 KG,4041.68,161.6671,ARS,REAL,,Importado desde db/sicons.xlsx - HOLCIM - CEMENTO CPC40 X 25 KG
2025-08-18,HOLCIM,0256-00044800,CEMENTO CPC40 X 25 KG,4041.68,161.6671,ARS,REAL,,Actualizado desde db/sicons.xlsx - HOLCIM - CEMENTO CPC40 X 25 KG
2025-08-22,HOLCIM,0256-00044889,CEMENTO CPC40 X 25 KG,4041.68,161.6671,ARS,REAL,,Importado desde db/sicons.xlsx - HOLCIM - CEMENTO CPC40 X 25 KG
2025-08-25,HOLCIM,0256-00044920,CEMENTO CPC40 X 25 KG,4041.68,161.6671,ARS,REAL,,Importado desde db/sicons.xlsx - HOLCIM - CEMENTO CPC40 X 25 KG
2025-08-26,HOLCIM,0256-00044948,CEMENTO CPC40 X 25 KG,4041.68,161.6671,ARS,REAL,,Importado desde db/sicons.xlsx - HOLCIM - CEMENTO CPC40 X 25 KG
2025-08-28,HOLCIM,0256-00045034,CEMENTO CPC40 X 25 KG,4041.68,161.6671,ARS,REAL,,Actualizado desde db/sicons.xlsx - HOLCIM - CEMENTO CPC40 X 25 KG
2025-08-28,HOLCIM,0256-00045043,CEMENTO CPC40 X 25 KG,4041.68,161.6671,ARS,REAL,,Importado desde db/sicons.xlsx - HOLCIM - CEMENTO CPC40 X 25 KG
2025-09-05,HOLCIM,0256-00045231,CEMENTO CPC40 X 25 KG,4162.92,166.5168,ARS,REAL,,Importado desde db/sicons.xlsx - HOLCIM - CEMENTO CPC40 X 25 KG
2025-09-05,HOLCIM,0256-00045232,CEMENTO CPC40 X 25 KG,4162.92,166.5168,ARS,REAL,,Actualizado desde db/sicons.xlsx - HOLCIM - CEMENTO CPC40 X 25 KG
2025-09-11,HOLCIM,0256-00045339,CEMENTO CPC40 X 25 KG,4162.92,166.5168,ARS,REAL,,Importado desde db/sicons.xlsx - HOLCIM - CEMENTO CPC40 X 25 KG
2025-09-12,HOLCIM,0256-00045366,CEMENTO CPC40 X 25 KG,4162.92,166.5168,ARS,REAL,,Importado desde db/sicons.xlsx - HOLCIM - CEMENTO CPC40 X 25 KG
2025-09-12,HOLCIM,0256-00045367,CEMENTO CPC40 X 25 KG,4162.92,166.5168,ARS,REAL,,Importado desde db/sicons.xlsx - HOLCIM - CEMENTO CPC40 X 25 KG
2025-09-23,HOLCIM,0256-00045569,CEMENTO CPC40 X 25 KG,4162.92,166.5168,ARS,REAL,,Importado desde db/sicons.xlsx - HOLCIM - CEMENTO CPC40 X 25 KG
2025-09-23,HOLCIM,0256-00045571,CEMENTO CPC40 X 25 KG,4162.92,166.5168,ARS,REAL,,Importado desde db/sicons.xlsx - HOLCIM - CEMENTO CPC40 X 25 KG
2025-09-23,HOLCIM,0256-00045572,CEMENTO CPC40 X 25 KG,4162.92,166.5168,ARS,REAL,,Importado desde db/sicons.xlsx - HOLCIM - CEMENTO CPC40 X 25 KG
2025-09-23,HOLCIM,0256-00045573,CEMENTO CPC40 X 25 KG,4162.92,166.5168,ARS,REAL,,Importado desde db/sicons.xlsx - HOLCIM - CEMENTO CPC40 X 25 KG
2025-09-29,HOLCIM,0256-00045693,CEMENTO CPC40 X 25 KG,4162.92,166.5168,ARS,REAL,,Importado desde db/sicons.xlsx - HOLCIM - CEMENTO CPC40 X 25 KG
2025-09-29,HOLCIM,0256-00045694,CEMENTO CPC40 X 25 KG,4162.92,166.5168,ARS,REAL,,Actualizado desde db/sicons.xlsx - HOLCIM - CEMENTO CPC40 X 25 KG
2025-09-29,HOLCIM,0256-00045695,CEMENTO CPC40 X 25 KG,4162.92,166.5168,ARS,REAL,,Importado desde db/sicons.xlsx - HOLCIM - CEMENTO CPC40 X 25 KG
2025-10-08,HOLCIM,0256-00045930,CEMENTO CPC40 X 25 KG,4287.82,171.5127,ARS,REAL,,Importado desde db/sicons.xlsx - HOLCIM - CEMENTO CPC40 X 25 KG
2025-10-08,HOLCIM,0256-00045931,CEMENTO CPC40 X 25 KG,4287.82,171.5127,ARS,REAL,,Importado desde db/sicons.xlsx - HOLCIM - CEMENTO CPC40 X 25 KG
2025-10-09,HOLCIM,0256-00045961,CEMENTO CPC40 X 25 KG,4287.82,171.5127,ARS,REAL,,Importado desde db/sicons.xlsx - HOLCIM - CEMENTO CPC40 X 25 KG
2025-10-09,HOLCIM,0256-00045965,CEMENTO CPC40 X 25 KG,4287.82,171.5127,ARS,REAL,,Importado desde db/sicons.xlsx - HOLCIM - CEMENTO CPC40 X 25 KG
2025-10-13,HOLCIM,0256-00045981,CEMENTO CPC40 X 25 KG,4287.82,171.5127,ARS,REAL,,Importado desde db/sicons.xlsx - HOLCIM - CEMENTO CPC40 X 25 KG
2025-10-13,HOLCIM,0256-00045982,CEMENTO CPC40 X 25 KG,4287.82,171.5127,ARS,REAL,,Importado desde db/sicons.xlsx - HOLCIM - CEMENTO CPC40 X 25 KG
2025-10-16,HOLCIM,0256-00046082,CEMENTO CPC40 X 25 KG,4287.82,171.5127,ARS,REAL,,Importado desde db/sicons.xlsx - HOLCIM - CEMENTO CPC40 X 25 KG
2025-10-20,HOLCIM,0256-00046127,CEMENTO CPC40 X 25 KG,4287.82,171.5127,ARS,REAL,,Importado desde db/sicons.xlsx - HOLCIM - CEMENTO CPC40 X 25 KG
2025-10-20,HOLCIM,0256-00046128,CEMENTO CPC40 X 25 KG,4287.83,171.5131,ARS,REAL,,Importado desde db/sicons.xlsx - HOLCIM - CEMENTO CPC40 X 25 KG
2025-10-22,HOLCIM,0256-00046188,CEMENTO CPC40 X 25 KG,4287.82,171.5127,ARS,REAL,,Importado desde db/sicons.xlsx - HOLCIM - CEMENTO CPC40 X 25 KG
2025-10-22,HOLCIM,0256-00046189,CEMENTO CPC40 X 25 KG,4287.82,171.5127,ARS,REAL,,Importado desde db/sicons.xlsx - HOLCIM - CEMENTO CPC40 X 25 KG
2025-10-24,HOLCIM,0256-00046259,CEMENTO CPC40 X 25 KG,4287.82,171.5127,ARS,REAL,,Importado desde db/sicons.xlsx - HOLCIM - CEMENTO CPC40 X 25 KG
2025-10-28,HOLCIM,0256-00046297,CEMENTO CPC40 X 25 KG,4287.82,171.5127,ARS,REAL,,Importado desde db/sicons.xlsx - HOLCIM - CEMENTO CPC40 X 25 KG
2025-10-28,HOLCIM,0256-00046300,CEMENTO CPC40 X 25 KG,4287.82,171.5127,ARS,REAL,,Importado desde db/sicons.xlsx - HOLCIM - CEMENTO CPC40 X 25 KG
2025-10-28,HOLCIM,0256-00046305,CEMENTO CPC40 X 25 KG,4287.82,171.5127,ARS,REAL,,Importado desde db/sicons.xlsx - HOLCIM - CEMENTO CPC40 X 25 KG
2025-10-30,HOLCIM,0256-00046349,CEMENTO CPC40 X 25 KG,4287.82,171.5127,ARS,REAL,,Importado desde db/sicons.xlsx - HOLCIM - CEMENTO CPC40 X 25 KG
2025-10-30,HOLCIM,0256-00046350,CEMENTO CPC40 X 25 KG,4287.82,171.5127,ARS,REAL,,Importado desde db/sicons.xlsx - HOLCIM - CEMENTO CPC40 X 25 KG
2025-10-31,HOLCIM,0256-00046361,CEMENTO CPC40 X 25 KG,4287.82,171.5127,ARS,REAL,,Actualizado desde db/sicons.xlsx - HOLCIM - CEMENTO CPC40 X 25 KG
2025-11-06,HOLCIM,0256-00046492,CEMENTO CPC40 X 25 KG,4459.32,178.3729,ARS,REAL,,Importado desde db/sicons.xlsx - HOLCIM - CEMENTO CPC40 X 25 KG
2025-11-06,HOLCIM,0256-00046493,CEMENTO CPC40 X 25 KG,4459.32,178.3729,ARS,REAL,,Importado desde db/sicons.xlsx - HOLCIM - CEMENTO CPC40 X 25 KG
2025-11-12,HOLCIM,0256-00046620,CEMENTO CPC40 X 25 KG,4459.32,178.3729,ARS,REAL,,Importado desde db/sicons.xlsx - HOLCIM - CEMENTO CPC40 X 25 KG
2025-11-14,HOLCIM,0256-00046658,CEMENTO CPC40 X 25 KG,4459.32,178.3729,ARS,REAL,,Importado desde db/sicons.xlsx - HOLCIM - CEMENTO CPC40 X 25 KG
2025-11-17,HOLCIM,0256-00046673,CEMENTO CPC40 X 25 KG,4459.32,178.3729,ARS,REAL,,Importado desde db/sicons.xlsx - HOLCIM - CEMENTO CPC40 X 25 KG
2025-11-17,HOLCIM,0256-00046674,CEMENTO CPC40 X 25 KG,4460.53,178.4213,ARS,REAL,,Importado desde db/sicons.xlsx - HOLCIM - CEMENTO CPC40 X 25 KG
2025-11-19,HOLCIM,0256-00046742,CEMENTO CPC40 X 25 KG,4460.53,178.4213,ARS,REAL,,Importado desde db/sicons.xlsx - HOLCIM - CEMENTO CPC40 X 25 KG
2025-11-19,HOLCIM,0256-00046745,CEMENTO CPC40 X 25 KG,4460.53,178.4213,ARS,REAL,,Importado desde db/sicons.xlsx - HOLCIM - CEMENTO CPC40 X 25 KG
2025-11-25,HOLCIM,0256-00046778,CEMENTO CPC40 X 25 KG,4460.53,178.4213,ARS,REAL,,Importado desde db/sicons.xlsx - HOLCIM - CEMENTO CPC40 X 25 KG
2025-11-25,HOLCIM,0256-00046783,CEMENTO CPC40 X 25 KG,4460.53,178.4213,ARS,REAL,,Importado desde db/sicons.xlsx - HOLCIM - CEMENTO CPC40 X 25 KG
2025-11-25,HOLCIM,0256-00046784,CEMENTO CPC40 X 25 KG,4460.53,178.4213,ARS,REAL,,Importado desde db/sicons.xlsx - HOLCIM - CEMENTO CPC40 X 25 KG
2025-11-26,HOLCIM,0256-00046833,CEMENTO CPC40 X 25 KG,4460.53,178.4213,ARS,REAL,,Importado desde db/sicons.xlsx - HOLCIM - CEMENTO CPC40 X 25 KG
2025-11-26,HOLCIM,0256-00046836,CEMENTO CPC40 X 25 KG,4460.53,178.4213,ARS,REAL,,Importado desde db/sicons.xlsx - HOLCIM - CEMENTO CPC40 X 25 KG
2025-12-02,HOLCIM,0256-00046901,CEMENTO CPC40 X 25 KG,4459.32,178.3729,ARS,REAL,,Importado desde db/sicons.xlsx - HOLCIM - CEMENTO CPC40 X 25 KG
2025-12-02,HOLCIM,0256-00046964,CEMENTO CPC40 X 25 KG,4459.32,178.3729,ARS,REAL,,Importado desde db/sicons.xlsx - HOLCIM - CEMENTO CPC40 X 25 KG
2025-12-04,HOLCIM,0256-00047030,CEMENTO CPC40 X 25 KG,4459.32,178.3729,ARS,REAL,,Importado desde db/sicons.xlsx - HOLCIM - CEMENTO CPC40 X 25 KG
2025-12-17,HOLCIM,0256-00047424,CEMENTO CPC40 X 25 KG,4459.32,178.3729,ARS,REAL,,Importado desde db/sicons.xlsx - HOLCIM - CEMENTO CPC40 X 25 KG
2025-12-17,HOLCIM,0256-00047425,CEMENTO CPC40 X 25 KG,4459.32,178.3729,ARS,REAL,,Importado desde db/sicons.xlsx - HOLCIM - CEMENTO CPC40 X 25 KG
2025-12-22,HOLCIM,0256-00047543,CEMENTO CPC40 X 25 KG,4459.32,178.3729,ARS,REAL,,Importado desde db/sicons.xlsx - HOLCIM - CEMENTO CPC40 X 25 KG
2025-12-22,HOLCIM,0256-00047544,CEMENTO CPC40 X 25 KG,4459.32,178.3729,ARS,REAL,,Importado desde db/sicons.xlsx - HOLCIM - CEMENTO CPC40 X 25 KG
2025-12-23,HOLCIM,0256-00047587,CEMENTO CPC40 X 25 KG,4459.32,178.3729,ARS,REAL,,Importado desde db/sicons.xlsx - HOLCIM - CEMENTO CPC40 X 25 KG
2025-12-23,HOLCIM,0256-00047588,CEMENTO CPC40 X 25 KG,4459.32,178.3729,ARS,REAL,,Importado desde db/sicons.xlsx - HOLCIM - CEMENTO CPC40 X 25 KG
2025-12-26,HOLCIM,0256-00047615,CEMENTO CPC40 X 25 KG,4459.32,178.3729,ARS,REAL,,Actualizado desde db/sicons.xlsx - HOLCIM - CEMENTO CPC40 X 25 KG
2026-01-13,HOLCIM,0256-00047803,CEMENTO CPC40 X 25 KG,4630.82,185.2328,ARS,REAL,,Importado desde db/sicons.xlsx - HOLCIM - CEMENTO CPC40 X 25 KG
2026-01-22,HOLCIM,0256-00047919,CEMENTO CPC40 X 25 KG,4633.24,185.3294,ARS,REAL,,Importado desde db/sicons.xlsx - HOLCIM - CEMENTO CPC40 X 25 KG
2026-01-29,HOLCIM,0256-00048074,CEMENTO CPC40 X 25 KG,4633.24,185.3294,ARS,REAL,,Actualizado desde db/sicons.xlsx - HOLCIM - CEMENTO CPC40 X 25 KG
2026-01-29,HOLCIM,0256-00048075,CEMENTO CPC40 X 25 KG,4633.24,185.3294,ARS,REAL,,Importado desde db/sicons.xlsx - HOLCIM - CEMENTO CPC40 X 25 KG
2026-02-03,HOLCIM,0256-00048193,CEMENTO CPC40 X 25 KG,4633.24,185.3296,ARS,REAL,,Importado desde db/sicons.xlsx - HOLCIM - CEMENTO CPC40 X 25 KG
2026-02-09,HOLCIM,0280-00170908,CEMENTO CPC40 X 25 KG,4633.24,185.3296,ARS,REAL,,Importado desde db/sicons.xlsx - HOLCIM - CEMENTO CPC40 X 25 KG
2026-02-10,HOLCIM,0280-00170918,CEMENTO CPC40 X 25 KG,4633.24,185.3296,ARS,REAL,,Importado desde db/sicons.xlsx - HOLCIM - CEMENTO CPC40 X 25 KG
2026-02-11,HOLCIM,0280-00170933,CEMENTO CPC40 X 25 KG,4633.24,185.3296,ARS,REAL,,Importado desde db/sicons.xlsx - HOLCIM - CEMENTO CPC40 X 25 KG
2026-02-13,HOLCIM,0280-00170967,CEMENTO CPC40 X 25 KG,4633.24,185.3296,ARS,REAL,,Importado desde db/sicons.xlsx - HOLCIM - CEMENTO CPC40 X 25 KG
2026-02-18,HOLCIM,0280-00171011,CEMENTO CPC40 X 25 KG,4633.24,185.3296,ARS,REAL,,Importado desde db/sicons.xlsx - HOLCIM - CEMENTO CPC40 X 25 KG
2026-02-18,HOLCIM,0280-00171012,CEMENTO CPC40 X 25 KG,4633.24,185.3296,ARS,REAL,,Importado desde db/sicons.xlsx - HOLCIM - CEMENTO CPC40 X 25 KG
2026-02-20,HOLCIM,0280-00171047,CEMENTO CPC40 X 25 KG,4633.24,185.3296,ARS,REAL,,Importado desde db/sicons.xlsx - HOLCIM - CEMENTO CPC40 X 25 KG
2026-02-23,HOLCIM,0280-00171121,CEMENTO CPC40 X 25 KG,4633.24,185.3296,ARS,REAL,,Importado desde db/sicons.xlsx - HOLCIM - CEMENTO CPC40 X 25 KG
2026-02-24,HOLCIM,0280-00171129,CEMENTO CPC40 X 25 KG,4633.24,185.3296,ARS,REAL,,Importado desde db/sicons.xlsx - HOLCIM - CEMENTO CPC40 X 25 KG
2026-02-26,HOLCIM,0280-00171172,CEMENTO CPC40 X 25 KG,4633.24,185.3296,ARS,REAL,,Importado desde db/sicons.xlsx - HOLCIM - CEMENTO CPC40 X 25 KG
2026-02-26,HOLCIM,0280-00171173,CEMENTO CPC40 X 25 KG,4633.24,185.3296,ARS,REAL,,Importado desde db/sicons.xlsx - HOLCIM - CEMENTO CPC40 X 25 KG
2026-02-27,HOLCIM,0280-00171226,CEMENTO CPC40 X 25 KG,4633.24,185.3296,ARS,REAL,,Importado desde db/sicons.xlsx - HOLCIM - CEMENTO CPC40 X 25 KG
2026-02-27,HOLCIM,0280-00171227,CEMENTO CPC40 X 25 KG,4633.24,185.3296,ARS,REAL,,Importado desde db/sicons.xlsx - HOLCIM - CEMENTO CPC40 X 25 KG
2026-02-28,HOLCIM,0280-00171247,CEMENTO CPC40 X 25 KG,4633.24,185.3296,ARS,REAL,,Actualizado desde db/sicons.xlsx - HOLCIM - CEMENTO CPC40 X 25 KG
2026-03-03,HOLCIM,0256-00048650,CEMENTO CPC40 X 25 KG,4795.40,191.8161,ARS,REAL,,Actualizado desde db/sicons.xlsx - HOLCIM - CEMENTO CPC40 X 25 KG
2026-03-03,HOLCIM,0256-00048651,CEMENTO CPC40 X 25 KG,4795.40,191.8161,ARS,REAL,,Importado desde db/sicons.xlsx - HOLCIM - CEMENTO CPC40 X 25 KG
2026-03-25,HOLCIM,0256-00049133,CEMENTO CPC40 X 25 KG,4915.29,196.6115,ARS,REAL,,Actualizado desde db/sicons.xlsx - HOLCIM - CEMENTO CPC40 X 25 KG
