casa,compra,venta,fecha
blue,204.0,208.0,2022-01-01
blue,204.0,208.0,2022-01-02
blue,202.0,206.0,2022-01-03
blue,202.0,206.0,2022-01-04
blue,203.0,207.0,2022-01-05
blue,204.0,208.0,2022-01-06
blue,204.0,208.0,2022-01-07
blue,204.0,208.0,2022-01-08
blue,204.0,208.0,2022-01-09
blue,202.0,206.0,2022-01-10
blue,205.0,209.0,2022-01-11
blue,204.0,208.0,2022-01-12
blue,206.0,210.0,2022-01-13
blue,206.0,210.0,2022-01-14
blue,206.0,210.0,2022-01-15
blue,206.0,210.0,2022-01-16
blue,205.0,209.0,2022-01-17
blue,207.0,211.0,2022-01-18
blue,209.0,213.0,2022-01-19
blue,210.0,214.0,2022-01-20
blue,215.0,219.0,2022-01-21
blue,215.0,219.0,2022-01-22
blue,215.0,219.0,2022-01-23
blue,215.0,219.0,2022-01-24
blue,216.0,220.0,2022-01-25
blue,217.0,221.0,2022-01-26
blue,218.0,222.0,2022-01-27
blue,208.0,212.0,2022-01-28
blue,208.0,212.0,2022-01-29
blue,208.0,212.0,2022-01-30
blue,209.0,213.0,2022-01-31
blue,210.0,214.0,2022-02-01
blue,212.0,216.0,2022-02-02
blue,212.0,216.0,2022-02-03
blue,210.0,214.0,2022-02-04
blue,210.0,214.0,2022-02-05
blue,210.0,214.0,2022-02-06
blue,210.0,214.0,2022-02-07
blue,211.0,215.0,2022-02-08
blue,213.0,217.0,2022-02-09
blue,212.0,216.0,2022-02-10
blue,210.0,216.0,2022-02-11
blue,210.0,216.0,2022-02-12
blue,210.0,216.0,2022-02-13
blue,211.0,215.0,2022-02-14
blue,211.0,215.0,2022-02-15
blue,211.0,215.0,2022-02-16
blue,210.0,214.0,2022-02-17
blue,207.0,211.0,2022-02-18
blue,207.0,211.0,2022-02-19
blue,207.0,211.0,2022-02-20
blue,208.0,212.0,2022-02-21
blue,206.0,210.0,2022-02-22
blue,206.0,210.0,2022-02-23
blue,206.0,210.0,2022-02-24
blue,207.0,211.0,2022-02-25
blue,207.0,211.0,2022-02-26
blue,207.0,211.0,2022-02-27
blue,207.0,211.0,2022-02-28
blue,207.0,211.0,2022-03-01
blue,202.0,206.0,2022-03-02
blue,200.0,204.0,2022-03-03
blue,197.0,201.0,2022-03-04
blue,197.0,201.0,2022-03-05
blue,197.0,201.0,2022-03-06
blue,197.0,201.0,2022-03-07
blue,198.0,202.0,2022-03-08
blue,200.0,204.0,2022-03-09
blue,199.0,203.0,2022-03-10
blue,198.0,202.0,2022-03-11
blue,198.0,202.0,2022-03-12
blue,198.0,202.0,2022-03-13
blue,196.0,200.0,2022-03-14
blue,196.0,200.0,2022-03-15
blue,198.0,202.0,2022-03-16
blue,198.0,202.0,2022-03-17
blue,198.0,202.0,2022-03-18
blue,198.0,202.0,2022-03-19
blue,198.0,202.0,2022-03-20
blue,198.0,202.0,2022-03-21
blue,197.0,201.0,2022-03-22
blue,197.0,201.0,2022-03-23
blue,197.0,201.0,2022-03-24
blue,198.0,202.0,2022-03-25
blue,198.0,202.0,2022-03-26
blue,198.0,202.0,2022-03-27
blue,196.0,200.0,2022-03-28
blue,196.0,200.0,2022-03-29
blue,197.0,201.0,2022-03-30
blue,196.0,200.0,2022-03-31
blue,196.0,200.0,2022-04-01
blue,196.0,200.0,2022-04-02
blue,196.0,200.0,2022-04-03
blue,195.0,199.0,2022-04-04
blue,192.0,196.0,2022-04-05
blue,192.0,196.0,2022-04-06
blue,192.0,196.0,2022-04-07
blue,192.0,196.0,2022-04-08
blue,192.0,196.0,2022-04-09
blue,192.0,196.0,2022-04-10
blue,191.0,195.0,2022-04-11
blue,191.0,195.0,2022-04-12
blue,191.0,195.0,2022-04-13
blue,191.0,195.0,2022-04-14
blue,191.0,195.0,2022-04-15
blue,191.0,195.0,2022-04-16
blue,191.0,195.0,2022-04-17
blue,191.0,195.0,2022-04-18
blue,194.0,198.0,2022-04-19
blue,196.0,200.0,2022-04-20
blue,198.0,202.0,2022-04-21
blue,199.0,203.0,2022-04-22
blue,199.0,203.0,2022-04-23
blue,199.0,203.0,2022-04-24
blue,202.0,206.0,2022-04-25
blue,208.0,212.0,2022-04-26
blue,202.0,206.0,2022-04-27
blue,200.0,204.0,2022-04-28
blue,196.0,200.0,2022-04-29
blue,196.0,200.0,2022-04-30
blue,196.0,200.0,2022-05-01
blue,197.0,201.0,2022-05-02
blue,200.0,204.0,2022-05-03
blue,197.0,201.0,2022-05-04
blue,198.0,202.0,2022-05-05
blue,197.0,201.0,2022-05-06
blue,197.0,201.0,2022-05-07
blue,197.0,201.0,2022-05-08
blue,198.0,202.0,2022-05-09
blue,198.0,202.0,2022-05-10
blue,201.0,205.0,2022-05-11
blue,200.0,204.0,2022-05-12
blue,199.0,203.0,2022-05-13
blue,199.0,203.0,2022-05-14
blue,199.0,203.0,2022-05-15
blue,201.0,205.0,2022-05-16
blue,204.0,208.0,2022-05-17
blue,204.0,208.0,2022-05-18
blue,202.0,206.0,2022-05-19
blue,201.0,204.0,2022-05-20
blue,201.0,204.0,2022-05-21
blue,201.0,204.0,2022-05-22
blue,202.0,206.0,2022-05-23
blue,204.0,208.0,2022-05-24
blue,204.0,208.0,2022-05-25
blue,203.0,207.0,2022-05-26
blue,202.0,206.0,2022-05-27
blue,202.0,206.0,2022-05-28
blue,202.0,206.0,2022-05-29
blue,202.0,206.0,2022-05-30
blue,203.0,206.0,2022-05-31
blue,202.0,206.0,2022-06-01
blue,202.0,206.0,2022-06-02
blue,201.0,205.0,2022-06-03
blue,201.0,205.0,2022-06-04
blue,201.0,205.0,2022-06-05
blue,201.0,205.0,2022-06-06
blue,202.0,206.0,2022-06-07
blue,204.0,208.0,2022-06-08
blue,204.0,208.0,2022-06-09
blue,206.0,210.0,2022-06-10
blue,206.0,210.0,2022-06-11
blue,206.0,210.0,2022-06-12
blue,212.0,216.0,2022-06-13
blue,220.0,224.0,2022-06-14
blue,213.0,217.0,2022-06-15
blue,212.0,216.0,2022-06-16
blue,212.0,216.0,2022-06-17
blue,212.0,216.0,2022-06-18
blue,212.0,216.0,2022-06-19
blue,212.0,216.0,2022-06-20
blue,216.0,220.0,2022-06-21
blue,220.0,224.0,2022-06-22
blue,220.0,224.0,2022-06-23
blue,222.0,226.0,2022-06-24
blue,222.0,226.0,2022-06-25
blue,222.0,226.0,2022-06-26
blue,228.0,232.0,2022-06-27
blue,235.0,239.0,2022-06-28
blue,235.0,239.0,2022-06-29
blue,234.0,238.0,2022-06-30
blue,235.0,239.0,2022-07-01
blue,235.0,239.0,2022-07-02
blue,235.0,239.0,2022-07-03
blue,250.0,260.0,2022-07-04
blue,242.0,252.0,2022-07-05
blue,245.0,255.0,2022-07-06
blue,247.0,257.0,2022-07-07
blue,263.0,273.0,2022-07-08
blue,263.0,273.0,2022-07-09
blue,263.0,273.0,2022-07-10
blue,258.0,268.0,2022-07-11
blue,262.0,272.0,2022-07-12
blue,273.0,283.0,2022-07-13
blue,279.0,289.0,2022-07-14
blue,283.0,293.0,2022-07-15
blue,283.0,293.0,2022-07-16
blue,283.0,293.0,2022-07-17
blue,281.0,291.0,2022-07-18
blue,291.0,301.0,2022-07-19
blue,307.0,317.0,2022-07-20
blue,327.0,337.0,2022-07-21
blue,328.0,338.0,2022-07-22
blue,328.0,338.0,2022-07-23
blue,328.0,338.0,2022-07-24
blue,312.0,322.0,2022-07-25
blue,313.0,323.0,2022-07-26
blue,316.0,326.0,2022-07-27
blue,304.0,314.0,2022-07-28
blue,286.0,296.0,2022-07-29
blue,286.0,296.0,2022-07-30
blue,286.0,296.0,2022-07-31
blue,272.0,282.0,2022-08-01
blue,281.0,291.0,2022-08-02
blue,288.0,298.0,2022-08-03
blue,281.0,291.0,2022-08-04
blue,283.0,293.0,2022-08-05
blue,283.0,293.0,2022-08-06
blue,283.0,293.0,2022-08-07
blue,282.0,292.0,2022-08-08
blue,283.0,293.0,2022-08-09
blue,285.0,295.0,2022-08-10
blue,287.0,297.0,2022-08-11
blue,285.0,295.0,2022-08-12
blue,285.0,295.0,2022-08-13
blue,285.0,295.0,2022-08-14
blue,285.0,295.0,2022-08-15
blue,286.0,291.0,2022-08-16
blue,287.0,292.0,2022-08-17
blue,288.0,293.0,2022-08-18
blue,290.0,295.0,2022-08-19
blue,290.0,295.0,2022-08-20
blue,290.0,295.0,2022-08-21
blue,287.0,292.0,2022-08-22
blue,292.0,297.0,2022-08-23
blue,290.0,295.0,2022-08-24
blue,288.0,293.0,2022-08-25
blue,288.0,292.0,2022-08-26
blue,288.0,292.0,2022-08-27
blue,288.0,292.0,2022-08-28
blue,287.0,292.0,2022-08-29
blue,286.0,291.0,2022-08-30
blue,285.0,290.0,2022-08-31
blue,280.0,285.0,2022-09-01
blue,280.0,285.0,2022-09-02
blue,280.0,285.0,2022-09-03
blue,280.0,285.0,2022-09-04
blue,266.0,270.0,2022-09-05
blue,272.0,276.0,2022-09-06
blue,280.0,284.0,2022-09-07
blue,276.0,280.0,2022-09-08
blue,270.0,274.0,2022-09-09
blue,270.0,274.0,2022-09-10
blue,270.0,274.0,2022-09-11
blue,268.0,272.0,2022-09-12
blue,269.0,273.0,2022-09-13
blue,273.0,277.0,2022-09-14
blue,272.0,276.0,2022-09-15
blue,273.0,277.0,2022-09-16
blue,273.0,277.0,2022-09-17
blue,273.0,277.0,2022-09-18
blue,273.0,277.0,2022-09-19
blue,283.0,287.0,2022-09-20
blue,283.0,287.0,2022-09-21
blue,281.0,285.0,2022-09-22
blue,283.0,287.0,2022-09-23
blue,283.0,287.0,2022-09-24
blue,283.0,287.0,2022-09-25
blue,282.0,286.0,2022-09-26
blue,286.0,290.0,2022-09-27
blue,286.0,290.0,2022-09-28
blue,284.0,288.0,2022-09-29
blue,284.0,288.0,2022-09-30
blue,284.0,288.0,2022-10-01
blue,284.0,288.0,2022-10-02
blue,280.0,284.0,2022-10-03
blue,278.0,282.0,2022-10-04
blue,278.0,282.0,2022-10-05
blue,273.0,277.0,2022-10-06
blue,273.0,277.0,2022-10-07
blue,273.0,277.0,2022-10-08
blue,273.0,277.0,2022-10-09
blue,273.0,277.0,2022-10-10
blue,276.0,280.0,2022-10-11
blue,285.0,289.0,2022-10-12
blue,287.0,291.0,2022-10-13
blue,286.0,290.0,2022-10-14
blue,286.0,290.0,2022-10-15
blue,286.0,290.0,2022-10-16
blue,283.0,287.0,2022-10-17
blue,286.0,290.0,2022-10-18
blue,288.0,292.0,2022-10-19
blue,287.0,291.0,2022-10-20
blue,287.0,291.0,2022-10-21
blue,287.0,291.0,2022-10-22
blue,287.0,291.0,2022-10-23
blue,287.0,291.0,2022-10-24
blue,289.0,293.0,2022-10-25
blue,288.0,292.0,2022-10-26
blue,287.0,291.0,2022-10-27
blue,288.0,292.0,2022-10-28
blue,288.0,292.0,2022-10-29
blue,288.0,292.0,2022-10-30
blue,286.0,290.0,2022-10-31
blue,286.0,290.0,2022-11-01
blue,287.0,291.0,2022-11-02
blue,283.0,287.0,2022-11-03
blue,285.0,289.0,2022-11-04
blue,285.0,289.0,2022-11-05
blue,285.0,289.0,2022-11-06
blue,286.0,290.0,2022-11-07
blue,287.0,291.0,2022-11-08
blue,288.0,292.0,2022-11-09
blue,288.0,292.0,2022-11-10
blue,289.0,293.0,2022-11-11
blue,289.0,293.0,2022-11-12
blue,289.0,293.0,2022-11-13
blue,290.0,294.0,2022-11-14
blue,298.0,302.0,2022-11-15
blue,304.0,308.0,2022-11-16
blue,303.0,307.0,2022-11-17
blue,302.0,306.0,2022-11-18
blue,302.0,306.0,2022-11-19
blue,302.0,306.0,2022-11-20
blue,302.0,306.0,2022-11-21
blue,304.0,308.0,2022-11-22
blue,308.0,312.0,2022-11-23
blue,315.0,319.0,2022-11-24
blue,316.0,320.0,2022-11-25
blue,316.0,320.0,2022-11-26
blue,316.0,320.0,2022-11-27
blue,314.0,318.0,2022-11-28
blue,311.0,315.0,2022-11-29
blue,310.0,314.0,2022-11-30
blue,309.0,313.0,2022-12-01
blue,308.0,312.0,2022-12-02
blue,308.0,312.0,2022-12-03
blue,308.0,312.0,2022-12-04
blue,308.0,312.0,2022-12-05
blue,311.0,315.0,2022-12-06
blue,312.0,316.0,2022-12-07
blue,312.0,316.0,2022-12-08
blue,312.0,316.0,2022-12-09
blue,312.0,316.0,2022-12-10
blue,312.0,316.0,2022-12-11
blue,308.0,312.0,2022-12-12
blue,311.0,315.0,2022-12-13
blue,316.0,320.0,2022-12-14
blue,316.0,320.0,2022-12-15
blue,317.0,321.0,2022-12-16
blue,317.0,321.0,2022-12-17
blue,317.0,321.0,2022-12-18
blue,321.0,325.0,2022-12-19
blue,322.0,326.0,2022-12-20
blue,321.0,325.0,2022-12-21
blue,326.0,330.0,2022-12-22
blue,336.0,340.0,2022-12-23
blue,336.0,340.0,2022-12-24
blue,336.0,340.0,2022-12-25
blue,342.0,346.0,2022-12-26
blue,352.0,356.0,2022-12-27
blue,353.0,357.0,2022-12-28
blue,346.0,350.0,2022-12-29
blue,342.0,346.0,2022-12-30
blue,342.0,346.0,2022-12-31
blue,342.0,346.0,2023-01-01
blue,342.0,346.0,2023-01-02
blue,350.0,354.0,2023-01-03
blue,350.0,354.0,2023-01-04
blue,349.0,353.0,2023-01-05
blue,350.0,354.0,2023-01-06
blue,350.0,354.0,2023-01-07
blue,350.0,354.0,2023-01-08
blue,351.0,355.0,2023-01-09
blue,353.0,357.0,2023-01-10
blue,355.0,359.0,2023-01-11
blue,357.0,361.0,2023-01-12
blue,365.0,369.0,2023-01-13
blue,365.0,369.0,2023-01-14
blue,365.0,369.0,2023-01-15
blue,366.0,370.0,2023-01-16
blue,374.0,378.0,2023-01-17
blue,373.0,377.0,2023-01-18
blue,370.0,374.0,2023-01-19
blue,372.0,376.0,2023-01-20
blue,372.0,376.0,2023-01-21
blue,372.0,376.0,2023-01-22
blue,372.0,376.0,2023-01-23
blue,377.0,381.0,2023-01-24
blue,379.0,383.0,2023-01-25
blue,381.0,385.0,2023-01-26
blue,382.0,386.0,2023-01-27
blue,382.0,386.0,2023-01-28
blue,382.0,386.0,2023-01-29
blue,379.0,383.0,2023-01-30
blue,377.0,381.0,2023-01-31
blue,373.0,377.0,2023-02-01
blue,374.0,378.0,2023-02-02
blue,375.0,379.0,2023-02-03
blue,375.0,379.0,2023-02-04
blue,375.0,379.0,2023-02-05
blue,373.0,377.0,2023-02-06
blue,373.0,377.0,2023-02-07
blue,377.0,381.0,2023-02-08
blue,375.0,379.0,2023-02-09
blue,373.0,377.0,2023-02-10
blue,373.0,377.0,2023-02-11
blue,373.0,377.0,2023-02-12
blue,375.0,379.0,2023-02-13
blue,375.0,379.0,2023-02-14
blue,374.0,378.0,2023-02-15
blue,373.0,377.0,2023-02-16
blue,373.0,377.0,2023-02-17
blue,373.0,377.0,2023-02-18
blue,373.0,377.0,2023-02-19
blue,373.0,377.0,2023-02-20
blue,373.0,377.0,2023-02-21
blue,373.0,377.0,2023-02-22
blue,375.0,379.0,2023-02-23
blue,375.0,379.0,2023-02-24
blue,375.0,379.0,2023-02-25
blue,375.0,379.0,2023-02-26
blue,373.0,377.0,2023-02-27
blue,371.0,375.0,2023-02-28
blue,371.0,375.0,2023-03-01
blue,373.0,377.0,2023-03-02
blue,371.0,375.0,2023-03-03
blue,371.0,375.0,2023-03-04
blue,371.0,375.0,2023-03-05
blue,368.0,372.0,2023-03-06
blue,367.0,371.0,2023-03-07
blue,374.0,378.0,2023-03-08
blue,369.0,373.0,2023-03-09
blue,369.0,373.0,2023-03-10
blue,369.0,373.0,2023-03-11
blue,369.0,373.0,2023-03-12
blue,373.0,377.0,2023-03-13
blue,373.0,377.0,2023-03-14
blue,375.0,379.0,2023-03-15
blue,379.0,383.0,2023-03-16
blue,379.0,383.0,2023-03-17
blue,379.0,383.0,2023-03-18
blue,379.0,383.0,2023-03-19
blue,382.0,386.0,2023-03-20
blue,390.0,394.0,2023-03-21
blue,387.0,391.0,2023-03-22
blue,385.0,389.0,2023-03-23
blue,385.0,389.0,2023-03-24
blue,385.0,389.0,2023-03-25
blue,385.0,389.0,2023-03-26
blue,386.0,390.0,2023-03-27
blue,393.0,397.0,2023-03-28
blue,389.0,393.0,2023-03-29
blue,388.0,393.0,2023-03-30
blue,391.0,395.0,2023-03-31
blue,391.0,395.0,2023-04-01
blue,391.0,395.0,2023-04-02
blue,388.0,392.0,2023-04-03
blue,388.0,392.0,2023-04-04
blue,388.0,392.0,2023-04-05
blue,388.0,392.0,2023-04-06
blue,388.0,392.0,2023-04-07
blue,388.0,392.0,2023-04-08
blue,388.0,392.0,2023-04-09
blue,387.0,391.0,2023-04-10
blue,390.0,394.0,2023-04-11
blue,394.0,398.0,2023-04-12
blue,396.0,400.0,2023-04-13
blue,396.0,400.0,2023-04-14
blue,396.0,400.0,2023-04-15
blue,396.0,400.0,2023-04-16
blue,404.0,408.0,2023-04-17
blue,414.0,418.0,2023-04-18
blue,419.0,423.0,2023-04-19
blue,427.0,432.0,2023-04-20
blue,437.0,442.0,2023-04-21
blue,437.0,442.0,2023-04-22
blue,437.0,442.0,2023-04-23
blue,457.0,462.0,2023-04-24
blue,490.0,495.0,2023-04-25
blue,469.0,474.0,2023-04-26
blue,462.0,467.0,2023-04-27
blue,464.0,469.0,2023-04-28
blue,464.0,469.0,2023-04-29
blue,464.0,469.0,2023-04-30
blue,464.0,469.0,2023-05-01
blue,469.0,474.0,2023-05-02
blue,464.0,469.0,2023-05-03
blue,463.0,468.0,2023-05-04
blue,464.0,469.0,2023-05-05
blue,464.0,469.0,2023-05-06
blue,464.0,469.0,2023-05-07
blue,465.0,470.0,2023-05-08
blue,466.0,471.0,2023-05-09
blue,467.0,472.0,2023-05-10
blue,470.0,475.0,2023-05-11
blue,469.0,474.0,2023-05-12
blue,469.0,474.0,2023-05-13
blue,469.0,474.0,2023-05-14
blue,478.0,483.0,2023-05-15
blue,483.0,488.0,2023-05-16
blue,482.0,487.0,2023-05-17
blue,483.0,488.0,2023-05-18
blue,481.0,486.0,2023-05-19
blue,481.0,486.0,2023-05-20
blue,481.0,486.0,2023-05-21
blue,485.0,490.0,2023-05-22
blue,487.0,492.0,2023-05-23
blue,488.0,493.0,2023-05-24
blue,488.0,493.0,2023-05-25
blue,488.0,493.0,2023-05-26
blue,488.0,493.0,2023-05-27
blue,488.0,493.0,2023-05-28
blue,487.0,492.0,2023-05-29
blue,488.0,493.0,2023-05-30
blue,485.0,490.0,2023-05-31
blue,485.0,490.0,2023-06-01
blue,485.0,490.0,2023-06-02
blue,485.0,490.0,2023-06-03
blue,485.0,490.0,2023-06-04
blue,481.0,486.0,2023-06-05
blue,480.0,485.0,2023-06-06
blue,479.0,484.0,2023-06-07
blue,479.0,484.0,2023-06-08
blue,478.0,483.0,2023-06-09
blue,478.0,483.0,2023-06-10
blue,478.0,483.0,2023-06-11
blue,479.0,484.0,2023-06-12
blue,484.0,489.0,2023-06-13
blue,491.0,496.0,2023-06-14
blue,482.0,487.0,2023-06-15
blue,487.0,492.0,2023-06-16
blue,487.0,492.0,2023-06-17
blue,487.0,492.0,2023-06-18
blue,487.0,492.0,2023-06-19
blue,487.0,492.0,2023-06-20
blue,487.0,492.0,2023-06-21
blue,488.0,493.0,2023-06-22
blue,490.0,495.0,2023-06-23
blue,490.0,495.0,2023-06-24
blue,490.0,495.0,2023-06-25
blue,488.0,493.0,2023-06-26
blue,491.0,496.0,2023-06-27
blue,491.0,496.0,2023-06-28
blue,489.0,494.0,2023-06-29
blue,489.0,494.0,2023-06-30
blue,489.0,494.0,2023-07-01
blue,489.0,494.0,2023-07-02
blue,490.0,495.0,2023-07-03
blue,488.0,493.0,2023-07-04
blue,487.0,492.0,2023-07-05
blue,486.0,491.0,2023-07-06
blue,487.0,492.0,2023-07-07
blue,487.0,492.0,2023-07-08
blue,487.0,492.0,2023-07-09
blue,490.0,495.0,2023-07-10
blue,493.0,498.0,2023-07-11
blue,498.0,503.0,2023-07-12
blue,507.0,512.0,2023-07-13
blue,518.0,522.0,2023-07-14
blue,518.0,522.0,2023-07-15
blue,518.0,522.0,2023-07-16
blue,515.0,520.0,2023-07-17
blue,515.0,520.0,2023-07-18
blue,520.0,525.0,2023-07-19
blue,520.0,525.0,2023-07-20
blue,524.0,529.0,2023-07-21
blue,524.0,529.0,2023-07-22
blue,524.0,529.0,2023-07-23
blue,547.0,552.0,2023-07-24
blue,531.0,536.0,2023-07-25
blue,541.0,546.0,2023-07-26
blue,548.0,553.0,2023-07-27
blue,546.0,551.0,2023-07-28
blue,546.0,551.0,2023-07-29
blue,546.0,551.0,2023-07-30
blue,545.0,550.0,2023-07-31
blue,555.0,560.0,2023-08-01
blue,555.0,560.0,2023-08-02
blue,565.0,570.0,2023-08-03
blue,569.0,574.0,2023-08-04
blue,569.0,574.0,2023-08-05
blue,569.0,574.0,2023-08-06
blue,591.0,596.0,2023-08-07
blue,593.0,598.0,2023-08-08
blue,595.0,600.0,2023-08-09
blue,597.0,602.0,2023-08-10
blue,595.0,605.0,2023-08-11
blue,595.0,605.0,2023-08-12
blue,595.0,605.0,2023-08-13
blue,665.0,685.0,2023-08-14
blue,720.0,730.0,2023-08-15
blue,770.0,780.0,2023-08-16
blue,750.0,760.0,2023-08-17
blue,710.0,720.0,2023-08-18
blue,710.0,720.0,2023-08-19
blue,710.0,720.0,2023-08-20
blue,710.0,720.0,2023-08-21
blue,717.0,727.0,2023-08-22
blue,725.0,735.0,2023-08-23
blue,715.0,725.0,2023-08-24
blue,720.0,730.0,2023-08-25
blue,720.0,730.0,2023-08-26
blue,720.0,730.0,2023-08-27
blue,728.0,738.0,2023-08-28
blue,740.0,750.0,2023-08-29
blue,730.0,740.0,2023-08-30
blue,725.0,735.0,2023-08-31
blue,720.0,730.0,2023-09-01
blue,720.0,730.0,2023-09-02
blue,720.0,730.0,2023-09-03
blue,720.0,730.0,2023-09-04
blue,715.0,725.0,2023-09-05
blue,710.0,720.0,2023-09-06
blue,710.0,720.0,2023-09-07
blue,705.0,710.0,2023-09-08
blue,705.0,710.0,2023-09-09
blue,705.0,710.0,2023-09-10
blue,712.0,717.0,2023-09-11
blue,725.0,730.0,2023-09-12
blue,730.0,735.0,2023-09-13
blue,717.0,722.0,2023-09-14
blue,725.0,730.0,2023-09-15
blue,725.0,730.0,2023-09-16
blue,725.0,730.0,2023-09-17
blue,733.0,738.0,2023-09-18
blue,735.0,740.0,2023-09-19
blue,730.0,735.0,2023-09-20
blue,740.0,745.0,2023-09-21
blue,740.0,745.0,2023-09-22
blue,740.0,745.0,2023-09-23
blue,740.0,745.0,2023-09-24
blue,740.0,745.0,2023-09-25
blue,753.0,758.0,2023-09-26
blue,768.0,773.0,2023-09-27
blue,785.0,790.0,2023-09-28
blue,795.0,800.0,2023-09-29
blue,795.0,800.0,2023-09-30
blue,795.0,800.0,2023-10-01
blue,795.0,800.0,2023-10-02
blue,805.0,810.0,2023-10-03
blue,838.0,843.0,2023-10-04
blue,838.0,843.0,2023-10-05
blue,875.0,885.0,2023-10-06
blue,875.0,885.0,2023-10-07
blue,875.0,885.0,2023-10-08
blue,935.0,945.0,2023-10-09
blue,990.0,1010.0,2023-10-10
blue,990.0,1010.0,2023-10-11
blue,960.0,980.0,2023-10-12
blue,960.0,980.0,2023-10-13
blue,960.0,980.0,2023-10-14
blue,960.0,980.0,2023-10-15
blue,960.0,980.0,2023-10-16
blue,965.0,985.0,2023-10-17
blue,885.0,905.0,2023-10-18
blue,1000.0,1050.0,2023-10-19
blue,1150.0,1200.0,2023-10-20
blue,1150.0,1200.0,2023-10-21
blue,1150.0,1200.0,2023-10-22
blue,1050.0,1100.0,2023-10-23
blue,1050.0,1100.0,2023-10-24
blue,980.0,1000.0,2023-10-25
blue,960.0,980.0,2023-10-26
blue,960.0,990.0,2023-10-27
blue,960.0,990.0,2023-10-28
blue,960.0,990.0,2023-10-29
blue,950.0,970.0,2023-10-30
blue,900.0,920.0,2023-10-31
blue,895.0,915.0,2023-11-01
blue,905.0,925.0,2023-11-02
blue,905.0,925.0,2023-11-03
blue,905.0,925.0,2023-11-04
blue,905.0,925.0,2023-11-05
blue,905.0,925.0,2023-11-06
blue,870.0,890.0,2023-11-07
blue,870.0,890.0,2023-11-08
blue,930.0,950.0,2023-11-09
blue,940.0,960.0,2023-11-10
blue,940.0,960.0,2023-11-11
blue,940.0,960.0,2023-11-12
blue,905.0,925.0,2023-11-13
blue,905.0,925.0,2023-11-14
blue,950.0,970.0,2023-11-15
blue,920.0,950.0,2023-11-16
blue,920.0,950.0,2023-11-17
blue,920.0,950.0,2023-11-18
blue,920.0,950.0,2023-11-19
blue,920.0,950.0,2023-11-20
blue,1045.0,1075.0,2023-11-21
blue,1060.0,1080.0,2023-11-22
blue,1025.0,1045.0,2023-11-23
blue,975.0,995.0,2023-11-24
blue,975.0,995.0,2023-11-25
blue,975.0,995.0,2023-11-26
blue,970.0,990.0,2023-11-27
blue,925.0,945.0,2023-11-28
blue,905.0,925.0,2023-11-29
blue,885.0,905.0,2023-11-30
blue,935.0,955.0,2023-12-01
blue,935.0,955.0,2023-12-02
blue,935.0,955.0,2023-12-03
blue,910.0,930.0,2023-12-04
blue,890.0,910.0,2023-12-05
blue,935.0,955.0,2023-12-06
blue,970.0,990.0,2023-12-07
blue,970.0,990.0,2023-12-08
blue,970.0,990.0,2023-12-09
blue,970.0,990.0,2023-12-10
blue,980.0,1000.0,2023-12-11
blue,1050.0,1070.0,2023-12-12
blue,1040.0,1070.0,2023-12-13
blue,960.0,990.0,2023-12-14
blue,940.0,970.0,2023-12-15
blue,940.0,970.0,2023-12-16
blue,940.0,970.0,2023-12-17
blue,955.0,985.0,2023-12-18
blue,960.0,990.0,2023-12-19
blue,965.0,995.0,2023-12-20
blue,960.0,990.0,2023-12-21
blue,975.0,995.0,2023-12-22
blue,975.0,995.0,2023-12-23
blue,975.0,995.0,2023-12-24
blue,975.0,995.0,2023-12-25
blue,975.0,995.0,2023-12-26
blue,980.0,1000.0,2023-12-27
blue,980.0,1000.0,2023-12-28
blue,1005.0,1025.0,2023-12-29
blue,1005.0,1025.0,2023-12-30
blue,1005.0,1025.0,2023-12-31
blue,1005.0,1025.0,2024-01-01
blue,985.0,1005.0,2024-01-02
blue,985.0,1005.0,2024-01-03
blue,1000.0,1020.0,2024-01-04
blue,1005.0,1025.0,2024-01-05
blue,1005.0,1025.0,2024-01-06
blue,1005.0,1025.0,2024-01-07
blue,1030.0,1050.0,2024-01-08
blue,1100.0,1120.0,2024-01-09
blue,1130.0,1150.0,2024-01-10
blue,1100.0,1120.0,2024-01-11
blue,1100.0,1120.0,2024-01-12
blue,1100.0,1120.0,2024-01-13
blue,1100.0,1120.0,2024-01-14
blue,1110.0,1130.0,2024-01-15
blue,1160.0,1180.0,2024-01-16
blue,1205.0,1225.0,2024-01-17
blue,1220.0,1240.0,2024-01-18
blue,1200.0,1220.0,2024-01-19
blue,1200.0,1220.0,2024-01-20
blue,1200.0,1220.0,2024-01-21
blue,1215.0,1235.0,2024-01-22
blue,1235.0,1255.0,2024-01-23
blue,1235.0,1255.0,2024-01-24
blue,1225.0,1245.0,2024-01-25
blue,1200.0,1220.0,2024-01-26
blue,1200.0,1220.0,2024-01-27
blue,1200.0,1220.0,2024-01-28
blue,1205.0,1225.0,2024-01-29
blue,1195.0,1215.0,2024-01-30
blue,1175.0,1195.0,2024-01-31
blue,1175.0,1195.0,2024-02-01
blue,1155.0,1175.0,2024-02-02
blue,1155.0,1175.0,2024-02-03
blue,1155.0,1175.0,2024-02-04
blue,1140.0,1160.0,2024-02-05
blue,1125.0,1145.0,2024-02-06
blue,1150.0,1170.0,2024-02-07
blue,1125.0,1145.0,2024-02-08
blue,1125.0,1145.0,2024-02-09
blue,1125.0,1145.0,2024-02-10
blue,1125.0,1145.0,2024-02-11
blue,1125.0,1145.0,2024-02-12
blue,1125.0,1145.0,2024-02-13
blue,1085.0,1105.0,2024-02-14
blue,1055.0,1075.0,2024-02-15
blue,1075.0,1095.0,2024-02-16
blue,1075.0,1095.0,2024-02-17
blue,1075.0,1095.0,2024-02-18
blue,1090.0,1110.0,2024-02-19
blue,1095.0,1115.0,2024-02-20
blue,1095.0,1115.0,2024-02-21
blue,1065.0,1085.0,2024-02-22
blue,1065.0,1085.0,2024-02-23
blue,1065.0,1085.0,2024-02-24
blue,1065.0,1085.0,2024-02-25
blue,1060.0,1080.0,2024-02-26
blue,1050.0,1070.0,2024-02-27
blue,1025.0,1045.0,2024-02-28
blue,1010.0,1030.0,2024-02-29
blue,1030.0,1050.0,2024-03-01
blue,1030.0,1050.0,2024-03-02
blue,1030.0,1050.0,2024-03-03
blue,995.0,1015.0,2024-03-04
blue,990.0,1010.0,2024-03-05
blue,970.0,990.0,2024-03-06
blue,965.0,985.0,2024-03-07
blue,975.0,995.0,2024-03-08
blue,975.0,995.0,2024-03-09
blue,975.0,995.0,2024-03-10
blue,985.0,1005.0,2024-03-11
blue,1000.0,1020.0,2024-03-12
blue,1015.0,1035.0,2024-03-13
blue,1005.0,1025.0,2024-03-14
blue,1005.0,1025.0,2024-03-15
blue,1005.0,1025.0,2024-03-16
blue,1005.0,1025.0,2024-03-17
blue,995.0,1025.0,2024-03-18
blue,1010.0,1030.0,2024-03-19
blue,1010.0,1030.0,2024-03-20
blue,1010.0,1030.0,2024-03-21
blue,1000.0,1020.0,2024-03-22
blue,1000.0,1020.0,2024-03-23
blue,1000.0,1020.0,2024-03-24
blue,1000.0,1020.0,2024-03-25
blue,995.0,1015.0,2024-03-26
blue,990.0,1010.0,2024-03-27
blue,990.0,1010.0,2024-03-28
blue,990.0,1010.0,2024-03-29
blue,990.0,1010.0,2024-03-30
blue,990.0,1010.0,2024-03-31
blue,990.0,1010.0,2024-04-01
blue,990.0,1010.0,2024-04-02
blue,985.0,1005.0,2024-04-03
blue,980.0,1000.0,2024-04-04
blue,965.0,985.0,2024-04-05
blue,965.0,985.0,2024-04-06
blue,965.0,985.0,2024-04-07
blue,965.0,985.0,2024-04-08
blue,980.0,1000.0,2024-04-09
blue,980.0,1000.0,2024-04-10
blue,980.0,1000.0,2024-04-11
blue,985.0,1005.0,2024-04-12
blue,985.0,1005.0,2024-04-13
blue,985.0,1005.0,2024-04-14
blue,995.0,1015.0,2024-04-15
blue,1015.0,1035.0,2024-04-16
blue,1010.0,1030.0,2024-04-17
blue,1005.0,1025.0,2024-04-18
blue,995.0,1015.0,2024-04-19
blue,995.0,1015.0,2024-04-20
blue,995.0,1015.0,2024-04-21
blue,1015.0,1035.0,2024-04-22
blue,1010.0,1030.0,2024-04-23
blue,1015.0,1035.0,2024-04-24
blue,1035.0,1055.0,2024-04-25
blue,1035.0,1055.0,2024-04-26
blue,1035.0,1055.0,2024-04-27
blue,1035.0,1055.0,2024-04-28
blue,1025.0,1045.0,2024-04-29
blue,1020.0,1040.0,2024-04-30
blue,1020.0,1040.0,2024-05-01
blue,1020.0,1040.0,2024-05-02
blue,1020.0,1040.0,2024-05-03
blue,1020.0,1040.0,2024-05-04
blue,1020.0,1040.0,2024-05-05
blue,1025.0,1045.0,2024-05-06
blue,1020.0,1040.0,2024-05-07
blue,1020.0,1040.0,2024-05-08
blue,1025.0,1045.0,2024-05-09
blue,1020.0,1040.0,2024-05-10
blue,1020.0,1040.0,2024-05-11
blue,1020.0,1040.0,2024-05-12
blue,1025.0,1045.0,2024-05-13
blue,1050.0,1070.0,2024-05-14
blue,1080.0,1100.0,2024-05-15
blue,1080.0,1100.0,2024-05-16
blue,1100.0,1120.0,2024-05-17
blue,1100.0,1120.0,2024-05-18
blue,1100.0,1120.0,2024-05-19
blue,1160.0,1180.0,2024-05-20
blue,1210.0,1230.0,2024-05-21
blue,1255.0,1275.0,2024-05-22
blue,1260.0,1280.0,2024-05-23
blue,1200.0,1220.0,2024-05-24
blue,1200.0,1220.0,2024-05-25
blue,1200.0,1220.0,2024-05-26
blue,1185.0,1205.0,2024-05-27
blue,1190.0,1210.0,2024-05-28
blue,1210.0,1230.0,2024-05-29
blue,1210.0,1230.0,2024-05-30
blue,1205.0,1225.0,2024-05-31
blue,1205.0,1225.0,2024-06-01
blue,1205.0,1225.0,2024-06-02
blue,1215.0,1235.0,2024-06-03
blue,1245.0,1265.0,2024-06-04
blue,1230.0,1250.0,2024-06-05
blue,1230.0,1250.0,2024-06-06
blue,1245.0,1265.0,2024-06-07
blue,1245.0,1265.0,2024-06-08
blue,1245.0,1265.0,2024-06-09
blue,1260.0,1280.0,2024-06-10
blue,1275.0,1295.0,2024-06-11
blue,1265.0,1285.0,2024-06-12
blue,1225.0,1245.0,2024-06-13
blue,1260.0,1280.0,2024-06-14
blue,1260.0,1280.0,2024-06-15
blue,1260.0,1280.0,2024-06-16
blue,1260.0,1280.0,2024-06-17
blue,1285.0,1305.0,2024-06-18
blue,1280.0,1300.0,2024-06-19
blue,1280.0,1300.0,2024-06-20
blue,1280.0,1300.0,2024-06-21
blue,1280.0,1300.0,2024-06-22
blue,1280.0,1300.0,2024-06-23
blue,1310.0,1330.0,2024-06-24
blue,1345.0,1365.0,2024-06-25
blue,1345.0,1365.0,2024-06-26
blue,1335.0,1355.0,2024-06-27
blue,1345.0,1365.0,2024-06-28
blue,1345.0,1365.0,2024-06-29
blue,1345.0,1365.0,2024-06-30
blue,1385.0,1405.0,2024-07-01
blue,1410.0,1430.0,2024-07-02
blue,1405.0,1425.0,2024-07-03
blue,1385.0,1405.0,2024-07-04
blue,1400.0,1420.0,2024-07-05
blue,1400.0,1420.0,2024-07-06
blue,1400.0,1420.0,2024-07-07
blue,1420.0,1440.0,2024-07-08
blue,1420.0,1440.0,2024-07-09
blue,1430.0,1450.0,2024-07-10
blue,1445.0,1465.0,2024-07-11
blue,1480.0,1500.0,2024-07-12
blue,1480.0,1500.0,2024-07-13
blue,1480.0,1500.0,2024-07-14
blue,1395.0,1415.0,2024-07-15
blue,1385.0,1405.0,2024-07-16
blue,1435.0,1455.0,2024-07-17
blue,1435.0,1455.0,2024-07-18
blue,1425.0,1445.0,2024-07-19
blue,1425.0,1445.0,2024-07-20
blue,1425.0,1445.0,2024-07-21
blue,1420.0,1440.0,2024-07-22
blue,1425.0,1445.0,2024-07-23
blue,1430.0,1450.0,2024-07-24
blue,1425.0,1445.0,2024-07-25
blue,1415.0,1435.0,2024-07-26
blue,1415.0,1435.0,2024-07-27
blue,1415.0,1435.0,2024-07-28
blue,1395.0,1415.0,2024-07-29
blue,1365.0,1385.0,2024-07-30
blue,1350.0,1370.0,2024-07-31
blue,1360.0,1380.0,2024-08-01
blue,1375.0,1395.0,2024-08-02
blue,1375.0,1395.0,2024-08-03
blue,1375.0,1395.0,2024-08-04
blue,1370.0,1390.0,2024-08-05
blue,1355.0,1375.0,2024-08-06
blue,1365.0,1385.0,2024-08-07
blue,1355.0,1375.0,2024-08-08
blue,1335.0,1355.0,2024-08-09
blue,1335.0,1355.0,2024-08-10
blue,1335.0,1355.0,2024-08-11
blue,1330.0,1350.0,2024-08-12
blue,1335.0,1355.0,2024-08-13
blue,1335.0,1355.0,2024-08-14
blue,1330.0,1350.0,2024-08-15
blue,1325.0,1345.0,2024-08-16
blue,1325.0,1345.0,2024-08-17
blue,1325.0,1345.0,2024-08-18
blue,1330.0,1350.0,2024-08-19
blue,1335.0,1355.0,2024-08-20
blue,1335.0,1355.0,2024-08-21
blue,1330.0,1350.0,2024-08-22
blue,1330.0,1350.0,2024-08-23
blue,1330.0,1350.0,2024-08-24
blue,1330.0,1350.0,2024-08-25
blue,1330.0,1350.0,2024-08-26
blue,1320.0,1340.0,2024-08-27
blue,1315.0,1335.0,2024-08-28
blue,1295.0,1315.0,2024-08-29
blue,1285.0,1305.0,2024-08-30
blue,1285.0,1305.0,2024-08-31
blue,1285.0,1305.0,2024-09-01
blue,1285.0,1305.0,2024-09-02
blue,1290.0,1310.0,2024-09-03
blue,1285.0,1305.0,2024-09-04
blue,1245.0,1265.0,2024-09-05
blue,1240.0,1260.0,2024-09-06
blue,1240.0,1260.0,2024-09-07
blue,1240.0,1260.0,2024-09-08
blue,1250.0,1270.0,2024-09-09
blue,1260.0,1280.0,2024-09-10
blue,1265.0,1285.0,2024-09-11
blue,1260.0,1280.0,2024-09-12
blue,1245.0,1265.0,2024-09-13
blue,1245.0,1265.0,2024-09-14
blue,1245.0,1265.0,2024-09-15
blue,1255.0,1275.0,2024-09-16
blue,1250.0,1270.0,2024-09-17
blue,1240.0,1260.0,2024-09-18
blue,1220.0,1240.0,2024-09-19
blue,1225.0,1245.0,2024-09-20
blue,1225.0,1245.0,2024-09-21
blue,1225.0,1245.0,2024-09-22
blue,1225.0,1245.0,2024-09-23
blue,1225.0,1245.0,2024-09-24
blue,1220.0,1240.0,2024-09-25
blue,1210.0,1230.0,2024-09-26
blue,1225.0,1245.0,2024-09-27
blue,1225.0,1245.0,2024-09-28
blue,1225.0,1245.0,2024-09-29
blue,1215.0,1235.0,2024-09-30
blue,1200.0,1220.0,2024-10-01
blue,1195.0,1215.0,2024-10-02
blue,1185.0,1205.0,2024-10-03
blue,1175.0,1195.0,2024-10-04
blue,1175.0,1195.0,2024-10-05
blue,1175.0,1195.0,2024-10-06
blue,1165.0,1185.0,2024-10-07
blue,1155.0,1175.0,2024-10-08
blue,1155.0,1175.0,2024-10-09
blue,1160.0,1180.0,2024-10-10
blue,1160.0,1180.0,2024-10-11
blue,1160.0,1180.0,2024-10-12
blue,1160.0,1180.0,2024-10-13
blue,1170.0,1190.0,2024-10-14
blue,1215.0,1235.0,2024-10-15
blue,1200.0,1220.0,2024-10-16
blue,1200.0,1220.0,2024-10-17
blue,1205.0,1225.0,2024-10-18
blue,1205.0,1225.0,2024-10-19
blue,1205.0,1225.0,2024-10-20
blue,1220.0,1240.0,2024-10-21
blue,1225.0,1245.0,2024-10-22
blue,1210.0,1230.0,2024-10-23
blue,1195.0,1215.0,2024-10-24
blue,1205.0,1225.0,2024-10-25
blue,1205.0,1225.0,2024-10-26
blue,1205.0,1225.0,2024-10-27
blue,1200.0,1220.0,2024-10-28
blue,1175.0,1195.0,2024-10-29
blue,1160.0,1180.0,2024-10-30
blue,1170.0,1190.0,2024-10-31
blue,1170.0,1190.0,2024-11-01
blue,1170.0,1190.0,2024-11-02
blue,1170.0,1190.0,2024-11-03
blue,1150.0,1170.0,2024-11-04
blue,1115.0,1135.0,2024-11-05
blue,1115.0,1135.0,2024-11-06
blue,1100.0,1120.0,2024-11-07
blue,1115.0,1135.0,2024-11-08
blue,1115.0,1135.0,2024-11-09
blue,1115.0,1135.0,2024-11-10
blue,1115.0,1135.0,2024-11-11
blue,1115.0,1135.0,2024-11-12
blue,1120.0,1140.0,2024-11-13
blue,1120.0,1140.0,2024-11-14
blue,1120.0,1140.0,2024-11-15
blue,1120.0,1140.0,2024-11-16
blue,1120.0,1140.0,2024-11-17
blue,1120.0,1140.0,2024-11-18
blue,1115.0,1135.0,2024-11-19
blue,1115.0,1135.0,2024-11-20
blue,1110.0,1130.0,2024-11-21
blue,1115.0,1135.0,2024-11-22
blue,1115.0,1135.0,2024-11-23
blue,1115.0,1135.0,2024-11-24
blue,1110.0,1130.0,2024-11-25
blue,1115.0,1135.0,2024-11-26
blue,1105.0,1125.0,2024-11-27
blue,1100.0,1120.0,2024-11-28
blue,1100.0,1120.0,2024-11-29
blue,1100.0,1120.0,2024-11-30
blue,1100.0,1120.0,2024-12-01
blue,1080.0,1100.0,2024-12-02
blue,1070.0,1090.0,2024-12-03
blue,1060.0,1080.0,2024-12-04
blue,1035.0,1055.0,2024-12-05
blue,1030.0,1050.0,2024-12-06
blue,1030.0,1050.0,2024-12-07
blue,1030.0,1050.0,2024-12-08
blue,1045.0,1065.0,2024-12-09
blue,1050.0,1070.0,2024-12-10
blue,1060.0,1080.0,2024-12-11
blue,1075.0,1095.0,2024-12-12
blue,1085.0,1105.0,2024-12-13
blue,1085.0,1105.0,2024-12-14
blue,1085.0,1105.0,2024-12-15
blue,1105.0,1125.0,2024-12-16
blue,1145.0,1165.0,2024-12-17
blue,1185.0,1205.0,2024-12-18
blue,1155.0,1175.0,2024-12-19
blue,1140.0,1160.0,2024-12-20
blue,1140.0,1160.0,2024-12-21
blue,1140.0,1160.0,2024-12-22
blue,1180.0,1200.0,2024-12-23
blue,1180.0,1200.0,2024-12-24
blue,1180.0,1200.0,2024-12-25
blue,1190.0,1210.0,2024-12-26
blue,1195.0,1215.0,2024-12-27
blue,1195.0,1215.0,2024-12-28
blue,1195.0,1215.0,2024-12-29
blue,1210.0,1230.0,2024-12-30
blue,1210.0,1230.0,2024-12-31
blue,1210.0,1230.0,2025-01-01
blue,1210.0,1230.0,2025-01-02
blue,1185.0,1205.0,2025-01-03
blue,1185.0,1205.0,2025-01-04
blue,1185.0,1205.0,2025-01-05
blue,1185.0,1205.0,2025-01-06
blue,1195.0,1215.0,2025-01-07
blue,1200.0,1220.0,2025-01-08
blue,1200.0,1220.0,2025-01-09
blue,1205.0,1225.0,2025-01-10
blue,1205.0,1225.0,2025-01-11
blue,1205.0,1225.0,2025-01-12
blue,1230.0,1250.0,2025-01-13
blue,1220.0,1240.0,2025-01-14
blue,1205.0,1225.0,2025-01-15
blue,1215.0,1235.0,2025-01-16
blue,1215.0,1235.0,2025-01-17
blue,1215.0,1235.0,2025-01-18
blue,1215.0,1235.0,2025-01-19
blue,1220.0,1240.0,2025-01-20
blue,1215.0,1235.0,2025-01-21
blue,1220.0,1240.0,2025-01-22
blue,1220.0,1240.0,2025-01-23
blue,1205.0,1225.0,2025-01-24
blue,1205.0,1225.0,2025-01-25
blue,1205.0,1225.0,2025-01-26
blue,1210.0,1230.0,2025-01-27
blue,1210.0,1230.0,2025-01-28
blue,1200.0,1220.0,2025-01-29
blue,1200.0,1220.0,2025-01-30
blue,1200.0,1220.0,2025-01-31
blue,1200.0,1220.0,2025-02-01
blue,1200.0,1220.0,2025-02-02
blue,1200.0,1220.0,2025-02-03
blue,1195.0,1215.0,2025-02-04
blue,1195.0,1215.0,2025-02-05
blue,1190.0,1210.0,2025-02-06
blue,1185.0,1205.0,2025-02-07
blue,1185.0,1205.0,2025-02-08
blue,1185.0,1205.0,2025-02-09
blue,1185.0,1205.0,2025-02-10
blue,1195.0,1215.0,2025-02-11
blue,1200.0,1220.0,2025-02-12
blue,1205.0,1225.0,2025-02-13
blue,1200.0,1220.0,2025-02-14
blue,1200.0,1220.0,2025-02-15
blue,1200.0,1220.0,2025-02-16
blue,1215.0,1235.0,2025-02-17
blue,1215.0,1235.0,2025-02-18
blue,1205.0,1225.0,2025-02-19
blue,1205.0,1225.0,2025-02-20
blue,1210.0,1230.0,2025-02-21
blue,1210.0,1230.0,2025-02-22
blue,1210.0,1230.0,2025-02-23
blue,1220.0,1240.0,2025-02-24
blue,1220.0,1240.0,2025-02-25
blue,1210.0,1230.0,2025-02-26
blue,1205.0,1225.0,2025-02-27
blue,1210.0,1230.0,2025-02-28
blue,1210.0,1230.0,2025-03-01
blue,1210.0,1230.0,2025-03-02
blue,1210.0,1230.0,2025-03-03
blue,1210.0,1230.0,2025-03-04
blue,1205.0,1225.0,2025-03-05
blue,1195.0,1215.0,2025-03-06
blue,1195.0,1215.0,2025-03-07
blue,1195.0,1215.0,2025-03-08
blue,1195.0,1215.0,2025-03-09
blue,1205.0,1225.0,2025-03-10
blue,1200.0,1220.0,2025-03-11
blue,1210.0,1230.0,2025-03-12
blue,1215.0,1235.0,2025-03-13
blue,1220.0,1240.0,2025-03-14
blue,1220.0,1240.0,2025-03-15
blue,1220.0,1240.0,2025-03-16
blue,1235.0,1255.0,2025-03-17
blue,1265.0,1285.0,2025-03-18
blue,1260.0,1280.0,2025-03-19
blue,1245.0,1265.0,2025-03-20
blue,1260.0,1280.0,2025-03-21
blue,1260.0,1280.0,2025-03-22
blue,1260.0,1280.0,2025-03-23
blue,1260.0,1280.0,2025-03-24
blue,1275.0,1295.0,2025-03-25
blue,1275.0,1295.0,2025-03-26
blue,1280.0,1300.0,2025-03-27
blue,1280.0,1300.0,2025-03-28
blue,1280.0,1300.0,2025-03-29
blue,1280.0,1300.0,2025-03-30
blue,1305.0,1325.0,2025-03-31
blue,1295.0,1315.0,2025-04-01
blue,1295.0,1315.0,2025-04-02
blue,1290.0,1310.0,2025-04-03
blue,1290.0,1310.0,2025-04-04
blue,1290.0,1310.0,2025-04-05
blue,1290.0,1310.0,2025-04-06
blue,1325.0,1345.0,2025-04-07
blue,1340.0,1360.0,2025-04-08
blue,1335.0,1355.0,2025-04-09
blue,1345.0,1365.0,2025-04-10
blue,1355.0,1375.0,2025-04-11
blue,1355.0,1375.0,2025-04-12
blue,1355.0,1375.0,2025-04-13
blue,1255.0,1285.0,2025-04-14
blue,1255.0,1285.0,2025-04-15
blue,1220.0,1250.0,2025-04-16
blue,1220.0,1250.0,2025-04-17
blue,1220.0,1250.0,2025-04-18
blue,1220.0,1250.0,2025-04-19
blue,1220.0,1250.0,2025-04-20
blue,1130.0,1150.0,2025-04-21
blue,1165.0,1185.0,2025-04-22
blue,1190.0,1210.0,2025-04-23
blue,1205.0,1225.0,2025-04-24
blue,1190.0,1210.0,2025-04-25
blue,1190.0,1210.0,2025-04-26
blue,1190.0,1210.0,2025-04-27
blue,1185.0,1205.0,2025-04-28
blue,1180.0,1200.0,2025-04-29
blue,1165.0,1185.0,2025-04-30
blue,1165.0,1185.0,2025-05-01
blue,1165.0,1185.0,2025-05-02
blue,1165.0,1185.0,2025-05-03
blue,1165.0,1185.0,2025-05-04
blue,1185.0,1205.0,2025-05-05
blue,1170.0,1190.0,2025-05-06
blue,1150.0,1170.0,2025-05-07
blue,1145.0,1165.0,2025-05-08
blue,1155.0,1175.0,2025-05-09
blue,1155.0,1175.0,2025-05-10
blue,1155.0,1175.0,2025-05-11
blue,1150.0,1170.0,2025-05-12
blue,1140.0,1160.0,2025-05-13
blue,1145.0,1165.0,2025-05-14
blue,1145.0,1165.0,2025-05-15
blue,1145.0,1165.0,2025-05-16
blue,1145.0,1165.0,2025-05-17
blue,1145.0,1165.0,2025-05-18
blue,1145.0,1165.0,2025-05-19
blue,1155.0,1175.0,2025-05-20
blue,1155.0,1175.0,2025-05-21
blue,1145.0,1165.0,2025-05-22
blue,1150.0,1170.0,2025-05-23
blue,1150.0,1170.0,2025-05-24
blue,1150.0,1170.0,2025-05-25
blue,1150.0,1170.0,2025-05-26
blue,1145.0,1165.0,2025-05-27
blue,1150.0,1170.0,2025-05-28
blue,1150.0,1170.0,2025-05-29
blue,1160.0,1180.0,2025-05-30
blue,1160.0,1180.0,2025-05-31
blue,1160.0,1180.0,2025-06-01
blue,1145.0,1165.0,2025-06-02
blue,1140.0,1160.0,2025-06-03
blue,1160.0,1180.0,2025-06-04
blue,1155.0,1175.0,2025-06-05
blue,1145.0,1165.0,2025-06-06
blue,1145.0,1165.0,2025-06-07
blue,1145.0,1165.0,2025-06-08
blue,1175.0,1195.0,2025-06-09
blue,1170.0,1190.0,2025-06-10
blue,1170.0,1190.0,2025-06-11
blue,1170.0,1190.0,2025-06-12
blue,1170.0,1190.0,2025-06-13
blue,1170.0,1190.0,2025-06-14
blue,1170.0,1190.0,2025-06-15
blue,1170.0,1190.0,2025-06-16
blue,1180.0,1200.0,2025-06-17
blue,1170.0,1190.0,2025-06-18
blue,1180.0,1200.0,2025-06-19
blue,1180.0,1200.0,2025-06-20
blue,1180.0,1200.0,2025-06-21
blue,1180.0,1200.0,2025-06-22
blue,1190.0,1210.0,2025-06-23
blue,1195.0,1215.0,2025-06-24
blue,1190.0,1210.0,2025-06-25
blue,1190.0,1210.0,2025-06-26
blue,1190.0,1210.0,2025-06-27
blue,1190.0,1210.0,2025-06-28
blue,1190.0,1210.0,2025-06-29
blue,1195.0,1215.0,2025-06-30
blue,1205.0,1225.0,2025-07-01
blue,1220.0,1240.0,2025-07-02
blue,1215.0,1235.0,2025-07-03
blue,1210.0,1230.0,2025-07-04
blue,1210.0,1230.0,2025-07-05
blue,1210.0,1230.0,2025-07-06
blue,1250.0,1270.0,2025-07-07
blue,1260.0,1280.0,2025-07-08
blue,1260.0,1280.0,2025-07-09
blue,1275.0,1295.0,2025-07-10
blue,1280.0,1300.0,2025-07-11
blue,1280.0,1300.0,2025-07-12
blue,1280.0,1300.0,2025-07-13
blue,1320.0,1340.0,2025-07-14
blue,1310.0,1330.0,2025-07-15
blue,1285.0,1295.0,2025-07-16
blue,1275.0,1295.0,2025-07-17
blue,1285.0,1305.0,2025-07-18
blue,1285.0,1305.0,2025-07-19
blue,1285.0,1305.0,2025-07-20
blue,1300.0,1320.0,2025-07-21
blue,1290.0,1310.0,2025-07-22
blue,1290.0,1310.0,2025-07-23
blue,1300.0,1320.0,2025-07-24
blue,1295.0,1315.0,2025-07-25
blue,1295.0,1315.0,2025-07-26
blue,1295.0,1315.0,2025-07-27
blue,1300.0,1320.0,2025-07-28
blue,1300.0,1320.0,2025-07-29
blue,1300.0,1320.0,2025-07-30
blue,1315.0,1335.0,2025-07-31
blue,1315.0,1335.0,2025-08-01
blue,1315.0,1335.0,2025-08-02
blue,1315.0,1335.0,2025-08-03
blue,1310.0,1330.0,2025-08-04
blue,1305.0,1325.0,2025-08-05
blue,1300.0,1320.0,2025-08-06
blue,1305.0,1325.0,2025-08-07
blue,1305.0,1325.0,2025-08-08
blue,1305.0,1325.0,2025-08-09
blue,1305.0,1325.0,2025-08-10
blue,1315.0,1335.0,2025-08-11
blue,1310.0,1330.0,2025-08-12
blue,1320.0,1340.0,2025-08-13
blue,1300.0,1320.0,2025-08-14
blue,1300.0,1320.0,2025-08-15
blue,1300.0,1320.0,2025-08-16
blue,1300.0,1320.0,2025-08-17
blue,1320.0,1340.0,2025-08-18
blue,1320.0,1340.0,2025-08-19
blue,1320.0,1340.0,2025-08-20
blue,1320.0,1340.0,2025-08-21
blue,1325.0,1345.0,2025-08-22
blue,1300.0,1320.0,2025-08-23
blue,1300.0,1320.0,2025-08-24
blue,1345.0,1365.0,2025-08-25
blue,1340.0,1360.0,2025-08-26
blue,1335.0,1355.0,2025-08-27
blue,1330.0,1350.0,2025-08-28
blue,1325.0,1345.0,2025-08-29
blue,1300.0,1320.0,2025-08-30
blue,1300.0,1320.0,2025-08-31
blue,1350.0,1370.0,2025-09-01
blue,1340.0,1360.0,2025-09-02
blue,1330.0,1350.0,2025-09-03
blue,1345.0,1365.0,2025-09-04
blue,1350.0,1370.0,2025-09-05
blue,1350.0,1370.0,2025-09-06
blue,1350.0,1370.0,2025-09-07
blue,1355.0,1385.0,2025-09-08
blue,1365.0,1385.0,2025-09-09
blue,1375.0,1395.0,2025-09-10
blue,1390.0,1410.0,2025-09-11
blue,1405.0,1425.0,2025-09-12
blue,1405.0,1425.0,2025-09-13
blue,1405.0,1425.0,2025-09-14
blue,1435.0,1455.0,2025-09-15
blue,1435.0,1455.0,2025-09-16
blue,1470.0,1490.0,2025-09-17
blue,1490.0,1510.0,2025-09-18
blue,1500.0,1520.0,2025-09-19
blue,1500.0,1520.0,2025-09-20
blue,1500.0,1520.0,2025-09-21
blue,1455.0,1475.0,2025-09-22
blue,1390.0,1410.0,2025-09-23
blue,1385.0,1405.0,2025-09-24
blue,1390.0,1410.0,2025-09-25
blue,1420.0,1440.0,2025-09-26
blue,1420.0,1440.0,2025-09-27
blue,1420.0,1440.0,2025-09-28
blue,1410.0,1430.0,2025-09-29
blue,1425.0,1445.0,2025-09-30
blue,1440.0,1460.0,2025-10-01
blue,1430.0,1450.0,2025-10-02
blue,1420.0,1440.0,2025-10-03
blue,1420.0,1440.0,2025-10-04
blue,1420.0,1440.0,2025-10-05
blue,1430.0,1450.0,2025-10-06
blue,1440.0,1460.0,2025-10-07
blue,1455.0,1475.0,2025-10-08
blue,1455.0,1475.0,2025-10-09
blue,1455.0,1475.0,2025-10-10
blue,1455.0,1475.0,2025-10-11
blue,1455.0,1475.0,2025-10-12
blue,1385.0,1405.0,2025-10-13
blue,1400.0,1420.0,2025-10-14
blue,1430.0,1450.0,2025-10-15
blue,1445.0,1465.0,2025-10-16
blue,1465.0,1485.0,2025-10-17
blue,1465.0,1485.0,2025-10-18
blue,1465.0,1485.0,2025-10-19
blue,1485.0,1505.0,2025-10-20
blue,1525.0,1545.0,2025-10-21
blue,1530.0,1550.0,2025-10-22
blue,1505.0,1525.0,2025-10-23
blue,1505.0,1525.0,2025-10-24
blue,1505.0,1525.0,2025-10-25
blue,1505.0,1525.0,2025-10-26
blue,1445.0,1465.0,2025-10-27
blue,1450.0,1470.0,2025-10-28
blue,1440.0,1460.0,2025-10-29
blue,1435.0,1455.0,2025-10-30
blue,1425.0,1445.0,2025-10-31
blue,1425.0,1445.0,2025-11-01
blue,1425.0,1445.0,2025-11-02
blue,1425.0,1445.0,2025-11-03
blue,1435.0,1455.0,2025-11-04
blue,1420.0,1440.0,2025-11-05
blue,1415.0,1435.0,2025-11-06
blue,1395.0,1415.0,2025-11-07
blue,1395.0,1415.0,2025-11-08
blue,1395.0,1415.0,2025-11-09
blue,1405.0,1425.0,2025-11-10
blue,1420.0,1440.0,2025-11-11
blue,1415.0,1435.0,2025-11-12
blue,1415.0,1435.0,2025-11-13
blue,1410.0,1430.0,2025-11-14
blue,1410.0,1430.0,2025-11-15
blue,1410.0,1430.0,2025-11-16
blue,1415.0,1435.0,2025-11-17
blue,1410.0,1430.0,2025-11-18
blue,1410.0,1430.0,2025-11-19
blue,1405.0,1425.0,2025-11-20
blue,1405.0,1425.0,2025-11-21
blue,1405.0,1425.0,2025-11-22
blue,1405.0,1425.0,2025-11-23
blue,1405.0,1425.0,2025-11-24
blue,1440.0,1460.0,2025-11-25
blue,1430.0,1450.0,2025-11-26
blue,1420.0,1440.0,2025-11-27
blue,1415.0,1435.0,2025-11-28
blue,1415.0,1435.0,2025-11-29
blue,1415.0,1435.0,2025-11-30
blue,1425.0,1445.0,2025-12-01
blue,1425.0,1445.0,2025-12-02
blue,1420.0,1440.0,2025-12-03
blue,1410.0,1430.0,2025-12-04
blue,1415.0,1435.0,2025-12-05
blue,1415.0,1435.0,2025-12-06
blue,1415.0,1435.0,2025-12-07
blue,1415.0,1435.0,2025-12-08
blue,1425.0,1445.0,2025-12-09
blue,1430.0,1450.0,2025-12-10
blue,1430.0,1450.0,2025-12-11
blue,1425.0,1445.0,2025-12-12
blue,1425.0,1445.0,2025-12-13
blue,1425.0,1445.0,2025-12-14
blue,1460.0,1480.0,2025-12-15
blue,1480.0,1500.0,2025-12-16
blue,1480.0,1500.0,2025-12-17
blue,1470.0,1490.0,2025-12-18
blue,1465.0,1485.0,2025-12-19
blue,1465.0,1485.0,2025-12-20
blue,1465.0,1485.0,2025-12-21
blue,1485.0,1505.0,2025-12-22
blue,1485.0,1505.0,2025-12-23
blue,1485.0,1505.0,2025-12-24
blue,1485.0,1505.0,2025-12-25
blue,1510.0,1530.0,2025-12-26
blue,1510.0,1530.0,2025-12-27
blue,1510.0,1530.0,2025-12-28
blue,1510.0,1530.0,2025-12-29
blue,1510.0,1530.0,2025-12-30
blue,1510.0,1530.0,2025-12-31
blue,1510.0,1530.0,2026-01-01
blue,1510.0,1530.0,2026-01-02
blue,1510.0,1530.0,2026-01-03
blue,1510.0,1530.0,2026-01-04
blue,1495.0,1515.0,2026-01-05
blue,1500.0,1520.0,2026-01-06
blue,1495.0,1515.0,2026-01-07
blue,1490.0,1510.0,2026-01-08
blue,1485.0,1505.0,2026-01-09
blue,1485.0,1505.0,2026-01-10
blue,1485.0,1505.0,2026-01-11
blue,1485.0,1505.0,2026-01-12
blue,1485.0,1505.0,2026-01-13
blue,1495.0,1515.0,2026-01-14
blue,1490.0,1510.0,2026-01-15
blue,1480.0,1500.0,2026-01-16
blue,1480.0,1500.0,2026-01-17
blue,1480.0,1500.0,2026-01-18
blue,1485.0,1505.0,2026-01-19
blue,1485.0,1505.0,2026-01-20
blue,1480.0,1500.0,2026-01-21
blue,1475.0,1495.0,2026-01-22
blue,1465.0,1485.0,2026-01-23
blue,1465.0,1485.0,2026-01-24
blue,1465.0,1485.0,2026-01-25
blue,1470.0,1490.0,2026-01-26
blue,1470.0,1490.0,2026-01-27
blue,1465.0,1485.0,2026-01-28
blue,1455.0,1475.0,2026-01-29
blue,1450.0,1470.0,2026-01-30
blue,1450.0,1470.0,2026-01-31
blue,1450.0,1470.0,2026-02-01
blue,1430.0,1450.0,2026-02-03
blue,1435.0,1455.0,2026-02-04
blue,1420.0,1440.0,2026-02-05
blue,1415.0,1435.0,2026-02-06
blue,1415.0,1435.0,2026-02-07
blue,1415.0,1435.0,2026-02-08
blue,1410.0,1430.0,2026-02-09
blue,1405.0,1425.0,2026-02-10
blue,1415.0,1435.0,2026-02-11
blue,1420.0,1440.0,2026-02-12
blue,1420.0,1440.0,2026-02-13
blue,1420.0,1440.0,2026-02-14
blue,1420.0,1440.0,2026-02-15
blue,1420.0,1440.0,2026-02-16
blue,1420.0,1440.0,2026-02-17
blue,1415.0,1435.0,2026-02-18
blue,1420.0,1440.0,2026-02-19
blue,1410.0,1430.0,2026-02-20
blue,1410.0,1430.0,2026-02-21
blue,1410.0,1430.0,2026-02-22
blue,1405.0,1425.0,2026-02-23
blue,1410.0,1430.0,2026-02-24
blue,1425.0,1445.0,2026-02-25
blue,1405.0,1425.0,2026-02-26
blue,1405.0,1425.0,2026-02-27
blue,1405.0,1425.0,2026-02-28
blue,1405.0,1425.0,2026-03-01
blue,1400.0,1420.0,2026-03-02
blue,1405.0,1425.0,2026-03-03
blue,1395.0,1415.0,2026-03-04
blue,1380.0,1400.0,2026-03-05
blue,1395.0,1415.0,2026-03-06
blue,1395.0,1415.0,2026-03-07
blue,1395.0,1415.0,2026-03-08
blue,1405.0,1425.0,2026-03-09
blue,1405.0,1425.0,2026-03-10
blue,1395.0,1415.0,2026-03-11
blue,1400.0,1420.0,2026-03-12
blue,1395.0,1415.0,2026-03-13
blue,1395.0,1415.0,2026-03-14
blue,1395.0,1415.0,2026-03-15
blue,1405.0,1425.0,2026-03-16
blue,1415.0,1435.0,2026-03-17
blue,1415.0,1435.0,2026-03-18
blue,1410.0,1430.0,2026-03-19
blue,1405.0,1425.0,2026-03-20
blue,1405.0,1425.0,2026-03-21
blue,1405.0,1425.0,2026-03-22
blue,1405.0,1425.0,2026-03-23
blue,1405.0,1425.0,2026-03-24
blue,1400.0,1420.0,2026-03-25
blue,1405.0,1425.0,2026-03-26
blue,1395.0,1415.0,2026-03-27
blue,1395.0,1415.0,2026-03-28
blue,1395.0,1415.0,2026-03-29
blue,1405.0,1425.0,2026-03-30
blue,1390.0,1410.0,2026-03-31
blue,1395.0,1405.0,2026-04-01
blue,1395.0,1405.0,2026-04-02
blue,1395.0,1405.0,2026-04-03
blue,1395.0,1405.0,2026-04-04
blue,1395.0,1405.0,2026-04-05
blue,1390.0,1400.0,2026-04-06
blue,1385.0,1395.0,2026-04-07
blue,1380.0,1390.0,2026-04-08
blue,1380.0,1390.0,2026-04-09
blue,1375.0,1390.0,2026-04-10
blue,1375.0,1390.0,2026-04-11
blue,1375.0,1390.0,2026-04-12
blue,1385.0,1400.0,2026-04-13
blue,1390.0,1410.0,2026-04-14
blue,1390.0,1410.0,2026-04-15
blue,1395.0,1415.0,2026-04-16
blue,1390.0,1410.0,2026-04-17
blue,1390.0,1410.0,2026-04-18
blue,1390.0,1410.0,2026-04-19
blue,1390.0,1410.0,2026-04-20
blue,1390.0,1410.0,2026-04-21
blue,1395.0,1415.0,2026-04-22
blue,1400.0,1420.0,2026-04-23
blue,1400.0,1420.0,2026-04-24
blue,1400.0,1420.0,2026-04-25
blue,1400.0,1420.0,2026-04-26
blue,1410.0,1430.0,2026-04-27
blue,1410.0,1430.0,2026-04-28
bolsa,197.8,197.8,2022-01-01
bolsa,197.8,197.8,2022-01-02
bolsa,198.26,198.26,2022-01-03
bolsa,197.4,197.4,2022-01-04
bolsa,199.07,199.07,2022-01-05
bolsa,202.09,202.09,2022-01-06
bolsa,203.84,203.84,2022-01-07
bolsa,203.84,203.84,2022-01-08
bolsa,203.84,203.84,2022-01-09
bolsa,202.78,202.78,2022-01-10
bolsa,202.46,202.46,2022-01-11
bolsa,201.96,201.96,2022-01-12
bolsa,200.74,200.74,2022-01-13
bolsa,202.46,202.46,2022-01-14
bolsa,202.46,202.46,2022-01-15
bolsa,202.46,202.46,2022-01-16
bolsa,204.11,204.11,2022-01-17
bolsa,203.6,203.6,2022-01-18
bolsa,206.58,206.58,2022-01-19
bolsa,212.32,212.32,2022-01-20
bolsa,212.74,212.74,2022-01-21
bolsa,212.74,212.74,2022-01-22
bolsa,212.74,212.74,2022-01-23
bolsa,219.09,219.09,2022-01-24
bolsa,218.84,218.84,2022-01-25
bolsa,216.85,216.85,2022-01-26
bolsa,223.75,223.75,2022-01-27
bolsa,216.66,216.66,2022-01-28
bolsa,216.66,216.66,2022-01-29
bolsa,216.66,216.66,2022-01-30
bolsa,214.67,214.67,2022-01-31
bolsa,214.63,214.63,2022-02-01
bolsa,210.88,210.88,2022-02-02
bolsa,211.71,211.71,2022-02-03
bolsa,212.23,212.23,2022-02-04
bolsa,212.23,212.23,2022-02-05
bolsa,212.23,212.23,2022-02-06
bolsa,210.22,210.22,2022-02-07
bolsa,207.9,207.9,2022-02-08
bolsa,204.97,204.97,2022-02-09
bolsa,207.15,207.15,2022-02-10
bolsa,207.59,207.59,2022-02-11
bolsa,207.59,207.59,2022-02-12
bolsa,207.59,207.59,2022-02-13
bolsa,207.41,207.41,2022-02-14
bolsa,205.49,205.49,2022-02-15
bolsa,203.93,203.93,2022-02-16
bolsa,203.03,203.03,2022-02-17
bolsa,199.72,199.72,2022-02-18
bolsa,199.72,199.72,2022-02-19
bolsa,199.72,199.72,2022-02-20
bolsa,201.12,201.12,2022-02-21
bolsa,196.05,196.05,2022-02-22
bolsa,196.81,196.81,2022-02-23
bolsa,197.19,197.19,2022-02-24
bolsa,195.31,195.31,2022-02-25
bolsa,195.31,195.31,2022-02-26
bolsa,195.31,195.31,2022-02-27
bolsa,195.31,195.31,2022-02-28
bolsa,195.31,195.31,2022-03-01
bolsa,196.84,196.84,2022-03-02
bolsa,196.82,196.82,2022-03-03
bolsa,197.6,197.6,2022-03-04
bolsa,197.6,197.6,2022-03-05
bolsa,197.6,197.6,2022-03-06
bolsa,197.28,197.28,2022-03-07
bolsa,194.54,194.54,2022-03-08
bolsa,190.85,190.85,2022-03-09
bolsa,189.62,189.62,2022-03-10
bolsa,187.41,187.41,2022-03-11
bolsa,187.41,187.41,2022-03-12
bolsa,187.41,187.41,2022-03-13
bolsa,185.6,185.6,2022-03-14
bolsa,187.94,187.94,2022-03-15
bolsa,193.3,193.3,2022-03-16
bolsa,195.27,195.27,2022-03-17
bolsa,195.17,195.17,2022-03-18
bolsa,195.17,195.17,2022-03-19
bolsa,195.17,195.17,2022-03-20
bolsa,197.9,197.9,2022-03-21
bolsa,199.82,199.82,2022-03-22
bolsa,200.72,200.72,2022-03-23
bolsa,200.72,200.72,2022-03-24
bolsa,200.31,200.31,2022-03-25
bolsa,200.31,200.31,2022-03-26
bolsa,200.31,200.31,2022-03-27
bolsa,196.27,196.27,2022-03-28
bolsa,191.99,191.99,2022-03-29
bolsa,192.52,192.52,2022-03-30
bolsa,190.56,190.56,2022-03-31
bolsa,189.75,189.75,2022-04-01
bolsa,189.75,189.75,2022-04-02
bolsa,189.75,189.75,2022-04-03
bolsa,190.88,190.88,2022-04-04
bolsa,190.17,190.17,2022-04-05
bolsa,190.21,190.21,2022-04-06
bolsa,192.32,192.32,2022-04-07
bolsa,191.15,191.15,2022-04-08
bolsa,191.15,191.15,2022-04-09
bolsa,191.15,191.15,2022-04-10
bolsa,191.31,191.31,2022-04-11
bolsa,191.67,191.67,2022-04-12
bolsa,191.33,191.33,2022-04-13
bolsa,191.33,191.33,2022-04-14
bolsa,191.33,191.33,2022-04-15
bolsa,191.33,191.33,2022-04-16
bolsa,191.33,191.33,2022-04-17
bolsa,189.3,189.3,2022-04-18
bolsa,191.69,191.69,2022-04-19
bolsa,195.24,195.24,2022-04-20
bolsa,203.97,203.97,2022-04-21
bolsa,208.27,208.27,2022-04-22
bolsa,208.27,208.27,2022-04-23
bolsa,208.27,208.27,2022-04-24
bolsa,207.96,207.96,2022-04-25
bolsa,212.07,212.07,2022-04-26
bolsa,208.33,208.33,2022-04-27
bolsa,203.99,203.99,2022-04-28
bolsa,205.99,205.99,2022-04-29
bolsa,205.99,205.99,2022-04-30
bolsa,205.99,205.99,2022-05-01
bolsa,209.38,209.38,2022-05-02
bolsa,207.49,207.49,2022-05-03
bolsa,203.57,203.57,2022-05-04
bolsa,205.39,205.39,2022-05-05
bolsa,208.49,208.49,2022-05-06
bolsa,208.49,208.49,2022-05-07
bolsa,208.49,208.49,2022-05-08
bolsa,206.52,206.52,2022-05-09
bolsa,207.79,207.79,2022-05-10
bolsa,207.08,207.08,2022-05-11
bolsa,206.38,206.38,2022-05-12
bolsa,210.85,210.85,2022-05-13
bolsa,210.85,210.85,2022-05-14
bolsa,210.85,210.85,2022-05-15
bolsa,210.79,210.79,2022-05-16
bolsa,209.31,209.31,2022-05-17
bolsa,209.31,209.31,2022-05-18
bolsa,207.88,207.88,2022-05-19
bolsa,209.56,209.56,2022-05-20
bolsa,209.56,209.56,2022-05-21
bolsa,209.56,209.56,2022-05-22
bolsa,210.61,210.61,2022-05-23
bolsa,211.33,211.33,2022-05-24
bolsa,211.33,211.33,2022-05-25
bolsa,211.41,211.41,2022-05-26
bolsa,210.35,210.35,2022-05-27
bolsa,210.35,210.35,2022-05-28
bolsa,210.35,210.35,2022-05-29
bolsa,209.15,209.15,2022-05-30
bolsa,207.35,207.35,2022-05-31
bolsa,208.62,208.62,2022-06-01
bolsa,207.04,207.04,2022-06-02
bolsa,207.75,207.75,2022-06-03
bolsa,207.75,207.75,2022-06-04
bolsa,207.75,207.75,2022-06-05
bolsa,208.84,208.84,2022-06-06
bolsa,208.68,208.68,2022-06-07
bolsa,209.15,209.15,2022-06-08
bolsa,217.5,217.5,2022-06-09
bolsa,223.2,223.2,2022-06-10
bolsa,223.2,223.2,2022-06-11
bolsa,223.2,223.2,2022-06-12
bolsa,227.37,227.37,2022-06-13
bolsa,231.96,231.96,2022-06-14
bolsa,229.83,229.83,2022-06-15
bolsa,235.09,235.09,2022-06-16
bolsa,235.09,235.09,2022-06-17
bolsa,235.09,235.09,2022-06-18
bolsa,235.09,235.09,2022-06-19
bolsa,235.09,235.09,2022-06-20
bolsa,233.27,233.27,2022-06-21
bolsa,227.94,227.94,2022-06-22
bolsa,232.23,232.23,2022-06-23
bolsa,232.72,232.72,2022-06-24
bolsa,232.72,232.72,2022-06-25
bolsa,232.72,232.72,2022-06-26
bolsa,240.09,240.09,2022-06-27
bolsa,243.07,243.07,2022-06-28
bolsa,245.67,245.67,2022-06-29
bolsa,249.59,249.59,2022-06-30
bolsa,247.9,247.9,2022-07-01
bolsa,247.9,247.9,2022-07-02
bolsa,247.9,247.9,2022-07-03
bolsa,272.39,272.39,2022-07-04
bolsa,265.28,265.28,2022-07-05
bolsa,270.17,270.17,2022-07-06
bolsa,284.32,284.32,2022-07-07
bolsa,289.29,289.29,2022-07-08
bolsa,289.29,289.29,2022-07-09
bolsa,289.29,289.29,2022-07-10
bolsa,285.69,285.69,2022-07-11
bolsa,279.4,279.4,2022-07-12
bolsa,280.06,280.06,2022-07-13
bolsa,284.28,284.28,2022-07-14
bolsa,292.5,292.5,2022-07-15
bolsa,292.5,292.5,2022-07-16
bolsa,292.5,292.5,2022-07-17
bolsa,295.24,295.24,2022-07-18
bolsa,297.84,297.84,2022-07-19
bolsa,303.44,303.44,2022-07-20
bolsa,326.09,326.09,2022-07-21
bolsa,315.5,315.5,2022-07-22
bolsa,315.5,315.5,2022-07-23
bolsa,315.5,315.5,2022-07-24
bolsa,319.72,319.72,2022-07-25
bolsa,324.88,324.88,2022-07-26
bolsa,323.77,323.77,2022-07-27
bolsa,298.16,298.16,2022-07-28
bolsa,276.71,276.71,2022-07-29
bolsa,276.71,276.71,2022-07-30
bolsa,276.71,276.71,2022-07-31
bolsa,272.48,272.48,2022-08-01
bolsa,276.66,276.66,2022-08-02
bolsa,281.02,281.02,2022-08-03
bolsa,284.47,284.47,2022-08-04
bolsa,278.78,278.78,2022-08-05
bolsa,278.78,278.78,2022-08-06
bolsa,278.78,278.78,2022-08-07
bolsa,278.94,278.94,2022-08-08
bolsa,279.2,279.2,2022-08-09
bolsa,284.59,284.59,2022-08-10
bolsa,279.36,279.36,2022-08-11
bolsa,279.12,279.12,2022-08-12
bolsa,279.12,279.12,2022-08-13
bolsa,279.12,279.12,2022-08-14
bolsa,279.12,279.12,2022-08-15
bolsa,275.78,275.78,2022-08-16
bolsa,281.37,281.37,2022-08-17
bolsa,288.13,288.13,2022-08-18
bolsa,292.03,292.03,2022-08-19
bolsa,292.03,292.03,2022-08-20
bolsa,292.03,292.03,2022-08-21
bolsa,287.88,287.88,2022-08-22
bolsa,288.15,288.15,2022-08-23
bolsa,286.6,286.6,2022-08-24
bolsa,286.6,286.6,2022-08-25
bolsa,282.57,282.57,2022-08-26
bolsa,282.57,282.57,2022-08-27
bolsa,282.57,282.57,2022-08-28
bolsa,281.78,281.78,2022-08-29
bolsa,283.83,283.83,2022-08-30
bolsa,283.08,283.08,2022-08-31
bolsa,278.73,278.73,2022-09-01
bolsa,278.73,278.73,2022-09-02
bolsa,278.73,278.73,2022-09-03
bolsa,278.73,278.73,2022-09-04
bolsa,271.19,271.19,2022-09-05
bolsa,270.34,270.34,2022-09-06
bolsa,271.03,271.03,2022-09-07
bolsa,273.02,273.02,2022-09-08
bolsa,269.56,269.56,2022-09-09
bolsa,269.56,269.56,2022-09-10
bolsa,269.56,269.56,2022-09-11
bolsa,269.39,269.39,2022-09-12
bolsa,269.9,269.9,2022-09-13
bolsa,275.45,275.45,2022-09-14
bolsa,289.66,289.66,2022-09-15
bolsa,294.19,294.19,2022-09-16
bolsa,294.19,294.19,2022-09-17
bolsa,294.19,294.19,2022-09-18
bolsa,297.11,297.11,2022-09-19
bolsa,295.1,295.1,2022-09-20
bolsa,297.91,297.91,2022-09-21
bolsa,302.19,302.19,2022-09-22
bolsa,301.82,301.82,2022-09-23
bolsa,301.82,301.82,2022-09-24
bolsa,301.82,301.82,2022-09-25
bolsa,298.25,298.25,2022-09-26
bolsa,296.78,296.78,2022-09-27
bolsa,297.99,297.99,2022-09-28
bolsa,295.83,295.83,2022-09-29
bolsa,302.48,302.48,2022-09-30
bolsa,302.48,302.48,2022-10-01
bolsa,302.48,302.48,2022-10-02
bolsa,297.97,297.97,2022-10-03
bolsa,299.77,299.77,2022-10-04
bolsa,297.5,297.5,2022-10-05
bolsa,293.25,293.25,2022-10-06
bolsa,293.25,293.25,2022-10-07
bolsa,293.25,293.25,2022-10-08
bolsa,293.25,293.25,2022-10-09
bolsa,293.25,293.25,2022-10-10
bolsa,288.15,288.15,2022-10-11
bolsa,293.69,293.69,2022-10-12
bolsa,299.42,299.42,2022-10-13
bolsa,299.04,299.04,2022-10-14
bolsa,299.04,299.04,2022-10-15
bolsa,299.04,299.04,2022-10-16
bolsa,295.58,295.58,2022-10-17
bolsa,293.33,293.33,2022-10-18
bolsa,292.41,292.41,2022-10-19
bolsa,290.87,290.87,2022-10-20
bolsa,290.63,290.63,2022-10-21
bolsa,290.63,290.63,2022-10-22
bolsa,290.63,290.63,2022-10-23
bolsa,291.89,291.89,2022-10-24
bolsa,293.63,293.63,2022-10-25
bolsa,292.28,292.28,2022-10-26
bolsa,294.65,294.65,2022-10-27
bolsa,295.07,295.07,2022-10-28
bolsa,295.07,295.07,2022-10-29
bolsa,295.07,295.07,2022-10-30
bolsa,293.92,293.92,2022-10-31
bolsa,292.84,292.84,2022-11-01
bolsa,291.17,291.17,2022-11-02
bolsa,292.92,292.92,2022-11-03
bolsa,290.97,290.97,2022-11-04
bolsa,290.97,290.97,2022-11-05
bolsa,290.97,290.97,2022-11-06
bolsa,289.76,289.76,2022-11-07
bolsa,292.37,292.37,2022-11-08
bolsa,292.93,292.93,2022-11-09
bolsa,296.82,296.82,2022-11-10
bolsa,297.71,297.71,2022-11-11
bolsa,297.71,297.71,2022-11-12
bolsa,297.71,297.71,2022-11-13
bolsa,299.84,299.84,2022-11-14
bolsa,302.06,302.06,2022-11-15
bolsa,308.98,308.98,2022-11-16
bolsa,313.87,313.87,2022-11-17
bolsa,313.58,313.58,2022-11-18
bolsa,313.58,313.58,2022-11-19
bolsa,313.58,313.58,2022-11-20
bolsa,313.58,313.58,2022-11-21
bolsa,312.8,312.8,2022-11-22
bolsa,311.81,311.81,2022-11-23
bolsa,319.3,319.3,2022-11-24
bolsa,316.07,316.07,2022-11-25
bolsa,316.07,316.07,2022-11-26
bolsa,316.07,316.07,2022-11-27
bolsa,314.02,314.02,2022-11-28
bolsa,313.45,313.45,2022-11-29
bolsa,312.51,312.51,2022-11-30
bolsa,318.57,318.57,2022-12-01
bolsa,318.67,318.67,2022-12-02
bolsa,318.67,318.67,2022-12-03
bolsa,318.67,318.67,2022-12-04
bolsa,319.11,319.11,2022-12-05
bolsa,328.88,328.88,2022-12-06
bolsa,328.98,328.98,2022-12-07
bolsa,328.98,328.98,2022-12-08
bolsa,328.98,328.98,2022-12-09
bolsa,328.98,328.98,2022-12-10
bolsa,328.98,328.98,2022-12-11
bolsa,322.35,322.35,2022-12-12
bolsa,323.36,323.36,2022-12-13
bolsa,322.7,322.7,2022-12-14
bolsa,320.1,320.1,2022-12-15
bolsa,320.1,320.1,2022-12-16
bolsa,320.1,320.1,2022-12-17
bolsa,320.1,320.1,2022-12-18
bolsa,320.89,320.89,2022-12-19
bolsa,325.01,325.01,2022-12-20
bolsa,322.87,322.87,2022-12-21
bolsa,324.25,324.25,2022-12-22
bolsa,325.71,325.71,2022-12-23
bolsa,325.71,325.71,2022-12-24
bolsa,325.71,325.71,2022-12-25
bolsa,327.62,327.62,2022-12-26
bolsa,335.39,335.39,2022-12-27
bolsa,331.63,331.63,2022-12-28
bolsa,334.36,334.36,2022-12-29
bolsa,327.94,327.94,2022-12-30
bolsa,327.94,327.94,2022-12-31
bolsa,327.94,327.94,2023-01-01
bolsa,329.21,329.21,2023-01-02
bolsa,330.7,330.7,2023-01-03
bolsa,334.93,334.93,2023-01-04
bolsa,332.67,332.67,2023-01-05
bolsa,329.91,329.91,2023-01-06
bolsa,329.91,329.91,2023-01-07
bolsa,329.91,329.91,2023-01-08
bolsa,327.17,327.17,2023-01-09
bolsa,325.87,325.87,2023-01-10
bolsa,327.7,327.7,2023-01-11
bolsa,342.38,342.38,2023-01-12
bolsa,340.23,340.23,2023-01-13
bolsa,340.23,340.23,2023-01-14
bolsa,340.23,340.23,2023-01-15
bolsa,344.03,344.03,2023-01-16
bolsa,341.89,341.89,2023-01-17
bolsa,340.3,340.3,2023-01-18
bolsa,332.83,332.83,2023-01-19
bolsa,352.52,352.52,2023-01-20
bolsa,352.52,352.52,2023-01-21
bolsa,352.52,352.52,2023-01-22
bolsa,352.21,352.21,2023-01-23
bolsa,353.85,353.85,2023-01-24
bolsa,351.98,351.98,2023-01-25
bolsa,352.22,352.22,2023-01-26
bolsa,352.78,352.78,2023-01-27
bolsa,352.78,352.78,2023-01-28
bolsa,352.78,352.78,2023-01-29
bolsa,353.93,353.93,2023-01-30
bolsa,354.81,354.81,2023-01-31
bolsa,353.7,353.7,2023-02-01
bolsa,354.75,354.75,2023-02-02
bolsa,357.36,357.36,2023-02-03
bolsa,357.36,357.36,2023-02-04
bolsa,357.36,357.36,2023-02-05
bolsa,353.94,353.94,2023-02-06
bolsa,353.2,353.2,2023-02-07
bolsa,354.95,354.95,2023-02-08
bolsa,354.36,354.36,2023-02-09
bolsa,354.15,354.15,2023-02-10
bolsa,354.15,354.15,2023-02-11
bolsa,354.15,354.15,2023-02-12
bolsa,355.27,355.27,2023-02-13
bolsa,355.28,355.28,2023-02-14
bolsa,356.23,356.23,2023-02-15
bolsa,357.61,357.61,2023-02-16
bolsa,355.59,355.59,2023-02-17
bolsa,355.59,355.59,2023-02-18
bolsa,355.59,355.59,2023-02-19
bolsa,355.59,355.59,2023-02-20
bolsa,355.59,355.59,2023-02-21
bolsa,356.45,356.45,2023-02-22
bolsa,357.26,357.26,2023-02-23
bolsa,356.78,356.78,2023-02-24
bolsa,356.78,356.78,2023-02-25
bolsa,356.78,356.78,2023-02-26
bolsa,356.07,356.07,2023-02-27
bolsa,357.47,357.47,2023-02-28
bolsa,359.78,359.78,2023-03-01
bolsa,364.81,364.81,2023-03-02
bolsa,366.5,366.5,2023-03-03
bolsa,366.5,366.5,2023-03-04
bolsa,366.5,366.5,2023-03-05
bolsa,362.42,362.42,2023-03-06
bolsa,366.97,366.97,2023-03-07
bolsa,372.86,372.86,2023-03-08
bolsa,375.43,375.43,2023-03-09
bolsa,380.64,380.64,2023-03-10
bolsa,380.64,380.64,2023-03-11
bolsa,380.64,380.64,2023-03-12
bolsa,379.51,379.51,2023-03-13
bolsa,377.76,377.76,2023-03-14
bolsa,383.31,383.31,2023-03-15
bolsa,388.76,388.76,2023-03-16
bolsa,388.84,388.84,2023-03-17
bolsa,388.84,388.84,2023-03-18
bolsa,388.84,388.84,2023-03-19
bolsa,387.63,387.63,2023-03-20
bolsa,385.98,385.98,2023-03-21
bolsa,387.1,387.1,2023-03-22
bolsa,375.72,375.72,2023-03-23
bolsa,375.72,375.72,2023-03-24
bolsa,375.72,375.72,2023-03-25
bolsa,375.72,375.72,2023-03-26
bolsa,376.4,376.4,2023-03-27
bolsa,383.55,383.55,2023-03-28
bolsa,386.81,386.81,2023-03-29
bolsa,391.82,391.82,2023-03-30
bolsa,397.37,397.37,2023-03-31
bolsa,397.37,397.37,2023-04-01
bolsa,397.37,397.37,2023-04-02
bolsa,396.94,396.94,2023-04-03
bolsa,402.41,402.41,2023-04-04
bolsa,396.6,396.6,2023-04-05
bolsa,396.6,396.6,2023-04-06
bolsa,396.6,396.6,2023-04-07
bolsa,396.6,396.6,2023-04-08
bolsa,396.6,396.6,2023-04-09
bolsa,390.71,390.71,2023-04-10
bolsa,387.0,387.0,2023-04-11
bolsa,386.34,386.34,2023-04-12
bolsa,388.14,388.14,2023-04-13
bolsa,398.62,398.62,2023-04-14
bolsa,398.62,398.62,2023-04-15
bolsa,398.62,398.62,2023-04-16
bolsa,395.45,395.45,2023-04-17
bolsa,408.86,408.86,2023-04-18
bolsa,409.77,409.77,2023-04-19
bolsa,421.9,421.9,2023-04-20
bolsa,437.75,437.75,2023-04-21
bolsa,437.75,437.75,2023-04-22
bolsa,437.75,437.75,2023-04-23
bolsa,449.02,449.02,2023-04-24
bolsa,447.5,447.5,2023-04-25
bolsa,446.43,446.43,2023-04-26
bolsa,442.23,442.23,2023-04-27
bolsa,436.05,436.05,2023-04-28
bolsa,436.05,436.05,2023-04-29
bolsa,436.05,436.05,2023-04-30
bolsa,436.05,436.05,2023-05-01
bolsa,428.84,428.84,2023-05-02
bolsa,431.03,431.03,2023-05-03
bolsa,430.19,430.19,2023-05-04
bolsa,432.35,432.35,2023-05-05
bolsa,432.35,432.35,2023-05-06
bolsa,432.35,432.35,2023-05-07
bolsa,432.08,432.08,2023-05-08
bolsa,432.08,432.08,2023-05-09
bolsa,436.09,436.09,2023-05-10
bolsa,440.07,440.07,2023-05-11
bolsa,434.31,434.31,2023-05-12
bolsa,434.31,434.31,2023-05-13
bolsa,434.31,434.31,2023-05-14
bolsa,437.66,437.66,2023-05-15
bolsa,442.43,442.43,2023-05-16
bolsa,444.08,444.08,2023-05-17
bolsa,473.5,473.5,2023-05-18
bolsa,465.42,465.42,2023-05-19
bolsa,465.42,465.42,2023-05-20
bolsa,465.42,465.42,2023-05-21
bolsa,464.27,464.27,2023-05-22
bolsa,466.09,466.09,2023-05-23
bolsa,462.35,462.35,2023-05-24
bolsa,462.35,462.35,2023-05-25
bolsa,462.35,462.35,2023-05-26
bolsa,462.35,462.35,2023-05-27
bolsa,462.35,462.35,2023-05-28
bolsa,459.51,459.51,2023-05-29
bolsa,462.32,462.32,2023-05-30
bolsa,466.98,466.98,2023-05-31
bolsa,467.03,467.03,2023-06-01
bolsa,469.09,469.09,2023-06-02
bolsa,469.09,469.09,2023-06-03
bolsa,469.09,469.09,2023-06-04
bolsa,472.29,472.29,2023-06-05
bolsa,473.87,473.87,2023-06-06
bolsa,472.76,472.76,2023-06-07
bolsa,473.92,473.92,2023-06-08
bolsa,473.5,473.5,2023-06-09
bolsa,473.5,473.5,2023-06-10
bolsa,473.5,473.5,2023-06-11
bolsa,474.49,474.49,2023-06-12
bolsa,473.19,473.19,2023-06-13
bolsa,474.98,474.98,2023-06-14
bolsa,474.59,474.59,2023-06-15
bolsa,479.35,479.35,2023-06-16
bolsa,479.35,479.35,2023-06-17
bolsa,479.35,479.35,2023-06-18
bolsa,479.35,479.35,2023-06-19
bolsa,479.35,479.35,2023-06-20
bolsa,476.46,476.46,2023-06-21
bolsa,482.51,482.51,2023-06-22
bolsa,486.66,486.66,2023-06-23
bolsa,486.66,486.66,2023-06-24
bolsa,486.66,486.66,2023-06-25
bolsa,479.79,479.79,2023-06-26
bolsa,483.43,483.43,2023-06-27
bolsa,484.01,484.01,2023-06-28
bolsa,482.23,482.23,2023-06-29
bolsa,484.69,484.69,2023-06-30
bolsa,484.69,484.69,2023-07-01
bolsa,484.69,484.69,2023-07-02
bolsa,483.45,483.45,2023-07-03
bolsa,482.9,482.9,2023-07-04
bolsa,480.37,480.37,2023-07-05
bolsa,484.68,484.68,2023-07-06
bolsa,484.78,484.78,2023-07-07
bolsa,484.78,484.78,2023-07-08
bolsa,484.78,484.78,2023-07-09
bolsa,490.4,490.4,2023-07-10
bolsa,488.64,488.64,2023-07-11
bolsa,488.65,488.65,2023-07-12
bolsa,498.73,498.73,2023-07-13
bolsa,499.71,499.71,2023-07-14
bolsa,499.71,499.71,2023-07-15
bolsa,499.71,499.71,2023-07-16
bolsa,499.86,499.86,2023-07-17
bolsa,494.9,494.9,2023-07-18
bolsa,494.65,494.65,2023-07-19
bolsa,495.84,495.84,2023-07-20
bolsa,498.08,498.08,2023-07-21
bolsa,498.08,498.08,2023-07-22
bolsa,498.08,498.08,2023-07-23
bolsa,497.09,497.09,2023-07-24
bolsa,507.12,507.12,2023-07-25
bolsa,503.9,503.9,2023-07-26
bolsa,510.62,510.62,2023-07-27
bolsa,508.01,508.01,2023-07-28
bolsa,508.01,508.01,2023-07-29
bolsa,508.01,508.01,2023-07-30
bolsa,509.1,509.1,2023-07-31
bolsa,509.45,509.45,2023-08-01
bolsa,512.54,512.54,2023-08-02
bolsa,513.99,513.99,2023-08-03
bolsa,514.71,514.71,2023-08-04
bolsa,514.71,514.71,2023-08-05
bolsa,514.71,514.71,2023-08-06
bolsa,516.7,516.7,2023-08-07
bolsa,521.92,521.92,2023-08-08
bolsa,527.92,527.92,2023-08-09
bolsa,529.82,529.82,2023-08-10
bolsa,539.89,539.89,2023-08-11
bolsa,539.89,539.89,2023-08-12
bolsa,539.89,539.89,2023-08-13
bolsa,621.14,621.14,2023-08-14
bolsa,667.17,667.17,2023-08-15
bolsa,651.42,651.42,2023-08-16
bolsa,659.49,659.49,2023-08-17
bolsa,657.48,657.48,2023-08-18
bolsa,657.48,657.48,2023-08-19
bolsa,657.48,657.48,2023-08-20
bolsa,657.48,657.48,2023-08-21
bolsa,658.88,658.88,2023-08-22
bolsa,661.32,661.32,2023-08-23
bolsa,665.4,665.4,2023-08-24
bolsa,664.97,664.97,2023-08-25
bolsa,664.97,664.97,2023-08-26
bolsa,664.97,664.97,2023-08-27
bolsa,667.95,667.95,2023-08-28
bolsa,671.02,671.02,2023-08-29
bolsa,670.99,670.99,2023-08-30
bolsa,670.83,670.83,2023-08-31
bolsa,670.37,670.37,2023-09-01
bolsa,670.37,670.37,2023-09-02
bolsa,670.37,670.37,2023-09-03
bolsa,672.62,672.62,2023-09-04
bolsa,672.34,672.34,2023-09-05
bolsa,673.47,673.47,2023-09-06
bolsa,674.84,674.84,2023-09-07
bolsa,673.5,674.18,2023-09-08
bolsa,673.5,674.18,2023-09-09
bolsa,673.5,674.18,2023-09-10
bolsa,674.83,675.54,2023-09-11
bolsa,675.77,676.46,2023-09-12
bolsa,678.24,678.64,2023-09-13
bolsa,677.05,677.79,2023-09-14
bolsa,678.68,680.73,2023-09-15
bolsa,678.68,680.73,2023-09-16
bolsa,678.68,680.73,2023-09-17
bolsa,678.64,679.35,2023-09-18
bolsa,678.71,680.06,2023-09-19
bolsa,678.99,679.95,2023-09-20
bolsa,678.49,681.33,2023-09-21
bolsa,680.78,681.49,2023-09-22
bolsa,680.78,681.49,2023-09-23
bolsa,680.78,681.49,2023-09-24
bolsa,682.07,683.06,2023-09-25
bolsa,685.18,685.57,2023-09-26
bolsa,689.62,689.85,2023-09-27
bolsa,694.51,694.89,2023-09-28
bolsa,700.32,701.01,2023-09-29
bolsa,700.32,701.01,2023-09-30
bolsa,700.32,701.01,2023-10-01
bolsa,709.13,709.83,2023-10-02
bolsa,719.11,720.38,2023-10-03
bolsa,747.28,747.67,2023-10-04
bolsa,783.42,784.82,2023-10-05
bolsa,812.81,820.37,2023-10-06
bolsa,812.81,820.37,2023-10-07
bolsa,812.81,820.37,2023-10-08
bolsa,839.18,840.57,2023-10-09
bolsa,835.47,844.81,2023-10-10
bolsa,856.0,856.3,2023-10-11
bolsa,869.95,871.56,2023-10-12
bolsa,869.95,871.56,2023-10-13
bolsa,869.95,871.56,2023-10-14
bolsa,869.95,871.56,2023-10-15
bolsa,869.95,871.56,2023-10-16
bolsa,884.0,884.9,2023-10-17
bolsa,883.53,886.55,2023-10-18
bolsa,888.26,889.72,2023-10-19
bolsa,898.13,898.9,2023-10-20
bolsa,898.13,898.9,2023-10-21
bolsa,898.13,898.9,2023-10-22
bolsa,890.69,911.87,2023-10-23
bolsa,841.84,854.57,2023-10-24
bolsa,867.32,878.93,2023-10-25
bolsa,848.65,865.17,2023-10-26
bolsa,810.2,823.3,2023-10-27
bolsa,810.2,823.3,2023-10-28
bolsa,810.2,823.3,2023-10-29
bolsa,850.22,857.79,2023-10-30
bolsa,817.87,850.8,2023-10-31
bolsa,841.68,842.59,2023-11-01
bolsa,856.41,863.6,2023-11-02
bolsa,839.7,844.0,2023-11-03
bolsa,839.7,844.0,2023-11-04
bolsa,839.7,844.0,2023-11-05
bolsa,839.7,844.0,2023-11-06
bolsa,847.49,857.94,2023-11-07
bolsa,840.9,852.21,2023-11-08
bolsa,859.8,868.19,2023-11-09
bolsa,884.39,902.84,2023-11-10
bolsa,884.39,902.84,2023-11-11
bolsa,884.39,902.84,2023-11-12
bolsa,868.81,870.74,2023-11-13
bolsa,867.25,869.83,2023-11-14
bolsa,863.65,869.65,2023-11-15
bolsa,864.96,874.06,2023-11-16
bolsa,871.79,898.21,2023-11-17
bolsa,871.79,898.21,2023-11-18
bolsa,871.79,898.21,2023-11-19
bolsa,871.79,898.21,2023-11-20
bolsa,923.27,935.1,2023-11-21
bolsa,966.19,988.53,2023-11-22
bolsa,1005.8,1019.2,2023-11-23
bolsa,959.67,968.82,2023-11-24
bolsa,959.67,968.82,2023-11-25
bolsa,959.67,968.82,2023-11-26
bolsa,888.75,893.78,2023-11-27
bolsa,864.8,870.05,2023-11-28
bolsa,830.88,840.0,2023-11-29
bolsa,855.98,860.75,2023-11-30
bolsa,901.79,907.67,2023-12-01
bolsa,901.79,907.67,2023-12-02
bolsa,901.79,907.67,2023-12-03
bolsa,910.28,916.75,2023-12-04
bolsa,926.4,933.46,2023-12-05
bolsa,938.02,946.25,2023-12-06
bolsa,982.95,986.61,2023-12-07
bolsa,982.95,986.61,2023-12-08
bolsa,982.95,986.61,2023-12-09
bolsa,982.95,986.61,2023-12-10
bolsa,987.77,997.5,2023-12-11
bolsa,1011.1,1026.3,2023-12-12
bolsa,1019.7,1037.7,2023-12-13
bolsa,1003.0,1010.5,2023-12-14
bolsa,994.46,1002.4,2023-12-15
bolsa,994.46,1002.4,2023-12-16
bolsa,994.46,1002.4,2023-12-17
bolsa,960.55,963.92,2023-12-18
bolsa,960.48,964.93,2023-12-19
bolsa,944.15,947.17,2023-12-20
bolsa,962.66,971.13,2023-12-21
bolsa,947.43,956.13,2023-12-22
bolsa,947.43,956.13,2023-12-23
bolsa,947.43,956.13,2023-12-24
bolsa,947.43,956.13,2023-12-25
bolsa,939.93,945.02,2023-12-26
bolsa,926.62,930.14,2023-12-27
bolsa,949.11,953.33,2023-12-28
bolsa,988.95,997.45,2023-12-29
bolsa,988.95,997.45,2023-12-30
bolsa,988.95,997.45,2023-12-31
bolsa,988.95,997.45,2024-01-01
bolsa,986.19,991.77,2024-01-02
bolsa,1024.2,1032.2,2024-01-03
bolsa,1036.6,1047.6,2024-01-04
bolsa,1103.3,1116.1,2024-01-05
bolsa,1103.3,1116.1,2024-01-06
bolsa,1103.3,1116.1,2024-01-07
bolsa,1140.6,1142.6,2024-01-08
bolsa,1157.2,1160.5,2024-01-09
bolsa,1133.3,1147.6,2024-01-10
bolsa,1117.9,1129.2,2024-01-11
bolsa,1094.5,1097.3,2024-01-12
bolsa,1094.5,1097.3,2024-01-13
bolsa,1094.5,1097.3,2024-01-14
bolsa,1120.5,1129.6,2024-01-15
bolsa,1162.4,1167.5,2024-01-16
bolsa,1220.5,1226.8,2024-01-17
bolsa,1229.9,1232.1,2024-01-18
bolsa,1254.1,1258.8,2024-01-19
bolsa,1254.1,1258.8,2024-01-20
bolsa,1254.1,1258.8,2024-01-21
bolsa,1229.6,1241.8,2024-01-22
bolsa,1225.5,1231.5,2024-01-23
bolsa,1229.5,1238.4,2024-01-24
bolsa,1221.1,1230.5,2024-01-25
bolsa,1186.2,1189.0,2024-01-26
bolsa,1186.2,1189.0,2024-01-27
bolsa,1186.2,1189.0,2024-01-28
bolsa,1215.7,1219.4,2024-01-29
bolsa,1193.9,1198.2,2024-01-30
bolsa,1171.0,1177.0,2024-01-31
bolsa,1238.9,1250.9,2024-02-01
bolsa,1236.4,1244.3,2024-02-02
bolsa,1236.4,1244.3,2024-02-03
bolsa,1236.4,1244.3,2024-02-04
bolsa,1209.0,1214.0,2024-02-05
bolsa,1184.4,1188.6,2024-02-06
bolsa,1197.5,1205.4,2024-02-07
bolsa,1185.8,1194.7,2024-02-08
bolsa,1160.7,1172.0,2024-02-09
bolsa,1160.7,1172.0,2024-02-10
bolsa,1160.7,1172.0,2024-02-11
bolsa,1160.7,1172.0,2024-02-12
bolsa,1160.7,1172.0,2024-02-13
bolsa,1116.9,1122.6,2024-02-14
bolsa,1086.2,1094.5,2024-02-15
bolsa,1060.1,1064.2,2024-02-16
bolsa,1060.1,1064.2,2024-02-17
bolsa,1060.1,1064.2,2024-02-18
bolsa,1097.9,1112.5,2024-02-19
bolsa,1078.2,1088.1,2024-02-20
bolsa,1065.8,1071.6,2024-02-21
bolsa,1048.1,1053.9,2024-02-22
bolsa,1072.6,1076.3,2024-02-23
bolsa,1072.6,1076.3,2024-02-24
bolsa,1072.6,1076.3,2024-02-25
bolsa,1048.9,1055.1,2024-02-26
bolsa,1045.1,1047.4,2024-02-27
bolsa,1024.2,1033.3,2024-02-28
bolsa,1028.9,1031.0,2024-02-29
bolsa,1052.5,1055.4,2024-03-01
bolsa,1052.5,1055.4,2024-03-02
bolsa,1052.5,1055.4,2024-03-03
bolsa,1027.4,1033.9,2024-03-04
bolsa,1006.0,1012.8,2024-03-05
bolsa,985.07,989.32,2024-03-06
bolsa,992.78,996.58,2024-03-07
bolsa,1003.1,1006.7,2024-03-08
bolsa,1003.1,1006.7,2024-03-09
bolsa,1003.1,1006.7,2024-03-10
bolsa,979.59,985.03,2024-03-11
bolsa,1028.0,1030.3,2024-03-12
bolsa,1012.3,1016.9,2024-03-13
bolsa,1010.0,1012.6,2024-03-14
bolsa,1027.1,1031.3,2024-03-15
bolsa,1027.1,1031.3,2024-03-16
bolsa,1027.1,1031.3,2024-03-17
bolsa,1024.0,1027.1,2024-03-18
bolsa,1027.9,1030.9,2024-03-19
bolsa,1038.1,1043.2,2024-03-20
bolsa,1032.7,1039.4,2024-03-21
bolsa,1039.0,1042.5,2024-03-22
bolsa,1039.0,1042.5,2024-03-23
bolsa,1039.0,1042.5,2024-03-24
bolsa,1019.6,1023.1,2024-03-25
bolsa,1024.2,1026.4,2024-03-26
bolsa,1015.1,1020.5,2024-03-27
bolsa,1015.1,1020.5,2024-03-28
bolsa,1015.1,1020.5,2024-03-29
bolsa,1015.1,1020.5,2024-03-30
bolsa,1015.1,1020.5,2024-03-31
bolsa,1015.1,1020.5,2024-04-01
bolsa,1015.1,1020.5,2024-04-02
bolsa,995.8,1001.5,2024-04-03
bolsa,995.87,997.59,2024-04-04
bolsa,996.61,1004.9,2024-04-05
bolsa,996.61,1004.9,2024-04-06
bolsa,996.61,1004.9,2024-04-07
bolsa,975.64,982.9,2024-04-08
bolsa,997.52,998.51,2024-04-09
bolsa,995.89,1004.8,2024-04-10
bolsa,996.09,1000.6,2024-04-11
bolsa,996.09,1000.6,2024-04-12
bolsa,996.09,1000.6,2024-04-13
bolsa,996.09,1000.6,2024-04-14
bolsa,996.09,1000.6,2024-04-15
bolsa,1033.0,1038.5,2024-04-16
bolsa,1021.0,1030.7,2024-04-17
bolsa,1013.7,1021.6,2024-04-18
bolsa,1024.3,1026.3,2024-04-19
bolsa,1024.3,1026.3,2024-04-20
bolsa,1024.3,1026.3,2024-04-21
bolsa,1009.8,1017.5,2024-04-22
bolsa,1007.5,1012.9,2024-04-23
bolsa,1012.7,1015.7,2024-04-24
bolsa,1026.7,1036.1,2024-04-25
bolsa,1033.6,1036.6,2024-04-26
bolsa,1033.6,1036.6,2024-04-27
bolsa,1033.6,1036.6,2024-04-28
bolsa,1032.2,1039.0,2024-04-29
bolsa,1036.7,1044.7,2024-04-30
bolsa,1036.7,1044.7,2024-05-01
bolsa,1064.6,1069.1,2024-05-02
bolsa,1070.5,1076.9,2024-05-03
bolsa,1070.5,1076.9,2024-05-04
bolsa,1070.5,1076.9,2024-05-05
bolsa,1061.9,1064.5,2024-05-06
bolsa,1050.3,1052.2,2024-05-07
bolsa,1038.8,1042.5,2024-05-08
bolsa,1042.9,1048.4,2024-05-09
bolsa,1031.4,1039.8,2024-05-10
bolsa,1031.4,1039.8,2024-05-11
bolsa,1031.4,1039.8,2024-05-12
bolsa,1031.2,1036.3,2024-05-13
bolsa,1040.7,1045.4,2024-05-14
bolsa,1050.3,1057.0,2024-05-15
bolsa,1058.7,1064.1,2024-05-16
bolsa,1068.5,1073.1,2024-05-17
bolsa,1068.5,1073.1,2024-05-18
bolsa,1068.5,1073.1,2024-05-19
bolsa,1099.6,1101.7,2024-05-20
bolsa,1171.3,1173.7,2024-05-21
bolsa,1220.8,1226.2,2024-05-22
bolsa,1225.7,1233.6,2024-05-23
bolsa,1203.4,1209.3,2024-05-24
bolsa,1203.4,1209.3,2024-05-25
bolsa,1203.4,1209.3,2024-05-26
bolsa,1224.5,1233.5,2024-05-27
bolsa,1196.6,1205.0,2024-05-28
bolsa,1169.9,1181.6,2024-05-29
bolsa,1177.0,1180.4,2024-05-30
bolsa,1213.3,1215.5,2024-05-31
bolsa,1213.3,1215.5,2024-06-01
bolsa,1213.3,1215.5,2024-06-02
bolsa,1265.1,1266.1,2024-06-03
bolsa,1273.4,1284.0,2024-06-04
bolsa,1267.4,1281.4,2024-06-05
bolsa,1274.6,1280.0,2024-06-06
bolsa,1279.4,1283.9,2024-06-07
bolsa,1279.4,1283.9,2024-06-08
bolsa,1279.4,1283.9,2024-06-09
bolsa,1267.8,1272.8,2024-06-10
bolsa,1277.9,1286.7,2024-06-11
bolsa,1271.7,1281.5,2024-06-12
bolsa,1242.8,1244.3,2024-06-13
bolsa,1242.3,1245.5,2024-06-14
bolsa,1242.3,1245.5,2024-06-15
bolsa,1242.3,1245.5,2024-06-16
bolsa,1242.3,1245.5,2024-06-17
bolsa,1239.5,1245.1,2024-06-18
bolsa,1269.8,1276.4,2024-06-19
bolsa,1269.8,1276.4,2024-06-20
bolsa,1269.8,1276.4,2024-06-21
bolsa,1269.8,1276.4,2024-06-22
bolsa,1269.8,1276.4,2024-06-23
bolsa,1288.3,1298.6,2024-06-24
bolsa,1306.8,1311.9,2024-06-25
bolsa,1330.2,1333.7,2024-06-26
bolsa,1322.6,1333.3,2024-06-27
bolsa,1338.5,1348.6,2024-06-28
bolsa,1338.5,1348.6,2024-06-29
bolsa,1338.5,1348.6,2024-06-30
bolsa,1402.3,1408.2,2024-07-01
bolsa,1418.7,1431.7,2024-07-02
bolsa,1398.8,1402.5,2024-07-03
bolsa,1390.9,1402.5,2024-07-04
bolsa,1394.6,1397.2,2024-07-05
bolsa,1394.6,1397.2,2024-07-06
bolsa,1394.6,1397.2,2024-07-07
bolsa,1384.0,1390.4,2024-07-08
bolsa,1384.0,1390.4,2024-07-09
bolsa,1370.1,1373.0,2024-07-10
bolsa,1398.4,1399.3,2024-07-11
bolsa,1407.1,1417.7,2024-07-12
bolsa,1407.1,1417.7,2024-07-13
bolsa,1407.1,1417.7,2024-07-14
bolsa,1299.7,1305.3,2024-07-15
bolsa,1273.6,1279.1,2024-07-16
bolsa,1301.9,1302.8,2024-07-17
bolsa,1314.4,1316.1,2024-07-18
bolsa,1325.6,1330.4,2024-07-19
bolsa,1325.6,1330.4,2024-07-20
bolsa,1325.6,1330.4,2024-07-21
bolsa,1324.4,1335.6,2024-07-22
bolsa,1324.3,1325.3,2024-07-23
bolsa,1332.0,1338.1,2024-07-24
bolsa,1322.3,1325.8,2024-07-25
bolsa,1318.0,1329.2,2024-07-26
bolsa,1318.0,1329.2,2024-07-27
bolsa,1318.0,1329.2,2024-07-28
bolsa,1291.7,1296.8,2024-07-29
bolsa,1259.8,1265.2,2024-07-30
bolsa,1286.7,1307.7,2024-07-31
bolsa,1298.9,1304.8,2024-08-01
bolsa,1331.0,1337.1,2024-08-02
bolsa,1331.0,1337.1,2024-08-03
bolsa,1331.0,1337.1,2024-08-04
bolsa,1336.1,1348.1,2024-08-05
bolsa,1332.4,1338.2,2024-08-06
bolsa,1327.4,1329.8,2024-08-07
bolsa,1303.1,1307.7,2024-08-08
bolsa,1298.0,1303.0,2024-08-09
bolsa,1298.0,1303.0,2024-08-10
bolsa,1298.0,1303.0,2024-08-11
bolsa,1285.7,1287.1,2024-08-12
bolsa,1268.1,1270.4,2024-08-13
bolsa,1264.3,1266.4,2024-08-14
bolsa,1265.9,1267.0,2024-08-15
bolsa,1279.0,1281.6,2024-08-16
bolsa,1292.4,1299.1,2024-08-17
bolsa,1292.4,1299.1,2024-08-18
bolsa,1290.6,1292.5,2024-08-19
bolsa,1294.9,1297.0,2024-08-20
bolsa,1291.5,1295.8,2024-08-21
bolsa,1284.6,1287.8,2024-08-22
bolsa,1284.3,1286.6,2024-08-23
bolsa,1284.3,1286.6,2024-08-24
bolsa,1284.3,1286.6,2024-08-25
bolsa,1282.5,1290.2,2024-08-26
bolsa,1285.6,1292.6,2024-08-27
bolsa,1281.0,1284.9,2024-08-28
bolsa,1274.7,1275.9,2024-08-29
bolsa,1279.9,1284.8,2024-08-30
bolsa,1279.9,1284.8,2024-08-31
bolsa,1279.9,1284.8,2024-09-01
bolsa,1283.5,1289.4,2024-09-02
bolsa,1286.1,1292.3,2024-09-03
bolsa,1275.5,1284.3,2024-09-04
bolsa,1250.0,1253.6,2024-09-05
bolsa,1244.0,1246.6,2024-09-06
bolsa,1244.0,1246.6,2024-09-07
bolsa,1244.0,1246.6,2024-09-08
bolsa,1222.9,1226.4,2024-09-09
bolsa,1232.6,1233.6,2024-09-10
bolsa,1231.3,1237.8,2024-09-11
bolsa,1237.3,1239.0,2024-09-12
bolsa,1224.8,1225.9,2024-09-13
bolsa,1224.8,1225.9,2024-09-14
bolsa,1224.8,1225.9,2024-09-15
bolsa,1217.1,1218.8,2024-09-16
bolsa,1213.4,1223.5,2024-09-17
bolsa,1206.4,1209.4,2024-09-18
bolsa,1191.4,1198.3,2024-09-19
bolsa,1196.6,1201.5,2024-09-20
bolsa,1196.6,1201.5,2024-09-21
bolsa,1196.6,1201.5,2024-09-22
bolsa,1203.0,1204.7,2024-09-23
bolsa,1202.0,1203.3,2024-09-24
bolsa,1206.4,1210.3,2024-09-25
bolsa,1205.3,1209.6,2024-09-26
bolsa,1204.1,1209.3,2024-09-27
bolsa,1204.1,1209.3,2024-09-28
bolsa,1204.1,1209.3,2024-09-29
bolsa,1209.2,1213.3,2024-09-30
bolsa,1216.8,1219.1,2024-10-01
bolsa,1206.9,1210.8,2024-10-02
bolsa,1189.4,1192.5,2024-10-03
bolsa,1186.0,1187.3,2024-10-04
bolsa,1186.0,1187.3,2024-10-05
bolsa,1186.0,1187.3,2024-10-06
bolsa,1180.8,1185.4,2024-10-07
bolsa,1169.3,1170.9,2024-10-08
bolsa,1142.7,1143.3,2024-10-09
bolsa,1126.9,1131.2,2024-10-10
bolsa,1126.9,1131.2,2024-10-11
bolsa,1126.9,1131.2,2024-10-12
bolsa,1126.9,1131.2,2024-10-13
bolsa,1138.2,1140.1,2024-10-14
bolsa,1137.7,1140.2,2024-10-15
bolsa,1155.9,1164.9,2024-10-16
bolsa,1157.1,1159.6,2024-10-17
bolsa,1160.6,1161.9,2024-10-18
bolsa,1160.6,1161.9,2024-10-19
bolsa,1160.6,1161.9,2024-10-20
bolsa,1161.4,1164.9,2024-10-21
bolsa,1162.5,1163.7,2024-10-22
bolsa,1163.3,1164.9,2024-10-23
bolsa,1156.4,1159.5,2024-10-24
bolsa,1140.1,1142.5,2024-10-25
bolsa,1140.1,1142.5,2024-10-26
bolsa,1140.1,1142.5,2024-10-27
bolsa,1130.8,1132.2,2024-10-28
bolsa,1133.5,1138.8,2024-10-29
bolsa,1133.9,1135.7,2024-10-30
bolsa,1127.5,1128.7,2024-10-31
bolsa,1143.1,1147.3,2024-11-01
bolsa,1143.1,1147.3,2024-11-02
bolsa,1143.1,1147.3,2024-11-03
bolsa,1146.4,1148.6,2024-11-04
bolsa,1149.0,1150.0,2024-11-05
bolsa,1140.0,1142.1,2024-11-06
bolsa,1135.1,1136.0,2024-11-07
bolsa,1122.5,1130.1,2024-11-08
bolsa,1122.5,1130.1,2024-11-09
bolsa,1122.5,1130.1,2024-11-10
bolsa,1129.3,1130.5,2024-11-11
bolsa,1121.8,1127.2,2024-11-12
bolsa,1116.7,1119.6,2024-11-13
bolsa,1103.0,1103.7,2024-11-14
bolsa,1094.2,1099.3,2024-11-15
bolsa,1094.2,1099.3,2024-11-16
bolsa,1094.2,1099.3,2024-11-17
bolsa,1094.2,1099.3,2024-11-18
bolsa,1073.5,1077.8,2024-11-19
bolsa,1077.8,1080.6,2024-11-20
bolsa,1076.2,1077.6,2024-11-21
bolsa,1076.1,1081.7,2024-11-22
bolsa,1076.1,1081.7,2024-11-23
bolsa,1076.1,1081.7,2024-11-24
bolsa,1076.5,1078.0,2024-11-25
bolsa,1074.8,1078.4,2024-11-26
bolsa,1073.9,1075.6,2024-11-27
bolsa,1074.6,1076.4,2024-11-28
bolsa,1074.8,1075.9,2024-11-29
bolsa,1074.8,1075.9,2024-11-30
bolsa,1074.8,1075.9,2024-12-01
bolsa,1068.1,1069.1,2024-12-02
bolsa,1072.8,1074.7,2024-12-03
bolsa,1074.0,1077.8,2024-12-04
bolsa,1059.1,1061.8,2024-12-05
bolsa,1048.2,1049.9,2024-12-06
bolsa,1048.2,1049.9,2024-12-07
bolsa,1048.2,1049.9,2024-12-08
bolsa,1045.8,1048.5,2024-12-09
bolsa,1057.2,1062.1,2024-12-10
bolsa,1051.8,1056.2,2024-12-11
bolsa,1055.6,1059.0,2024-12-12
bolsa,1070.1,1075.6,2024-12-13
bolsa,1070.1,1075.6,2024-12-14
bolsa,1070.1,1075.6,2024-12-15
bolsa,1097.1,1098.3,2024-12-16
bolsa,1128.3,1134.2,2024-12-17
bolsa,1126.3,1133.1,2024-12-18
bolsa,1131.2,1143.1,2024-12-19
bolsa,1140.4,1149.5,2024-12-20
bolsa,1140.4,1149.5,2024-12-21
bolsa,1140.4,1149.5,2024-12-22
bolsa,1153.2,1155.4,2024-12-23
bolsa,1155.1,1165.6,2024-12-24
bolsa,1155.1,1165.6,2024-12-25
bolsa,1167.2,1175.4,2024-12-26
bolsa,1161.6,1170.9,2024-12-27
bolsa,1161.6,1170.9,2024-12-28
bolsa,1161.6,1170.9,2024-12-29
bolsa,1165.4,1169.5,2024-12-30
bolsa,1165.4,1169.5,2024-12-31
bolsa,1165.4,1169.5,2025-01-01
bolsa,1165.4,1169.5,2025-01-02
bolsa,1163.7,1167.1,2025-01-03
bolsa,1163.7,1167.1,2025-01-04
bolsa,1163.7,1167.1,2025-01-05
bolsa,1165.1,1170.0,2025-01-06
bolsa,1164.6,1172.4,2025-01-07
bolsa,1161.2,1181.9,2025-01-08
bolsa,1163.2,1167.6,2025-01-09
bolsa,1161.8,1166.7,2025-01-10
bolsa,1161.8,1166.7,2025-01-11
bolsa,1161.8,1166.7,2025-01-12
bolsa,1160.3,1162.5,2025-01-13
bolsa,1159.3,1162.7,2025-01-14
bolsa,1161.6,1162.6,2025-01-15
bolsa,1164.0,1167.6,2025-01-16
bolsa,1162.7,1163.8,2025-01-17
bolsa,1162.7,1163.8,2025-01-18
bolsa,1162.7,1163.8,2025-01-19
bolsa,1164.0,1165.9,2025-01-20
bolsa,1164.4,1167.2,2025-01-21
bolsa,1164.8,1168.7,2025-01-22
bolsa,1165.4,1166.4,2025-01-23
bolsa,1153.4,1157.7,2025-01-24
bolsa,1153.4,1157.7,2025-01-25
bolsa,1153.4,1157.7,2025-01-26
bolsa,1158.1,1161.2,2025-01-27
bolsa,1159.2,1162.0,2025-01-28
bolsa,1162.1,1163.4,2025-01-29
bolsa,1164.1,1166.2,2025-01-30
bolsa,1166.1,1168.2,2025-01-31
bolsa,1166.1,1168.2,2025-02-01
bolsa,1166.1,1168.2,2025-02-02
bolsa,1176.5,1177.9,2025-02-03
bolsa,1182.7,1186.2,2025-02-04
bolsa,1190.1,1197.5,2025-02-05
bolsa,1184.4,1187.4,2025-02-06
bolsa,1188.4,1193.4,2025-02-07
bolsa,1188.4,1193.4,2025-02-08
bolsa,1188.4,1193.4,2025-02-09
bolsa,1180.8,1184.5,2025-02-10
bolsa,1180.7,1182.9,2025-02-11
bolsa,1182.5,1186.1,2025-02-12
bolsa,1185.7,1187.4,2025-02-13
bolsa,1182.6,1185.2,2025-02-14
bolsa,1182.6,1185.2,2025-02-15
bolsa,1182.6,1185.2,2025-02-16
bolsa,1207.1,1209.5,2025-02-17
bolsa,1201.3,1204.6,2025-02-18
bolsa,1196.3,1198.8,2025-02-19
bolsa,1196.0,1199.7,2025-02-20
bolsa,1201.2,1205.5,2025-02-21
bolsa,1201.2,1205.5,2025-02-22
bolsa,1201.2,1205.5,2025-02-23
bolsa,1202.7,1203.6,2025-02-24
bolsa,1206.4,1207.3,2025-02-25
bolsa,1210.4,1212.5,2025-02-26
bolsa,1213.5,1215.1,2025-02-27
bolsa,1225.1,1231.3,2025-02-28
bolsa,1225.1,1231.3,2025-03-01
bolsa,1225.1,1231.3,2025-03-02
bolsa,1225.1,1231.3,2025-03-03
bolsa,1225.1,1231.3,2025-03-04
bolsa,1232.1,1236.4,2025-03-05
bolsa,1227.8,1228.9,2025-03-06
bolsa,1218.9,1220.9,2025-03-07
bolsa,1218.9,1220.9,2025-03-08
bolsa,1218.9,1220.9,2025-03-09
bolsa,1222.2,1227.5,2025-03-10
bolsa,1228.3,1229.7,2025-03-11
bolsa,1228.8,1232.3,2025-03-12
bolsa,1232.2,1233.7,2025-03-13
bolsa,1236.2,1239.6,2025-03-14
bolsa,1236.2,1239.6,2025-03-15
bolsa,1236.2,1239.6,2025-03-16
bolsa,1251.3,1252.7,2025-03-17
bolsa,1296.2,1299.0,2025-03-18
bolsa,1283.3,1295.5,2025-03-19
bolsa,1282.2,1286.7,2025-03-20
bolsa,1284.8,1290.7,2025-03-21
bolsa,1284.8,1290.7,2025-03-22
bolsa,1284.8,1290.7,2025-03-23
bolsa,1284.8,1290.7,2025-03-24
bolsa,1292.3,1295.8,2025-03-25
bolsa,1292.3,1295.8,2025-03-26
bolsa,1292.4,1297.3,2025-03-27
bolsa,1300.5,1304.9,2025-03-28
bolsa,1300.5,1304.9,2025-03-29
bolsa,1300.5,1304.9,2025-03-30
bolsa,1312.2,1319.6,2025-03-31
bolsa,1308.5,1310.1,2025-04-01
bolsa,1308.5,1310.1,2025-04-02
bolsa,1314.1,1315.2,2025-04-03
bolsa,1332.6,1337.0,2025-04-04
bolsa,1332.6,1337.0,2025-04-05
bolsa,1332.6,1337.0,2025-04-06
bolsa,1363.4,1365.8,2025-04-07
bolsa,1369.6,1373.4,2025-04-08
bolsa,1364.1,1363.8,2025-04-09
bolsa,1357.5,1359.0,2025-04-10
bolsa,1323.2,1326.8,2025-04-11
bolsa,1323.2,1326.8,2025-04-12
bolsa,1323.2,1326.8,2025-04-13
bolsa,1251.1,1255.3,2025-04-14
bolsa,1251.1,1255.3,2025-04-15
bolsa,1160.8,1175.4,2025-04-16
bolsa,1160.8,1175.4,2025-04-17
bolsa,1160.8,1175.4,2025-04-18
bolsa,1160.8,1175.4,2025-04-19
bolsa,1160.8,1175.4,2025-04-20
bolsa,1119.9,1125.6,2025-04-21
bolsa,1138.8,1155.4,2025-04-22
bolsa,1161.5,1166.5,2025-04-23
bolsa,1183.0,1185.8,2025-04-24
bolsa,1184.5,1186.3,2025-04-25
bolsa,1184.5,1186.3,2025-04-26
bolsa,1184.5,1186.3,2025-04-27
bolsa,1175.6,1178.8,2025-04-28
bolsa,1167.7,1173.9,2025-04-29
bolsa,1177.7,1182.8,2025-04-30
bolsa,1177.7,1182.8,2025-05-01
bolsa,751.67,1363.6,2025-05-02
bolsa,1193.9,1170.4,2025-05-03
bolsa,1193.9,1170.4,2025-05-04
bolsa,1200.0,1205.2,2025-05-05
bolsa,1198.3,1201.8,2025-05-06
bolsa,1152.5,1156.0,2025-05-07
bolsa,1141.0,1147.1,2025-05-08
bolsa,1143.0,1147.5,2025-05-09
bolsa,1143.0,1147.5,2025-05-10
bolsa,1143.0,1147.5,2025-05-11
bolsa,1140.6,1142.2,2025-05-12
bolsa,1139.4,1141.0,2025-05-13
bolsa,1137.9,1139.7,2025-05-14
bolsa,1142.8,1144.9,2025-05-15
bolsa,1152.0,1156.7,2025-05-16
bolsa,1152.0,1156.7,2025-05-17
bolsa,1152.0,1156.7,2025-05-18
bolsa,1148.7,1150.0,2025-05-19
bolsa,1150.2,1154.2,2025-05-20
bolsa,1147.7,1149.4,2025-05-21
bolsa,1140.8,1144.9,2025-05-22
bolsa,1137.9,1144.1,2025-05-23
bolsa,1137.9,1144.1,2025-05-24
bolsa,1137.9,1144.1,2025-05-25
bolsa,1142.6,1145.6,2025-05-26
bolsa,1159.2,1161.3,2025-05-27
bolsa,1160.5,1166.7,2025-05-28
bolsa,1181.8,1183.8,2025-05-29
bolsa,1190.8,1193.5,2025-05-30
bolsa,1190.8,1193.5,2025-05-31
bolsa,1190.8,1193.5,2025-06-01
bolsa,1180.8,1185.3,2025-06-02
bolsa,1188.5,1190.0,2025-06-03
bolsa,1189.4,1193.4,2025-06-04
bolsa,1190.2,1193.6,2025-06-05
bolsa,1189.2,1193.3,2025-06-06
bolsa,1189.2,1193.3,2025-06-07
bolsa,1189.2,1193.3,2025-06-08
bolsa,1190.5,1193.1,2025-06-09
bolsa,1187.8,1191.8,2025-06-10
bolsa,1185.0,1189.0,2025-06-11
bolsa,1185.0,1188.7,2025-06-12
bolsa,1189.6,1192.9,2025-06-13
bolsa,1189.6,1192.9,2025-06-14
bolsa,1189.6,1192.9,2025-06-15
bolsa,1189.6,1192.9,2025-06-16
bolsa,1177.4,1181.3,2025-06-17
bolsa,1164.0,1167.9,2025-06-18
bolsa,1172.4,1173.8,2025-06-19
bolsa,1172.4,1173.8,2025-06-20
bolsa,1172.4,1173.8,2025-06-21
bolsa,1172.4,1173.8,2025-06-22
bolsa,1183.5,1185.4,2025-06-23
bolsa,1182.4,1185.1,2025-06-24
bolsa,1195.0,1202.2,2025-06-25
bolsa,1197.5,1200.3,2025-06-26
bolsa,1194.9,1198.4,2025-06-27
bolsa,1194.9,1198.4,2025-06-28
bolsa,1194.9,1198.4,2025-06-29
bolsa,1206.5,1211.3,2025-06-30
bolsa,1230.9,1233.2,2025-07-01
bolsa,1237.7,1238.6,2025-07-02
bolsa,1235.7,1238.0,2025-07-03
bolsa,1245.6,1247.0,2025-07-04
bolsa,1245.6,1247.0,2025-07-05
bolsa,1245.6,1247.0,2025-07-06
bolsa,1272.7,1276.6,2025-07-07
bolsa,1254.0,1260.1,2025-07-08
bolsa,1254.0,1260.1,2025-07-09
bolsa,1267.3,1270.4,2025-07-10
bolsa,1266.0,1269.0,2025-07-11
bolsa,1266.0,1269.0,2025-07-12
bolsa,1266.0,1269.0,2025-07-13
bolsa,1291.8,1294.9,2025-07-14
bolsa,1274.3,1276.7,2025-07-15
bolsa,1267.2,1272.8,2025-07-16
bolsa,1279.4,1285.1,2025-07-17
bolsa,1289.9,1294.8,2025-07-18
bolsa,1289.9,1294.8,2025-07-19
bolsa,1289.9,1294.8,2025-07-20
bolsa,1280.7,1287.0,2025-07-21
bolsa,1254.4,1260.1,2025-07-22
bolsa,1261.9,1264.5,2025-07-23
bolsa,1267.8,1273.2,2025-07-24
bolsa,1282.9,1290.2,2025-07-25
bolsa,1282.9,1290.2,2025-07-26
bolsa,1282.9,1290.2,2025-07-27
bolsa,1293.5,1296.9,2025-07-28
bolsa,1290.1,1293.4,2025-07-29
bolsa,1318.8,1324.0,2025-07-30
bolsa,1356.7,1363.8,2025-07-31
bolsa,1361.6,1366.2,2025-08-01
bolsa,1361.6,1366.2,2025-08-02
bolsa,1361.6,1366.2,2025-08-03
bolsa,1352.9,1355.2,2025-08-04
bolsa,1342.0,1347.3,2025-08-05
bolsa,1333.6,1337.7,2025-08-06
bolsa,1326.2,1332.0,2025-08-07
bolsa,1328.2,1335.2,2025-08-08
bolsa,1328.2,1335.2,2025-08-09
bolsa,1328.2,1335.2,2025-08-10
bolsa,1321.7,1328.5,2025-08-11
bolsa,1318.6,1325.5,2025-08-12
bolsa,1318.8,1322.6,2025-08-13
bolsa,1303.7,1310.8,2025-08-14
bolsa,1303.7,1310.8,2025-08-15
bolsa,1303.7,1310.8,2025-08-16
bolsa,1303.7,1310.8,2025-08-17
bolsa,1295.5,1303.9,2025-08-18
bolsa,1295.3,1299.9,2025-08-19
bolsa,1304.8,1315.0,2025-08-20
bolsa,1313.2,1322.3,2025-08-21
bolsa,1326.5,1331.2,2025-08-22
bolsa,1326.5,1331.2,2025-08-23
bolsa,1326.5,1331.2,2025-08-24
bolsa,1358.5,1362.0,2025-08-25
bolsa,1351.8,1354.9,2025-08-26
bolsa,1351.3,1355.2,2025-08-27
bolsa,1339.3,1343.4,2025-08-28
bolsa,1344.8,1371.9,2025-08-29
bolsa,1344.8,1371.9,2025-08-30
bolsa,1344.8,1371.9,2025-08-31
bolsa,1374.3,1382.8,2025-09-01
bolsa,1365.8,1371.0,2025-09-02
bolsa,1360.7,1375.9,2025-09-03
bolsa,1376.2,1379.9,2025-09-04
bolsa,1385.4,1388.6,2025-09-05
bolsa,1385.4,1388.6,2025-09-06
bolsa,1385.4,1388.6,2025-09-07
bolsa,1432.8,1436.5,2025-09-08
bolsa,1426.9,1437.1,2025-09-09
bolsa,1423.7,1427.7,2025-09-10
bolsa,1435.4,1447.2,2025-09-11
bolsa,1460.7,1476.0,2025-09-12
bolsa,1460.7,1476.0,2025-09-13
bolsa,1460.7,1476.0,2025-09-14
bolsa,1481.4,1491.6,2025-09-15
bolsa,1466.8,1472.6,2025-09-16
bolsa,1476.5,1497.3,2025-09-17
bolsa,1541.6,1572.7,2025-09-18
bolsa,1523.4,1580.5,2025-09-19
bolsa,1523.4,1580.5,2025-09-20
bolsa,1523.4,1580.5,2025-09-21
bolsa,1422.1,1431.6,2025-09-22
bolsa,1401.4,1408.4,2025-09-23
bolsa,1363.3,1384.0,2025-09-24
bolsa,1374.5,1381.7,2025-09-25
bolsa,1425.6,1440.2,2025-09-26
bolsa,1425.6,1440.2,2025-09-27
bolsa,1425.6,1440.2,2025-09-28
bolsa,1449.6,1452.9,2025-09-29
bolsa,1494.0,1503.2,2025-09-30
bolsa,1518.6,1530.5,2025-10-01
bolsa,1499.5,1507.8,2025-10-02
bolsa,1497.4,1510.6,2025-10-03
bolsa,1497.4,1510.6,2025-10-04
bolsa,1497.4,1510.6,2025-10-05
bolsa,1490.7,1507.9,2025-10-06
bolsa,1522.8,1541.0,2025-10-07
bolsa,1525.1,1532.5,2025-10-08
bolsa,1436.5,1458.0,2025-10-09
bolsa,1436.5,1458.0,2025-10-10
bolsa,1436.5,1458.0,2025-10-11
bolsa,1436.5,1458.0,2025-10-12
bolsa,1407.8,1416.8,2025-10-13
bolsa,1440.3,1474.1,2025-10-14
bolsa,1431.3,1441.0,2025-10-15
bolsa,1470.7,1478.0,2025-10-16
bolsa,1518.4,1542.1,2025-10-17
bolsa,1518.4,1542.1,2025-10-18
bolsa,1518.4,1542.1,2025-10-19
bolsa,1543.9,1559.4,2025-10-20
bolsa,1586.8,1600.0,2025-10-21
bolsa,1580.2,1598.3,2025-10-22
bolsa,1537.1,1551.0,2025-10-23
bolsa,1531.6,1555.2,2025-10-24
bolsa,1531.6,1555.2,2025-10-25
bolsa,1531.6,1555.2,2025-10-26
bolsa,1436.1,1449.3,2025-10-27
bolsa,1474.6,1485.7,2025-10-28
bolsa,1466.6,1472.0,2025-10-29
bolsa,1465.9,1474.7,2025-10-30
bolsa,1484.1,1495.2,2025-10-31
bolsa,1484.1,1495.2,2025-11-01
bolsa,1484.1,1495.2,2025-11-02
bolsa,1485.0,1501.7,2025-11-03
bolsa,1484.4,1496.5,2025-11-04
bolsa,1477.4,1481.0,2025-11-05
bolsa,1478.3,1481.7,2025-11-06
bolsa,1449.9,1458.0,2025-11-07
bolsa,1449.9,1458.0,2025-11-08
bolsa,1449.9,1458.0,2025-11-09
bolsa,1455.9,1459.9,2025-11-10
bolsa,1453.5,1457.3,2025-11-11
bolsa,1448.3,1454.7,2025-11-12
bolsa,1454.6,1459.9,2025-11-13
bolsa,1450.5,1456.1,2025-11-14
bolsa,1450.5,1456.1,2025-11-15
bolsa,1450.5,1456.1,2025-11-16
bolsa,1445.2,1449.5,2025-11-17
bolsa,1438.4,1443.6,2025-11-18
bolsa,1438.9,1446.1,2025-11-19
bolsa,1446.7,1456.7,2025-11-20
bolsa,1454.6,1473.8,2025-11-21
bolsa,1454.6,1473.8,2025-11-22
bolsa,1454.6,1473.8,2025-11-23
bolsa,1454.6,1473.8,2025-11-24
bolsa,1478.3,1484.7,2025-11-25
bolsa,1487.3,1490.9,2025-11-26
bolsa,1480.4,1484.3,2025-11-27
bolsa,1473.7,1482.9,2025-11-28
bolsa,1473.7,1482.9,2025-11-29
bolsa,1473.7,1482.9,2025-11-30
bolsa,1472.7,1479.0,2025-12-01
bolsa,1478.3,1481.3,2025-12-02
bolsa,1466.4,1471.4,2025-12-03
bolsa,1468.2,1473.4,2025-12-04
bolsa,1475.9,1479.6,2025-12-05
bolsa,1475.9,1479.6,2025-12-06
bolsa,1475.9,1479.6,2025-12-07
bolsa,1475.9,1479.6,2025-12-08
bolsa,1467.0,1472.7,2025-12-09
bolsa,1470.1,1475.0,2025-12-10
bolsa,1475.1,1480.8,2025-12-11
bolsa,1475.9,1480.2,2025-12-12
bolsa,1475.9,1480.2,2025-12-13
bolsa,1475.9,1480.2,2025-12-14
bolsa,1489.0,1496.4,2025-12-15
bolsa,1499.5,1501.5,2025-12-16
bolsa,1499.5,1501.5,2025-12-17
bolsa,1499.5,1501.5,2025-12-18
bolsa,1499.5,1501.5,2025-12-19
bolsa,1499.5,1501.5,2025-12-20
bolsa,1499.5,1501.5,2025-12-21
bolsa,1499.5,1501.5,2025-12-22
bolsa,1499.5,1501.5,2025-12-23
bolsa,1499.5,1501.5,2025-12-24
bolsa,1499.5,1501.5,2025-12-25
bolsa,1499.5,1501.5,2025-12-26
bolsa,1499.5,1501.5,2025-12-27
bolsa,1499.5,1501.5,2025-12-28
bolsa,1499.5,1501.5,2025-12-29
bolsa,1499.5,1501.5,2025-12-30
bolsa,1499.5,1501.5,2025-12-31
bolsa,1481.4,1485.9,2026-01-01
bolsa,1498.8,1507.8,2026-01-02
bolsa,1498.8,1507.8,2026-01-03
bolsa,1498.8,1507.8,2026-01-04
bolsa,1499.3,1501.8,2026-01-05
bolsa,1495.4,1500.1,2026-01-06
bolsa,1494.2,1498.7,2026-01-07
bolsa,1493.0,1496.6,2026-01-08
bolsa,1488.0,1493.5,2026-01-09
bolsa,1488.0,1493.5,2026-01-10
bolsa,1488.0,1493.5,2026-01-11
bolsa,1484.4,1491.0,2026-01-12
bolsa,1485.1,1490.6,2026-01-13
bolsa,1477.1,1482.7,2026-01-14
bolsa,1471.5,1474.7,2026-01-15
bolsa,1469.0,1476.1,2026-01-16
bolsa,1469.0,1476.1,2026-01-17
bolsa,1469.0,1476.1,2026-01-18
bolsa,1464.8,1471.3,2026-01-19
bolsa,1470.3,1472.9,2026-01-20
bolsa,1456.3,1466.9,2026-01-21
bolsa,1456.6,1460.7,2026-01-22
bolsa,1466.2,1471.9,2026-01-23
bolsa,1466.2,1471.9,2026-01-24
bolsa,1466.2,1471.9,2026-01-25
bolsa,1467.9,1470.9,2026-01-26
bolsa,1461.6,1465.8,2026-01-27
bolsa,1461.7,1465.7,2026-01-28
bolsa,1458.0,1460.9,2026-01-29
bolsa,1460.4,1464.6,2026-01-30
bolsa,1460.4,1464.6,2026-01-31
bolsa,1460.4,1464.6,2026-02-01
bolsa,1450.2,1464.9,2026-02-03
bolsa,1455.2,1459.7,2026-02-04
bolsa,1461.7,1466.1,2026-02-05
bolsa,1445.3,1448.7,2026-02-06
bolsa,1445.3,1448.7,2026-02-07
bolsa,1445.3,1448.7,2026-02-08
bolsa,1435.6,1440.6,2026-02-09
bolsa,1426.2,1439.1,2026-02-10
bolsa,1426.4,1433.3,2026-02-11
bolsa,1413.2,1421.3,2026-02-12
bolsa,1421.6,1426.0,2026-02-13
bolsa,1421.6,1426.0,2026-02-14
bolsa,1421.6,1426.0,2026-02-15
bolsa,1421.6,1426.0,2026-02-16
bolsa,1421.6,1426.0,2026-02-17
bolsa,1408.8,1414.0,2026-02-18
bolsa,1407.9,1410.8,2026-02-19
bolsa,1397.3,1404.3,2026-02-20
bolsa,1397.3,1404.3,2026-02-21
bolsa,1397.3,1404.3,2026-02-22
bolsa,1390.7,1396.5,2026-02-23
bolsa,1402.5,1406.6,2026-02-24
bolsa,1422.8,1428.7,2026-02-25
bolsa,1432.4,1437.3,2026-02-26
bolsa,1406.3,1427.4,2026-02-27
bolsa,1406.3,1427.4,2026-02-28
bolsa,1406.3,1427.4,2026-03-01
bolsa,1414.6,1420.6,2026-03-02
bolsa,1432.2,1439.9,2026-03-03
bolsa,1423.5,1429.9,2026-03-04
bolsa,1430.0,1437.1,2026-03-05
bolsa,1435.5,1439.5,2026-03-06
bolsa,1435.5,1439.5,2026-03-07
bolsa,1435.5,1439.5,2026-03-08
bolsa,1428.3,1432.2,2026-03-09
bolsa,1419.7,1422.8,2026-03-10
bolsa,1409.5,1414.7,2026-03-11
bolsa,1403.4,1424.2,2026-03-12
bolsa,1416.4,1427.2,2026-03-13
bolsa,1416.4,1427.2,2026-03-14
bolsa,1416.4,1427.2,2026-03-15
bolsa,1417.2,1426.4,2026-03-16
bolsa,1418.0,1421.9,2026-03-17
bolsa,1419.7,1427.1,2026-03-18
bolsa,1413.6,1423.1,2026-03-19
bolsa,1418.2,1428.3,2026-03-20
bolsa,1418.2,1428.3,2026-03-21
bolsa,1418.2,1428.3,2026-03-22
bolsa,1405.5,1420.9,2026-03-23
bolsa,1405.5,1420.9,2026-03-24
bolsa,1401.4,1410.1,2026-03-25
bolsa,1396.1,1401.9,2026-03-26
bolsa,1422.4,1431.1,2026-03-27
bolsa,1422.4,1431.1,2026-03-28
bolsa,1422.4,1431.1,2026-03-29
bolsa,1432.3,1436.5,2026-03-30
bolsa,1421.3,1430.8,2026-03-31
bolsa,1432.3,1436.3,2026-04-01
bolsa,1432.3,1436.3,2026-04-02
bolsa,1432.3,1436.3,2026-04-03
bolsa,1432.3,1436.3,2026-04-04
bolsa,1432.3,1436.3,2026-04-05
bolsa,1425.6,1430.6,2026-04-06
bolsa,1430.3,1433.8,2026-04-07
bolsa,1421.5,1427.9,2026-04-08
bolsa,1420.6,1425.6,2026-04-09
bolsa,1408.1,1415.2,2026-04-10
bolsa,1408.1,1415.2,2026-04-11
bolsa,1408.1,1415.2,2026-04-12
bolsa,1398.2,1409.7,2026-04-13
bolsa,1409.3,1414.9,2026-04-14
bolsa,1393.5,1399.1,2026-04-15
bolsa,1402.7,1405.6,2026-04-16
bolsa,1408.2,1415.5,2026-04-17
bolsa,1408.2,1415.5,2026-04-18
bolsa,1408.2,1415.5,2026-04-19
bolsa,1414.5,1419.0,2026-04-20
bolsa,1413.0,1416.8,2026-04-21
bolsa,1416.9,1420.6,2026-04-22
bolsa,1421.0,1429.3,2026-04-23
bolsa,1437.0,1441.4,2026-04-24
bolsa,1437.0,1441.4,2026-04-25
bolsa,1437.0,1441.4,2026-04-26
bolsa,1454.1,1463.7,2026-04-27
bolsa,1443.7,1446.8,2026-04-28
contadoconliqui,202.13,202.13,2022-01-01
contadoconliqui,202.13,202.13,2022-01-02
contadoconliqui,208.08,208.08,2022-01-03
contadoconliqui,205.24,205.24,2022-01-04
contadoconliqui,208.6,208.6,2022-01-05
contadoconliqui,216.2,216.2,2022-01-06
contadoconliqui,214.26,214.26,2022-01-07
contadoconliqui,214.26,214.26,2022-01-08
contadoconliqui,214.26,214.26,2022-01-09
contadoconliqui,213.97,213.97,2022-01-10
contadoconliqui,211.53,211.53,2022-01-11
contadoconliqui,211.22,211.22,2022-01-12
contadoconliqui,207.71,207.71,2022-01-13
contadoconliqui,206.04,206.04,2022-01-14
contadoconliqui,206.04,206.04,2022-01-15
contadoconliqui,206.04,206.04,2022-01-16
contadoconliqui,207.08,207.08,2022-01-17
contadoconliqui,205.94,205.94,2022-01-18
contadoconliqui,216.39,216.39,2022-01-19
contadoconliqui,217.86,217.86,2022-01-20
contadoconliqui,218.82,218.82,2022-01-21
contadoconliqui,218.82,218.82,2022-01-22
contadoconliqui,218.82,218.82,2022-01-23
contadoconliqui,217.68,217.68,2022-01-24
contadoconliqui,221.74,221.74,2022-01-25
contadoconliqui,229.12,229.12,2022-01-26
contadoconliqui,231.17,231.17,2022-01-27
contadoconliqui,240.0,240.0,2022-01-28
contadoconliqui,240.0,240.0,2022-01-29
contadoconliqui,240.0,240.0,2022-01-30
contadoconliqui,244.61,244.61,2022-01-31
contadoconliqui,222.21,222.21,2022-02-01
contadoconliqui,218.94,218.94,2022-02-02
contadoconliqui,220.21,220.21,2022-02-03
contadoconliqui,220.24,220.24,2022-02-04
contadoconliqui,220.24,220.24,2022-02-05
contadoconliqui,220.24,220.24,2022-02-06
contadoconliqui,218.73,218.73,2022-02-07
contadoconliqui,215.87,215.87,2022-02-08
contadoconliqui,212.87,212.87,2022-02-09
contadoconliqui,214.35,214.35,2022-02-10
contadoconliqui,216.21,216.21,2022-02-11
contadoconliqui,216.21,216.21,2022-02-12
contadoconliqui,216.21,216.21,2022-02-13
contadoconliqui,214.43,214.43,2022-02-14
contadoconliqui,212.61,212.61,2022-02-15
contadoconliqui,211.39,211.39,2022-02-16
contadoconliqui,209.92,209.92,2022-02-17
contadoconliqui,206.74,206.74,2022-02-18
contadoconliqui,206.74,206.74,2022-02-19
contadoconliqui,206.74,206.74,2022-02-20
contadoconliqui,207.35,207.35,2022-02-21
contadoconliqui,201.63,201.63,2022-02-22
contadoconliqui,202.99,202.99,2022-02-23
contadoconliqui,203.38,203.38,2022-02-24
contadoconliqui,200.47,200.47,2022-02-25
contadoconliqui,200.47,200.47,2022-02-26
contadoconliqui,200.47,200.47,2022-02-27
contadoconliqui,200.47,200.47,2022-02-28
contadoconliqui,200.47,200.47,2022-03-01
contadoconliqui,202.23,202.23,2022-03-02
contadoconliqui,201.42,201.42,2022-03-03
contadoconliqui,201.14,201.14,2022-03-04
contadoconliqui,201.14,201.14,2022-03-05
contadoconliqui,201.14,201.14,2022-03-06
contadoconliqui,200.1,200.1,2022-03-07
contadoconliqui,198.67,198.67,2022-03-08
contadoconliqui,193.74,193.74,2022-03-09
contadoconliqui,192.25,192.25,2022-03-10
contadoconliqui,190.0,190.0,2022-03-11
contadoconliqui,190.0,190.0,2022-03-12
contadoconliqui,190.0,190.0,2022-03-13
contadoconliqui,188.38,188.38,2022-03-14
contadoconliqui,189.1,189.1,2022-03-15
contadoconliqui,194.59,194.59,2022-03-16
contadoconliqui,195.74,195.74,2022-03-17
contadoconliqui,195.47,195.47,2022-03-18
contadoconliqui,195.47,195.47,2022-03-19
contadoconliqui,195.47,195.47,2022-03-20
contadoconliqui,197.9,197.9,2022-03-21
contadoconliqui,200.62,200.62,2022-03-22
contadoconliqui,201.1,201.1,2022-03-23
contadoconliqui,201.1,201.1,2022-03-24
contadoconliqui,200.5,200.5,2022-03-25
contadoconliqui,200.5,200.5,2022-03-26
contadoconliqui,200.5,200.5,2022-03-27
contadoconliqui,197.16,197.16,2022-03-28
contadoconliqui,191.99,191.99,2022-03-29
contadoconliqui,193.04,193.04,2022-03-30
contadoconliqui,190.28,190.28,2022-03-31
contadoconliqui,189.52,189.52,2022-04-01
contadoconliqui,189.52,189.52,2022-04-02
contadoconliqui,189.52,189.52,2022-04-03
contadoconliqui,190.49,190.49,2022-04-04
contadoconliqui,190.0,190.0,2022-04-05
contadoconliqui,189.58,189.58,2022-04-06
contadoconliqui,191.01,191.01,2022-04-07
contadoconliqui,190.06,190.06,2022-04-08
contadoconliqui,190.06,190.06,2022-04-09
contadoconliqui,190.06,190.06,2022-04-10
contadoconliqui,190.97,190.97,2022-04-11
contadoconliqui,190.8,190.8,2022-04-12
contadoconliqui,190.53,190.53,2022-04-13
contadoconliqui,190.53,190.53,2022-04-14
contadoconliqui,190.53,190.53,2022-04-15
contadoconliqui,190.53,190.53,2022-04-16
contadoconliqui,190.53,190.53,2022-04-17
contadoconliqui,188.74,188.74,2022-04-18
contadoconliqui,191.12,191.12,2022-04-19
contadoconliqui,194.66,194.66,2022-04-20
contadoconliqui,203.73,203.73,2022-04-21
contadoconliqui,208.79,208.79,2022-04-22
contadoconliqui,208.79,208.79,2022-04-23
contadoconliqui,208.79,208.79,2022-04-24
contadoconliqui,209.56,209.56,2022-04-25
contadoconliqui,214.11,214.11,2022-04-26
contadoconliqui,210.72,210.72,2022-04-27
contadoconliqui,205.45,205.45,2022-04-28
contadoconliqui,206.96,206.96,2022-04-29
contadoconliqui,206.96,206.96,2022-04-30
contadoconliqui,206.96,206.96,2022-05-01
contadoconliqui,210.72,210.72,2022-05-02
contadoconliqui,208.6,208.6,2022-05-03
contadoconliqui,204.89,204.89,2022-05-04
contadoconliqui,206.61,206.61,2022-05-05
contadoconliqui,208.16,208.16,2022-05-06
contadoconliqui,208.16,208.16,2022-05-07
contadoconliqui,208.16,208.16,2022-05-08
contadoconliqui,208.01,208.01,2022-05-09
contadoconliqui,209.08,209.08,2022-05-10
contadoconliqui,207.88,207.88,2022-05-11
contadoconliqui,209.13,209.13,2022-05-12
contadoconliqui,213.18,213.18,2022-05-13
contadoconliqui,213.18,213.18,2022-05-14
contadoconliqui,213.18,213.18,2022-05-15
contadoconliqui,213.13,213.13,2022-05-16
contadoconliqui,211.45,211.45,2022-05-17
contadoconliqui,211.45,211.45,2022-05-18
contadoconliqui,210.48,210.48,2022-05-19
contadoconliqui,211.58,211.58,2022-05-20
contadoconliqui,211.58,211.58,2022-05-21
contadoconliqui,211.58,211.58,2022-05-22
contadoconliqui,211.32,211.32,2022-05-23
contadoconliqui,212.54,212.54,2022-05-24
contadoconliqui,212.54,212.54,2022-05-25
contadoconliqui,213.61,213.61,2022-05-26
contadoconliqui,210.7,210.7,2022-05-27
contadoconliqui,210.7,210.7,2022-05-28
contadoconliqui,210.7,210.7,2022-05-29
contadoconliqui,211.77,211.77,2022-05-30
contadoconliqui,210.51,210.51,2022-05-31
contadoconliqui,210.81,210.81,2022-06-01
contadoconliqui,209.53,209.53,2022-06-02
contadoconliqui,209.64,209.64,2022-06-03
contadoconliqui,209.64,209.64,2022-06-04
contadoconliqui,209.64,209.64,2022-06-05
contadoconliqui,210.1,210.1,2022-06-06
contadoconliqui,210.17,210.17,2022-06-07
contadoconliqui,210.31,210.31,2022-06-08
contadoconliqui,219.86,219.86,2022-06-09
contadoconliqui,227.61,227.61,2022-06-10
contadoconliqui,227.61,227.61,2022-06-11
contadoconliqui,227.61,227.61,2022-06-12
contadoconliqui,237.74,237.74,2022-06-13
contadoconliqui,239.11,239.11,2022-06-14
contadoconliqui,238.32,238.32,2022-06-15
contadoconliqui,242.24,242.24,2022-06-16
contadoconliqui,242.24,242.24,2022-06-17
contadoconliqui,242.24,242.24,2022-06-18
contadoconliqui,242.24,242.24,2022-06-19
contadoconliqui,242.24,242.24,2022-06-20
contadoconliqui,240.57,240.57,2022-06-21
contadoconliqui,235.33,235.33,2022-06-22
contadoconliqui,237.32,237.32,2022-06-23
contadoconliqui,237.17,237.17,2022-06-24
contadoconliqui,237.17,237.17,2022-06-25
contadoconliqui,237.17,237.17,2022-06-26
contadoconliqui,244.39,244.39,2022-06-27
contadoconliqui,250.0,250.0,2022-06-28
contadoconliqui,251.03,251.03,2022-06-29
contadoconliqui,252.71,252.71,2022-06-30
contadoconliqui,252.22,252.22,2022-07-01
contadoconliqui,252.22,252.22,2022-07-02
contadoconliqui,252.22,252.22,2022-07-03
contadoconliqui,281.18,281.18,2022-07-04
contadoconliqui,274.16,274.16,2022-07-05
contadoconliqui,278.17,278.17,2022-07-06
contadoconliqui,296.29,296.29,2022-07-07
contadoconliqui,300.89,300.89,2022-07-08
contadoconliqui,300.89,300.89,2022-07-09
contadoconliqui,300.89,300.89,2022-07-10
contadoconliqui,297.49,297.49,2022-07-11
contadoconliqui,291.88,291.88,2022-07-12
contadoconliqui,290.15,290.15,2022-07-13
contadoconliqui,294.93,294.93,2022-07-14
contadoconliqui,301.49,301.49,2022-07-15
contadoconliqui,301.49,301.49,2022-07-16
contadoconliqui,301.49,301.49,2022-07-17
contadoconliqui,303.92,303.92,2022-07-18
contadoconliqui,303.8,303.8,2022-07-19
contadoconliqui,308.75,308.75,2022-07-20
contadoconliqui,329.82,329.82,2022-07-21
contadoconliqui,326.47,326.47,2022-07-22
contadoconliqui,326.47,326.47,2022-07-23
contadoconliqui,326.47,326.47,2022-07-24
contadoconliqui,325.99,325.99,2022-07-25
contadoconliqui,328.14,328.14,2022-07-26
contadoconliqui,339.4,339.4,2022-07-27
contadoconliqui,321.9,321.9,2022-07-28
contadoconliqui,288.28,288.28,2022-07-29
contadoconliqui,288.28,288.28,2022-07-30
contadoconliqui,288.28,288.28,2022-07-31
contadoconliqui,279.64,279.64,2022-08-01
contadoconliqui,285.12,285.12,2022-08-02
contadoconliqui,287.55,287.55,2022-08-03
contadoconliqui,289.6,289.6,2022-08-04
contadoconliqui,284.58,284.58,2022-08-05
contadoconliqui,284.58,284.58,2022-08-06
contadoconliqui,284.58,284.58,2022-08-07
contadoconliqui,283.76,283.76,2022-08-08
contadoconliqui,287.66,287.66,2022-08-09
contadoconliqui,289.78,289.78,2022-08-10
contadoconliqui,286.28,286.28,2022-08-11
contadoconliqui,285.53,285.53,2022-08-12
contadoconliqui,285.53,285.53,2022-08-13
contadoconliqui,285.53,285.53,2022-08-14
contadoconliqui,285.53,285.53,2022-08-15
contadoconliqui,278.06,278.06,2022-08-16
contadoconliqui,284.13,284.13,2022-08-17
contadoconliqui,293.97,293.97,2022-08-18
contadoconliqui,300.35,300.35,2022-08-19
contadoconliqui,300.35,300.35,2022-08-20
contadoconliqui,300.35,300.35,2022-08-21
contadoconliqui,300.35,300.35,2022-08-22
contadoconliqui,299.0,299.0,2022-08-23
contadoconliqui,293.48,293.48,2022-08-24
contadoconliqui,295.96,295.96,2022-08-25
contadoconliqui,292.53,292.53,2022-08-26
contadoconliqui,292.53,292.53,2022-08-27
contadoconliqui,292.53,292.53,2022-08-28
contadoconliqui,290.0,290.0,2022-08-29
contadoconliqui,298.03,298.03,2022-08-30
contadoconliqui,292.83,292.83,2022-08-31
contadoconliqui,288.74,288.74,2022-09-01
contadoconliqui,288.74,288.74,2022-09-02
contadoconliqui,288.74,288.74,2022-09-03
contadoconliqui,288.74,288.74,2022-09-04
contadoconliqui,282.91,282.91,2022-09-05
contadoconliqui,283.39,283.39,2022-09-06
contadoconliqui,280.82,280.82,2022-09-07
contadoconliqui,282.89,282.89,2022-09-08
contadoconliqui,280.88,280.88,2022-09-09
contadoconliqui,280.88,280.88,2022-09-10
contadoconliqui,280.88,280.88,2022-09-11
contadoconliqui,279.9,279.9,2022-09-12
contadoconliqui,279.46,279.46,2022-09-13
contadoconliqui,284.25,284.25,2022-09-14
contadoconliqui,295.37,295.37,2022-09-15
contadoconliqui,301.15,301.15,2022-09-16
contadoconliqui,301.15,301.15,2022-09-17
contadoconliqui,301.15,301.15,2022-09-18
contadoconliqui,303.33,303.33,2022-09-19
contadoconliqui,302.89,302.89,2022-09-20
contadoconliqui,305.9,305.9,2022-09-21
contadoconliqui,312.16,312.16,2022-09-22
contadoconliqui,312.23,312.23,2022-09-23
contadoconliqui,312.23,312.23,2022-09-24
contadoconliqui,312.23,312.23,2022-09-25
contadoconliqui,306.86,306.86,2022-09-26
contadoconliqui,305.54,305.54,2022-09-27
contadoconliqui,307.62,307.62,2022-09-28
contadoconliqui,304.29,304.29,2022-09-29
contadoconliqui,308.96,308.96,2022-09-30
contadoconliqui,308.96,308.96,2022-10-01
contadoconliqui,308.96,308.96,2022-10-02
contadoconliqui,306.98,306.98,2022-10-03
contadoconliqui,308.2,308.2,2022-10-04
contadoconliqui,309.67,309.67,2022-10-05
contadoconliqui,307.12,307.12,2022-10-06
contadoconliqui,307.12,307.12,2022-10-07
contadoconliqui,307.12,307.12,2022-10-08
contadoconliqui,307.12,307.12,2022-10-09
contadoconliqui,307.12,307.12,2022-10-10
contadoconliqui,304.0,304.0,2022-10-11
contadoconliqui,305.9,305.9,2022-10-12
contadoconliqui,313.72,313.72,2022-10-13
contadoconliqui,312.89,312.89,2022-10-14
contadoconliqui,312.89,312.89,2022-10-15
contadoconliqui,312.89,312.89,2022-10-16
contadoconliqui,307.95,307.95,2022-10-17
contadoconliqui,304.07,304.07,2022-10-18
contadoconliqui,302.97,302.97,2022-10-19
contadoconliqui,304.01,304.01,2022-10-20
contadoconliqui,303.64,303.64,2022-10-21
contadoconliqui,303.64,303.64,2022-10-22
contadoconliqui,303.64,303.64,2022-10-23
contadoconliqui,303.96,303.96,2022-10-24
contadoconliqui,305.82,305.82,2022-10-25
contadoconliqui,305.93,305.93,2022-10-26
contadoconliqui,307.48,307.48,2022-10-27
contadoconliqui,305.8,305.8,2022-10-28
contadoconliqui,305.8,305.8,2022-10-29
contadoconliqui,305.8,305.8,2022-10-30
contadoconliqui,307.42,307.42,2022-10-31
contadoconliqui,303.67,303.67,2022-11-01
contadoconliqui,303.38,303.38,2022-11-02
contadoconliqui,304.93,304.93,2022-11-03
contadoconliqui,304.55,304.55,2022-11-04
contadoconliqui,304.55,304.55,2022-11-05
contadoconliqui,304.55,304.55,2022-11-06
contadoconliqui,303.47,303.47,2022-11-07
contadoconliqui,301.24,301.24,2022-11-08
contadoconliqui,307.98,307.98,2022-11-09
contadoconliqui,308.69,308.69,2022-11-10
contadoconliqui,309.77,309.77,2022-11-11
contadoconliqui,309.77,309.77,2022-11-12
contadoconliqui,309.77,309.77,2022-11-13
contadoconliqui,310.45,310.45,2022-11-14
contadoconliqui,319.12,319.12,2022-11-15
contadoconliqui,324.62,324.62,2022-11-16
contadoconliqui,334.79,334.79,2022-11-17
contadoconliqui,332.24,332.24,2022-11-18
contadoconliqui,332.24,332.24,2022-11-19
contadoconliqui,332.24,332.24,2022-11-20
contadoconliqui,332.24,332.24,2022-11-21
contadoconliqui,330.95,330.95,2022-11-22
contadoconliqui,325.72,325.72,2022-11-23
contadoconliqui,322.61,322.61,2022-11-24
contadoconliqui,323.02,323.02,2022-11-25
contadoconliqui,323.02,323.02,2022-11-26
contadoconliqui,323.02,323.02,2022-11-27
contadoconliqui,322.49,322.49,2022-11-28
contadoconliqui,322.74,322.74,2022-11-29
contadoconliqui,322.75,322.75,2022-11-30
contadoconliqui,323.72,323.72,2022-12-01
contadoconliqui,327.0,327.0,2022-12-02
contadoconliqui,327.0,327.0,2022-12-03
contadoconliqui,327.0,327.0,2022-12-04
contadoconliqui,330.47,330.47,2022-12-05
contadoconliqui,340.4,340.4,2022-12-06
contadoconliqui,338.09,338.09,2022-12-07
contadoconliqui,338.09,338.09,2022-12-08
contadoconliqui,338.09,338.09,2022-12-09
contadoconliqui,338.09,338.09,2022-12-10
contadoconliqui,338.09,338.09,2022-12-11
contadoconliqui,332.38,332.38,2022-12-12
contadoconliqui,333.68,333.68,2022-12-13
contadoconliqui,330.13,330.13,2022-12-14
contadoconliqui,332.67,332.67,2022-12-15
contadoconliqui,332.31,332.31,2022-12-16
contadoconliqui,332.31,332.31,2022-12-17
contadoconliqui,332.31,332.31,2022-12-18
contadoconliqui,332.43,332.43,2022-12-19
contadoconliqui,331.58,331.58,2022-12-20
contadoconliqui,332.95,332.95,2022-12-21
contadoconliqui,333.48,333.48,2022-12-22
contadoconliqui,333.16,333.16,2022-12-23
contadoconliqui,333.16,333.16,2022-12-24
contadoconliqui,333.16,333.16,2022-12-25
contadoconliqui,334.85,334.85,2022-12-26
contadoconliqui,337.49,337.49,2022-12-27
contadoconliqui,346.15,346.15,2022-12-28
contadoconliqui,340.5,340.5,2022-12-29
contadoconliqui,344.13,344.13,2022-12-30
contadoconliqui,344.13,344.13,2022-12-31
contadoconliqui,344.13,344.13,2023-01-01
contadoconliqui,344.88,344.88,2023-01-02
contadoconliqui,344.44,344.44,2023-01-03
contadoconliqui,339.48,339.48,2023-01-04
contadoconliqui,342.16,342.16,2023-01-05
contadoconliqui,338.92,338.92,2023-01-06
contadoconliqui,338.92,338.92,2023-01-07
contadoconliqui,338.92,338.92,2023-01-08
contadoconliqui,333.97,333.97,2023-01-09
contadoconliqui,331.97,331.97,2023-01-10
contadoconliqui,336.96,336.96,2023-01-11
contadoconliqui,343.57,343.57,2023-01-12
contadoconliqui,349.26,349.26,2023-01-13
contadoconliqui,349.26,349.26,2023-01-14
contadoconliqui,349.26,349.26,2023-01-15
contadoconliqui,356.38,356.38,2023-01-16
contadoconliqui,362.19,362.19,2023-01-17
contadoconliqui,351.82,351.82,2023-01-18
contadoconliqui,355.41,355.41,2023-01-19
contadoconliqui,360.98,360.98,2023-01-20
contadoconliqui,360.98,360.98,2023-01-21
contadoconliqui,360.98,360.98,2023-01-22
contadoconliqui,363.19,363.19,2023-01-23
contadoconliqui,360.03,360.03,2023-01-24
contadoconliqui,365.99,365.99,2023-01-25
contadoconliqui,369.39,369.39,2023-01-26
contadoconliqui,370.39,370.39,2023-01-27
contadoconliqui,370.39,370.39,2023-01-28
contadoconliqui,370.39,370.39,2023-01-29
contadoconliqui,369.52,369.52,2023-01-30
contadoconliqui,367.42,367.42,2023-01-31
contadoconliqui,367.07,367.07,2023-02-01
contadoconliqui,366.83,366.83,2023-02-02
contadoconliqui,362.95,362.95,2023-02-03
contadoconliqui,362.95,362.95,2023-02-04
contadoconliqui,362.95,362.95,2023-02-05
contadoconliqui,365.71,365.71,2023-02-06
contadoconliqui,366.16,366.16,2023-02-07
contadoconliqui,366.13,366.13,2023-02-08
contadoconliqui,371.6,371.6,2023-02-09
contadoconliqui,371.23,371.23,2023-02-10
contadoconliqui,371.23,371.23,2023-02-11
contadoconliqui,371.23,371.23,2023-02-12
contadoconliqui,370.87,370.87,2023-02-13
contadoconliqui,369.82,369.82,2023-02-14
contadoconliqui,368.52,368.52,2023-02-15
contadoconliqui,370.02,370.02,2023-02-16
contadoconliqui,369.8,369.8,2023-02-17
contadoconliqui,369.8,369.8,2023-02-18
contadoconliqui,369.8,369.8,2023-02-19
contadoconliqui,369.8,369.8,2023-02-20
contadoconliqui,369.8,369.8,2023-02-21
contadoconliqui,368.46,368.46,2023-02-22
contadoconliqui,367.03,367.03,2023-02-23
contadoconliqui,367.02,367.02,2023-02-24
contadoconliqui,367.02,367.02,2023-02-25
contadoconliqui,367.02,367.02,2023-02-26
contadoconliqui,364.93,364.93,2023-02-27
contadoconliqui,366.41,366.41,2023-02-28
contadoconliqui,368.88,368.88,2023-03-01
contadoconliqui,372.57,372.57,2023-03-02
contadoconliqui,372.31,372.31,2023-03-03
contadoconliqui,372.31,372.31,2023-03-04
contadoconliqui,372.31,372.31,2023-03-05
contadoconliqui,372.68,372.68,2023-03-06
contadoconliqui,375.69,375.69,2023-03-07
contadoconliqui,378.96,378.96,2023-03-08
contadoconliqui,387.78,387.78,2023-03-09
contadoconliqui,393.68,393.68,2023-03-10
contadoconliqui,393.68,393.68,2023-03-11
contadoconliqui,393.68,393.68,2023-03-12
contadoconliqui,395.5,395.5,2023-03-13
contadoconliqui,391.47,391.47,2023-03-14
contadoconliqui,397.07,397.07,2023-03-15
contadoconliqui,400.62,400.62,2023-03-16
contadoconliqui,403.57,403.57,2023-03-17
contadoconliqui,403.57,403.57,2023-03-18
contadoconliqui,403.57,403.57,2023-03-19
contadoconliqui,401.36,401.36,2023-03-20
contadoconliqui,399.62,399.62,2023-03-21
contadoconliqui,397.17,397.17,2023-03-22
contadoconliqui,390.19,390.19,2023-03-23
contadoconliqui,390.19,390.19,2023-03-24
contadoconliqui,390.19,390.19,2023-03-25
contadoconliqui,390.19,390.19,2023-03-26
contadoconliqui,392.58,392.58,2023-03-27
contadoconliqui,390.63,390.63,2023-03-28
contadoconliqui,395.89,395.89,2023-03-29
contadoconliqui,402.79,402.79,2023-03-30
contadoconliqui,406.54,406.54,2023-03-31
contadoconliqui,406.54,406.54,2023-04-01
contadoconliqui,406.54,406.54,2023-04-02
contadoconliqui,406.77,406.77,2023-04-03
contadoconliqui,409.82,409.82,2023-04-04
contadoconliqui,408.24,408.24,2023-04-05
contadoconliqui,408.24,408.24,2023-04-06
contadoconliqui,408.24,408.24,2023-04-07
contadoconliqui,408.24,408.24,2023-04-08
contadoconliqui,408.24,408.24,2023-04-09
contadoconliqui,403.17,403.17,2023-04-10
contadoconliqui,398.97,398.97,2023-04-11
contadoconliqui,398.31,398.31,2023-04-12
contadoconliqui,402.14,402.14,2023-04-13
contadoconliqui,404.88,404.88,2023-04-14
contadoconliqui,404.88,404.88,2023-04-15
contadoconliqui,404.88,404.88,2023-04-16
contadoconliqui,409.04,409.04,2023-04-17
contadoconliqui,425.9,425.9,2023-04-18
contadoconliqui,429.65,429.65,2023-04-19
contadoconliqui,435.74,435.74,2023-04-20
contadoconliqui,455.11,455.11,2023-04-21
contadoconliqui,455.11,455.11,2023-04-22
contadoconliqui,455.11,455.11,2023-04-23
contadoconliqui,462.35,462.35,2023-04-24
contadoconliqui,465.97,465.97,2023-04-25
contadoconliqui,469.32,469.32,2023-04-26
contadoconliqui,457.29,457.29,2023-04-27
contadoconliqui,453.16,453.16,2023-04-28
contadoconliqui,453.16,453.16,2023-04-29
contadoconliqui,453.16,453.16,2023-04-30
contadoconliqui,453.16,453.16,2023-05-01
contadoconliqui,433.64,433.64,2023-05-02
contadoconliqui,427.27,427.27,2023-05-03
contadoconliqui,420.79,420.79,2023-05-04
contadoconliqui,440.61,440.61,2023-05-05
contadoconliqui,440.61,440.61,2023-05-06
contadoconliqui,440.61,440.61,2023-05-07
contadoconliqui,440.3,440.3,2023-05-08
contadoconliqui,434.0,434.0,2023-05-09
contadoconliqui,441.64,441.64,2023-05-10
contadoconliqui,441.64,441.64,2023-05-11
contadoconliqui,440.8,440.8,2023-05-12
contadoconliqui,440.8,440.8,2023-05-13
contadoconliqui,440.8,440.8,2023-05-14
contadoconliqui,444.6,444.6,2023-05-15
contadoconliqui,447.43,447.43,2023-05-16
contadoconliqui,454.37,454.37,2023-05-17
contadoconliqui,478.98,478.98,2023-05-18
contadoconliqui,474.35,474.35,2023-05-19
contadoconliqui,474.35,474.35,2023-05-20
contadoconliqui,474.35,474.35,2023-05-21
contadoconliqui,478.92,478.92,2023-05-22
contadoconliqui,481.11,481.11,2023-05-23
contadoconliqui,479.65,479.65,2023-05-24
contadoconliqui,479.65,479.65,2023-05-25
contadoconliqui,479.65,479.65,2023-05-26
contadoconliqui,479.65,479.65,2023-05-27
contadoconliqui,479.65,479.65,2023-05-28
contadoconliqui,480.66,480.66,2023-05-29
contadoconliqui,463.14,463.14,2023-05-30
contadoconliqui,474.99,474.99,2023-05-31
contadoconliqui,469.55,469.55,2023-06-01
contadoconliqui,479.0,479.0,2023-06-02
contadoconliqui,479.0,479.0,2023-06-03
contadoconliqui,479.0,479.0,2023-06-04
contadoconliqui,496.78,496.78,2023-06-05
contadoconliqui,493.46,493.46,2023-06-06
contadoconliqui,489.85,489.85,2023-06-07
contadoconliqui,481.54,481.54,2023-06-08
contadoconliqui,479.27,479.27,2023-06-09
contadoconliqui,479.27,479.27,2023-06-10
contadoconliqui,479.27,479.27,2023-06-11
contadoconliqui,503.37,503.37,2023-06-12
contadoconliqui,492.22,492.22,2023-06-13
contadoconliqui,495.56,495.56,2023-06-14
contadoconliqui,493.92,493.92,2023-06-15
contadoconliqui,487.12,487.12,2023-06-16
contadoconliqui,487.12,487.12,2023-06-17
contadoconliqui,487.12,487.12,2023-06-18
contadoconliqui,487.12,487.12,2023-06-19
contadoconliqui,487.12,487.12,2023-06-20
contadoconliqui,492.71,492.71,2023-06-21
contadoconliqui,502.34,502.34,2023-06-22
contadoconliqui,488.05,488.05,2023-06-23
contadoconliqui,488.05,488.05,2023-06-24
contadoconliqui,488.05,488.05,2023-06-25
contadoconliqui,489.63,489.63,2023-06-26
contadoconliqui,498.18,498.18,2023-06-27
contadoconliqui,496.29,496.29,2023-06-28
contadoconliqui,487.56,487.56,2023-06-29
contadoconliqui,495.64,495.64,2023-06-30
contadoconliqui,495.64,495.64,2023-07-01
contadoconliqui,495.64,495.64,2023-07-02
contadoconliqui,485.57,485.57,2023-07-03
contadoconliqui,495.0,495.0,2023-07-04
contadoconliqui,492.9,492.9,2023-07-05
contadoconliqui,498.87,498.87,2023-07-06
contadoconliqui,499.56,499.56,2023-07-07
contadoconliqui,499.56,499.56,2023-07-08
contadoconliqui,499.56,499.56,2023-07-09
contadoconliqui,500.53,500.53,2023-07-10
contadoconliqui,500.41,500.41,2023-07-11
contadoconliqui,501.46,501.46,2023-07-12
contadoconliqui,502.46,502.46,2023-07-13
contadoconliqui,504.49,504.49,2023-07-14
contadoconliqui,504.49,504.49,2023-07-15
contadoconliqui,504.49,504.49,2023-07-16
contadoconliqui,507.53,507.53,2023-07-17
contadoconliqui,520.74,520.74,2023-07-18
contadoconliqui,526.26,526.26,2023-07-19
contadoconliqui,532.51,532.51,2023-07-20
contadoconliqui,533.27,533.27,2023-07-21
contadoconliqui,533.27,533.27,2023-07-22
contadoconliqui,533.27,533.27,2023-07-23
contadoconliqui,531.88,531.88,2023-07-24
contadoconliqui,530.1,530.1,2023-07-25
contadoconliqui,527.72,527.72,2023-07-26
contadoconliqui,531.34,531.34,2023-07-27
contadoconliqui,536.07,536.07,2023-07-28
contadoconliqui,536.07,536.07,2023-07-29
contadoconliqui,536.07,536.07,2023-07-30
contadoconliqui,555.1,555.1,2023-07-31
contadoconliqui,560.13,560.13,2023-08-01
contadoconliqui,568.59,568.59,2023-08-02
contadoconliqui,576.7,576.7,2023-08-03
contadoconliqui,585.31,585.31,2023-08-04
contadoconliqui,585.31,585.31,2023-08-05
contadoconliqui,585.31,585.31,2023-08-06
contadoconliqui,597.63,597.63,2023-08-07
contadoconliqui,597.4,597.4,2023-08-08
contadoconliqui,591.7,591.7,2023-08-09
contadoconliqui,598.83,598.83,2023-08-10
contadoconliqui,601.24,601.24,2023-08-11
contadoconliqui,601.24,601.24,2023-08-12
contadoconliqui,601.24,601.24,2023-08-13
contadoconliqui,654.95,654.95,2023-08-14
contadoconliqui,702.22,702.22,2023-08-15
contadoconliqui,722.98,722.98,2023-08-16
contadoconliqui,743.44,743.44,2023-08-17
contadoconliqui,745.78,745.78,2023-08-18
contadoconliqui,745.78,745.78,2023-08-19
contadoconliqui,745.78,745.78,2023-08-20
contadoconliqui,745.78,745.78,2023-08-21
contadoconliqui,745.51,745.51,2023-08-22
contadoconliqui,746.6,746.6,2023-08-23
contadoconliqui,761.61,761.61,2023-08-24
contadoconliqui,770.12,770.12,2023-08-25
contadoconliqui,770.12,770.12,2023-08-26
contadoconliqui,770.12,770.12,2023-08-27
contadoconliqui,787.36,787.36,2023-08-28
contadoconliqui,802.35,802.35,2023-08-29
contadoconliqui,798.38,798.38,2023-08-30
contadoconliqui,780.54,780.54,2023-08-31
contadoconliqui,767.88,767.88,2023-09-01
contadoconliqui,767.88,767.88,2023-09-02
contadoconliqui,767.88,767.88,2023-09-03
contadoconliqui,769.98,769.98,2023-09-04
contadoconliqui,761.48,761.48,2023-09-05
contadoconliqui,762.97,762.97,2023-09-06
contadoconliqui,738.69,738.69,2023-09-07
contadoconliqui,702.57,738.19,2023-09-08
contadoconliqui,702.57,738.19,2023-09-09
contadoconliqui,702.57,738.19,2023-09-10
contadoconliqui,640.75,706.34,2023-09-11
contadoconliqui,700.85,741.8,2023-09-12
contadoconliqui,707.76,709.98,2023-09-13
contadoconliqui,703.14,734.74,2023-09-14
contadoconliqui,698.58,717.35,2023-09-15
contadoconliqui,698.58,717.35,2023-09-16
contadoconliqui,698.58,717.35,2023-09-17
contadoconliqui,703.03,714.88,2023-09-18
contadoconliqui,706.91,726.8,2023-09-19
contadoconliqui,702.71,711.94,2023-09-20
contadoconliqui,699.68,721.16,2023-09-21
contadoconliqui,685.12,751.12,2023-09-22
contadoconliqui,685.12,751.12,2023-09-23
contadoconliqui,685.12,751.12,2023-09-24
contadoconliqui,712.12,735.27,2023-09-25
contadoconliqui,707.97,763.43,2023-09-26
contadoconliqui,685.68,722.89,2023-09-27
contadoconliqui,695.09,720.22,2023-09-28
contadoconliqui,692.94,813.37,2023-09-29
contadoconliqui,692.94,813.37,2023-09-30
contadoconliqui,692.94,813.37,2023-10-01
contadoconliqui,681.59,784.46,2023-10-02
contadoconliqui,706.45,745.73,2023-10-03
contadoconliqui,775.19,868.54,2023-10-04
contadoconliqui,801.53,890.98,2023-10-05
contadoconliqui,842.9,914.89,2023-10-06
contadoconliqui,842.9,914.89,2023-10-07
contadoconliqui,842.9,914.89,2023-10-08
contadoconliqui,842.9,914.89,2023-10-09
contadoconliqui,892.22,892.03,2023-10-10
contadoconliqui,824.53,857.52,2023-10-11
contadoconliqui,869.45,869.56,2023-10-12
contadoconliqui,869.45,869.56,2023-10-13
contadoconliqui,869.45,869.56,2023-10-14
contadoconliqui,869.45,869.56,2023-10-15
contadoconliqui,869.45,869.56,2023-10-16
contadoconliqui,957.72,954.33,2023-10-17
contadoconliqui,948.19,982.1,2023-10-18
contadoconliqui,947.7,989.98,2023-10-19
contadoconliqui,961.38,1016.2,2023-10-20
contadoconliqui,961.38,1016.2,2023-10-21
contadoconliqui,961.38,1016.2,2023-10-22
contadoconliqui,906.44,980.62,2023-10-23
contadoconliqui,893.11,884.84,2023-10-24
contadoconliqui,861.78,899.4,2023-10-25
contadoconliqui,852.55,888.88,2023-10-26
contadoconliqui,838.36,836.99,2023-10-27
contadoconliqui,838.36,836.99,2023-10-28
contadoconliqui,838.36,836.99,2023-10-29
contadoconliqui,811.97,844.0,2023-10-30
contadoconliqui,840.79,849.4,2023-10-31
contadoconliqui,796.68,844.19,2023-11-01
contadoconliqui,848.84,856.58,2023-11-02
contadoconliqui,856.7,840.95,2023-11-03
contadoconliqui,856.7,840.95,2023-11-04
contadoconliqui,856.7,840.95,2023-11-05
contadoconliqui,856.7,840.95,2023-11-06
contadoconliqui,831.48,863.84,2023-11-07
contadoconliqui,855.18,836.09,2023-11-08
contadoconliqui,856.54,868.64,2023-11-09
contadoconliqui,887.72,898.55,2023-11-10
contadoconliqui,887.72,898.55,2023-11-11
contadoconliqui,887.72,898.55,2023-11-12
contadoconliqui,877.01,885.78,2023-11-13
contadoconliqui,867.39,877.52,2023-11-14
contadoconliqui,869.22,872.7,2023-11-15
contadoconliqui,879.92,837.8,2023-11-16
contadoconliqui,845.63,873.88,2023-11-17
contadoconliqui,845.63,873.88,2023-11-18
contadoconliqui,845.63,873.88,2023-11-19
contadoconliqui,845.63,873.88,2023-11-20
contadoconliqui,868.06,913.18,2023-11-21
contadoconliqui,960.31,980.42,2023-11-22
contadoconliqui,960.31,980.42,2023-11-23
contadoconliqui,967.16,999.12,2023-11-24
contadoconliqui,967.16,999.12,2023-11-25
contadoconliqui,967.16,999.12,2023-11-26
contadoconliqui,900.61,885.63,2023-11-27
contadoconliqui,826.85,865.07,2023-11-28
contadoconliqui,805.55,817.64,2023-11-29
contadoconliqui,847.22,834.87,2023-11-30
contadoconliqui,898.93,927.24,2023-12-01
contadoconliqui,898.93,927.24,2023-12-02
contadoconliqui,898.93,927.24,2023-12-03
contadoconliqui,870.46,892.36,2023-12-04
contadoconliqui,929.97,944.6,2023-12-05
contadoconliqui,888.45,918.67,2023-12-06
contadoconliqui,969.76,1001.3,2023-12-07
contadoconliqui,969.76,1001.3,2023-12-08
contadoconliqui,969.76,1001.3,2023-12-09
contadoconliqui,969.76,1001.3,2023-12-10
contadoconliqui,983.28,975.06,2023-12-11
contadoconliqui,1037.0,1045.4,2023-12-12
contadoconliqui,979.94,1045.3,2023-12-13
contadoconliqui,1011.4,1014.7,2023-12-14
contadoconliqui,971.59,985.78,2023-12-15
contadoconliqui,971.59,985.78,2023-12-16
contadoconliqui,971.59,985.78,2023-12-17
contadoconliqui,944.44,971.76,2023-12-18
contadoconliqui,965.05,976.86,2023-12-19
contadoconliqui,936.91,955.32,2023-12-20
contadoconliqui,952.56,962.32,2023-12-21
contadoconliqui,917.89,934.62,2023-12-22
contadoconliqui,917.89,934.62,2023-12-23
contadoconliqui,917.89,934.62,2023-12-24
contadoconliqui,917.89,934.62,2023-12-25
contadoconliqui,927.69,931.1,2023-12-26
contadoconliqui,920.07,899.12,2023-12-27
contadoconliqui,914.1,938.89,2023-12-28
contadoconliqui,956.41,973.94,2023-12-29
contadoconliqui,956.41,973.94,2023-12-30
contadoconliqui,956.41,973.94,2023-12-31
contadoconliqui,956.41,973.94,2024-01-01
contadoconliqui,970.35,996.84,2024-01-02
contadoconliqui,1023.7,1046.9,2024-01-03
contadoconliqui,1070.2,1076.6,2024-01-04
contadoconliqui,1119.8,1152.3,2024-01-05
contadoconliqui,1119.8,1152.3,2024-01-06
contadoconliqui,1119.8,1152.3,2024-01-07
contadoconliqui,1199.8,1222.7,2024-01-08
contadoconliqui,1176.0,1193.2,2024-01-09
contadoconliqui,1186.3,1182.8,2024-01-10
contadoconliqui,1145.6,1161.9,2024-01-11
contadoconliqui,1127.8,1114.7,2024-01-12
contadoconliqui,1127.8,1114.7,2024-01-13
contadoconliqui,1127.8,1114.7,2024-01-14
contadoconliqui,1127.8,1114.7,2024-01-15
contadoconliqui,1203.3,1212.9,2024-01-16
contadoconliqui,1251.7,1272.9,2024-01-17
contadoconliqui,1207.4,1254.3,2024-01-18
contadoconliqui,1288.1,1297.3,2024-01-19
contadoconliqui,1288.1,1297.3,2024-01-20
contadoconliqui,1288.1,1297.3,2024-01-21
contadoconliqui,1289.8,1297.0,2024-01-22
contadoconliqui,1252.5,1285.1,2024-01-23
contadoconliqui,1283.9,1303.1,2024-01-24
contadoconliqui,1265.4,1273.9,2024-01-25
contadoconliqui,1202.1,1230.9,2024-01-26
contadoconliqui,1202.1,1230.9,2024-01-27
contadoconliqui,1202.1,1230.9,2024-01-28
contadoconliqui,1253.5,1254.5,2024-01-29
contadoconliqui,1255.8,1267.3,2024-01-30
contadoconliqui,1181.2,1249.6,2024-01-31
contadoconliqui,1260.2,1277.7,2024-02-01
contadoconliqui,1277.3,1295.5,2024-02-02
contadoconliqui,1277.3,1295.5,2024-02-03
contadoconliqui,1277.3,1295.5,2024-02-04
contadoconliqui,1273.6,1288.4,2024-02-05
contadoconliqui,1235.3,1249.4,2024-02-06
contadoconliqui,1251.7,1260.2,2024-02-07
contadoconliqui,1228.7,1241.5,2024-02-08
contadoconliqui,1215.0,1221.4,2024-02-09
contadoconliqui,1215.0,1221.4,2024-02-10
contadoconliqui,1215.0,1221.4,2024-02-11
contadoconliqui,1215.0,1221.4,2024-02-12
contadoconliqui,1215.0,1221.4,2024-02-13
contadoconliqui,1167.2,1176.6,2024-02-14
contadoconliqui,1123.5,1142.3,2024-02-15
contadoconliqui,1085.3,1119.3,2024-02-16
contadoconliqui,1085.3,1119.3,2024-02-17
contadoconliqui,1085.3,1119.3,2024-02-18
contadoconliqui,1085.3,1119.3,2024-02-19
contadoconliqui,1148.2,1118.6,2024-02-20
contadoconliqui,1109.6,1116.3,2024-02-21
contadoconliqui,1061.2,1074.6,2024-02-22
contadoconliqui,1081.7,1101.1,2024-02-23
contadoconliqui,1081.7,1101.1,2024-02-24
contadoconliqui,1081.7,1101.1,2024-02-25
contadoconliqui,1086.1,1093.0,2024-02-26
contadoconliqui,1085.1,1093.0,2024-02-27
contadoconliqui,1058.0,1071.5,2024-02-28
contadoconliqui,1060.0,1062.3,2024-02-29
contadoconliqui,1090.2,1053.4,2024-03-01
contadoconliqui,1090.2,1053.4,2024-03-02
contadoconliqui,1090.2,1053.4,2024-03-03
contadoconliqui,1053.5,1065.6,2024-03-04
contadoconliqui,1041.8,1050.9,2024-03-05
contadoconliqui,1011.6,1024.3,2024-03-06
contadoconliqui,1018.5,1025.9,2024-03-07
contadoconliqui,1046.4,1033.7,2024-03-08
contadoconliqui,1046.4,1033.7,2024-03-09
contadoconliqui,1046.4,1033.7,2024-03-10
contadoconliqui,1017.2,1017.8,2024-03-11
contadoconliqui,1073.7,1082.5,2024-03-12
contadoconliqui,1041.0,1054.6,2024-03-13
contadoconliqui,1059.1,1066.3,2024-03-14
contadoconliqui,1055.7,1063.7,2024-03-15
contadoconliqui,1055.7,1063.7,2024-03-16
contadoconliqui,1055.7,1063.7,2024-03-17
contadoconliqui,1068.3,1072.1,2024-03-18
contadoconliqui,1077.0,1081.7,2024-03-19
contadoconliqui,1103.9,1112.4,2024-03-20
contadoconliqui,1092.3,1095.4,2024-03-21
contadoconliqui,1084.0,1114.2,2024-03-22
contadoconliqui,1084.0,1114.2,2024-03-23
contadoconliqui,1084.0,1114.2,2024-03-24
contadoconliqui,1084.2,1089.5,2024-03-25
contadoconliqui,1073.4,1078.9,2024-03-26
contadoconliqui,1048.9,1066.7,2024-03-27
contadoconliqui,1048.9,1066.7,2024-03-28
contadoconliqui,1048.9,1066.7,2024-03-29
contadoconliqui,1048.9,1066.7,2024-03-30
contadoconliqui,1048.9,1066.7,2024-03-31
contadoconliqui,1048.9,1066.7,2024-04-01
contadoconliqui,1048.9,1066.7,2024-04-02
contadoconliqui,1063.7,1071.4,2024-04-03
contadoconliqui,1039.5,1056.9,2024-04-04
contadoconliqui,1023.6,1043.5,2024-04-05
contadoconliqui,1023.6,1043.5,2024-04-06
contadoconliqui,1023.6,1043.5,2024-04-07
contadoconliqui,1027.8,1032.5,2024-04-08
contadoconliqui,1036.7,1045.4,2024-04-09
contadoconliqui,1040.1,1043.2,2024-04-10
contadoconliqui,1030.6,1038.6,2024-04-11
contadoconliqui,1030.6,1038.6,2024-04-12
contadoconliqui,1030.6,1038.6,2024-04-13
contadoconliqui,1030.6,1038.6,2024-04-14
contadoconliqui,1030.6,1038.6,2024-04-15
contadoconliqui,1090.7,1046.6,2024-04-16
contadoconliqui,1073.3,1043.4,2024-04-17
contadoconliqui,1054.8,1058.3,2024-04-18
contadoconliqui,1056.3,1062.0,2024-04-19
contadoconliqui,1056.3,1062.0,2024-04-20
contadoconliqui,1056.3,1062.0,2024-04-21
contadoconliqui,1056.7,1059.6,2024-04-22
contadoconliqui,1051.4,1054.8,2024-04-23
contadoconliqui,1051.2,1054.5,2024-04-24
contadoconliqui,1075.5,1077.4,2024-04-25
contadoconliqui,1075.8,1078.8,2024-04-26
contadoconliqui,1075.8,1078.8,2024-04-27
contadoconliqui,1075.8,1078.8,2024-04-28
contadoconliqui,1084.7,1086.9,2024-04-29
contadoconliqui,1105.0,1068.9,2024-04-30
contadoconliqui,1105.0,1068.9,2024-05-01
contadoconliqui,1107.3,1111.2,2024-05-02
contadoconliqui,1104.4,1114.4,2024-05-03
contadoconliqui,1104.4,1114.4,2024-05-04
contadoconliqui,1104.4,1114.4,2024-05-05
contadoconliqui,1102.0,1107.5,2024-05-06
contadoconliqui,1089.6,1092.9,2024-05-07
contadoconliqui,1071.7,1082.8,2024-05-08
contadoconliqui,1079.8,1081.9,2024-05-09
contadoconliqui,1071.5,1076.5,2024-05-10
contadoconliqui,1071.5,1076.5,2024-05-11
contadoconliqui,1071.5,1076.5,2024-05-12
contadoconliqui,1073.0,1076.0,2024-05-13
contadoconliqui,1084.5,1086.1,2024-05-14
contadoconliqui,1090.8,1098.0,2024-05-15
contadoconliqui,1092.6,1096.8,2024-05-16
contadoconliqui,1098.9,1103.2,2024-05-17
contadoconliqui,1098.9,1103.2,2024-05-18
contadoconliqui,1098.9,1103.2,2024-05-19
contadoconliqui,1129.9,1133.8,2024-05-20
contadoconliqui,1198.5,1202.2,2024-05-21
contadoconliqui,1248.1,1256.4,2024-05-22
contadoconliqui,1248.3,1254.0,2024-05-23
contadoconliqui,1248.1,1228.4,2024-05-24
contadoconliqui,1248.1,1228.4,2024-05-25
contadoconliqui,1248.1,1228.4,2024-05-26
contadoconliqui,1248.1,1228.4,2024-05-27
contadoconliqui,1228.5,1231.0,2024-05-28
contadoconliqui,1222.1,1229.1,2024-05-29
contadoconliqui,1209.0,1218.7,2024-05-30
contadoconliqui,1247.7,1249.5,2024-05-31
contadoconliqui,1247.7,1249.5,2024-06-01
contadoconliqui,1247.7,1249.5,2024-06-02
contadoconliqui,1280.5,1298.3,2024-06-03
contadoconliqui,1298.1,1307.3,2024-06-04
contadoconliqui,1306.9,1319.8,2024-06-05
contadoconliqui,1300.2,1309.6,2024-06-06
contadoconliqui,1303.2,1307.3,2024-06-07
contadoconliqui,1303.2,1307.3,2024-06-08
contadoconliqui,1303.2,1307.3,2024-06-09
contadoconliqui,1300.6,1312.1,2024-06-10
contadoconliqui,1295.2,1308.0,2024-06-11
contadoconliqui,1297.7,1310.1,2024-06-12
contadoconliqui,1260.1,1267.3,2024-06-13
contadoconliqui,1259.8,1293.2,2024-06-14
contadoconliqui,1259.8,1293.2,2024-06-15
contadoconliqui,1259.8,1293.2,2024-06-16
contadoconliqui,1259.8,1293.2,2024-06-17
contadoconliqui,1262.5,1263.9,2024-06-18
contadoconliqui,1262.5,1263.9,2024-06-19
contadoconliqui,1262.5,1263.9,2024-06-20
contadoconliqui,1262.5,1263.9,2024-06-21
contadoconliqui,1262.5,1263.9,2024-06-22
contadoconliqui,1262.5,1263.9,2024-06-23
contadoconliqui,1304.5,1310.6,2024-06-24
contadoconliqui,1310.6,1318.0,2024-06-25
contadoconliqui,1340.3,1346.8,2024-06-26
contadoconliqui,1332.8,1342.3,2024-06-27
contadoconliqui,1347.0,1349.8,2024-06-28
contadoconliqui,1347.0,1349.8,2024-06-29
contadoconliqui,1347.0,1349.8,2024-06-30
contadoconliqui,1403.9,1407.7,2024-07-01
contadoconliqui,1427.8,1432.3,2024-07-02
contadoconliqui,1397.4,1398.6,2024-07-03
contadoconliqui,1398.23,1398.23,2024-07-04
contadoconliqui,1391.8,1396.9,2024-07-05
contadoconliqui,1391.8,1396.9,2024-07-06
contadoconliqui,1391.8,1396.9,2024-07-07
contadoconliqui,1381.1,1389.0,2024-07-08
contadoconliqui,1381.1,1389.0,2024-07-09
contadoconliqui,1387.0,1392.3,2024-07-10
contadoconliqui,1407.2,1420.1,2024-07-11
contadoconliqui,1420.5,1424.0,2024-07-12
contadoconliqui,1420.5,1424.0,2024-07-13
contadoconliqui,1420.5,1424.0,2024-07-14
contadoconliqui,1303.0,1322.3,2024-07-15
contadoconliqui,1281.3,1297.4,2024-07-16
contadoconliqui,1312.7,1316.0,2024-07-17
contadoconliqui,1320.1,1321.2,2024-07-18
contadoconliqui,1308.9,1331.9,2024-07-19
contadoconliqui,1308.9,1331.9,2024-07-20
contadoconliqui,1308.9,1331.9,2024-07-21
contadoconliqui,1325.3,1329.7,2024-07-22
contadoconliqui,1330.0,1334.3,2024-07-23
contadoconliqui,1335.7,1337.5,2024-07-24
contadoconliqui,1325.7,1330.5,2024-07-25
contadoconliqui,1304.5,1321.0,2024-07-26
contadoconliqui,1304.5,1321.0,2024-07-27
contadoconliqui,1304.5,1321.0,2024-07-28
contadoconliqui,1292.9,1310.9,2024-07-29
contadoconliqui,1265.9,1283.3,2024-07-30
contadoconliqui,1272.2,1289.2,2024-07-31
contadoconliqui,1297.8,1304.9,2024-08-01
contadoconliqui,1315.1,1327.6,2024-08-02
contadoconliqui,1315.1,1327.6,2024-08-03
contadoconliqui,1315.1,1327.6,2024-08-04
contadoconliqui,1333.3,1345.9,2024-08-05
contadoconliqui,1328.8,1345.7,2024-08-06
contadoconliqui,1322.5,1330.5,2024-08-07
contadoconliqui,1308.1,1316.0,2024-08-08
contadoconliqui,1294.8,1298.0,2024-08-09
contadoconliqui,1294.8,1298.0,2024-08-10
contadoconliqui,1294.8,1298.0,2024-08-11
contadoconliqui,1283.5,1284.4,2024-08-12
contadoconliqui,1268.6,1269.5,2024-08-13
contadoconliqui,1263.4,1264.6,2024-08-14
contadoconliqui,1264.6,1265.5,2024-08-15
contadoconliqui,1274.5,1275.6,2024-08-16
contadoconliqui,1289.7,1293.7,2024-08-17
contadoconliqui,1289.7,1293.7,2024-08-18
contadoconliqui,1286.7,1287.7,2024-08-19
contadoconliqui,1293.1,1294.6,2024-08-20
contadoconliqui,1290.9,1292.1,2024-08-21
contadoconliqui,1286.8,1290.6,2024-08-22
contadoconliqui,1285.9,1288.6,2024-08-23
contadoconliqui,1285.9,1288.6,2024-08-24
contadoconliqui,1285.9,1288.6,2024-08-25
contadoconliqui,1287.4,1293.2,2024-08-26
contadoconliqui,1294.3,1295.8,2024-08-27
contadoconliqui,1292.5,1293.3,2024-08-28
contadoconliqui,1283.2,1291.3,2024-08-29
contadoconliqui,1312.0,1294.5,2024-08-30
contadoconliqui,1312.0,1294.5,2024-08-31
contadoconliqui,1312.0,1294.5,2024-09-01
contadoconliqui,1293.09,1295.36,2024-09-02
contadoconliqui,1303.7,1306.8,2024-09-03
contadoconliqui,1285.1,1295.54,2024-09-04
contadoconliqui,1298.4,1273.4,2024-09-05
contadoconliqui,1236.7,1252.2,2024-09-06
contadoconliqui,1236.7,1252.2,2024-09-07
contadoconliqui,1236.7,1252.2,2024-09-08
contadoconliqui,1234.5,1239.8,2024-09-09
contadoconliqui,1244.2,1255.4,2024-09-10
contadoconliqui,1254.5,1258.7,2024-09-11
contadoconliqui,1249.5,1254.9,2024-09-12
contadoconliqui,1244.0,1244.4,2024-09-13
contadoconliqui,1244.0,1244.4,2024-09-14
contadoconliqui,1244.0,1244.4,2024-09-15
contadoconliqui,1242.3,1252.2,2024-09-16
contadoconliqui,1243.7,1244.3,2024-09-17
contadoconliqui,1227.1,1235.2,2024-09-18
contadoconliqui,1208.9,1219.8,2024-09-19
contadoconliqui,1224.0,1225.4,2024-09-20
contadoconliqui,1224.0,1225.4,2024-09-21
contadoconliqui,1224.0,1225.4,2024-09-22
contadoconliqui,1223.9,1227.4,2024-09-23
contadoconliqui,1217.6,1222.8,2024-09-24
contadoconliqui,1224.9,1226.2,2024-09-25
contadoconliqui,1226.0,1228.6,2024-09-26
contadoconliqui,1223.6,1226.4,2024-09-27
contadoconliqui,1223.6,1226.4,2024-09-28
contadoconliqui,1223.6,1226.4,2024-09-29
contadoconliqui,1256.7,1228.0,2024-09-30
contadoconliqui,1242.1,1245.8,2024-10-01
contadoconliqui,1235.6,1237.7,2024-10-02
contadoconliqui,1227.5,1230.4,2024-10-03
contadoconliqui,1238.9,1201.8,2024-10-04
contadoconliqui,1238.9,1201.8,2024-10-05
contadoconliqui,1238.9,1201.8,2024-10-06
contadoconliqui,1206.7,1220.7,2024-10-07
contadoconliqui,1211.7,1213.0,2024-10-08
contadoconliqui,1189.4,1190.1,2024-10-09
contadoconliqui,1171.1,1177.5,2024-10-10
contadoconliqui,1171.1,1177.5,2024-10-11
contadoconliqui,1171.1,1177.5,2024-10-12
contadoconliqui,1171.1,1177.5,2024-10-13
contadoconliqui,1178.0,1180.0,2024-10-14
contadoconliqui,1175.1,1178.8,2024-10-15
contadoconliqui,1201.6,1172.6,2024-10-16
contadoconliqui,1192.0,1193.8,2024-10-17
contadoconliqui,1188.6,1191.8,2024-10-18
contadoconliqui,1188.6,1191.8,2024-10-19
contadoconliqui,1188.6,1191.8,2024-10-20
contadoconliqui,1190.9,1196.1,2024-10-21
contadoconliqui,1191.4,1192.0,2024-10-22
contadoconliqui,1186.8,1192.2,2024-10-23
contadoconliqui,1175.3,1181.8,2024-10-24
contadoconliqui,1161.5,1169.5,2024-10-25
contadoconliqui,1161.5,1169.5,2024-10-26
contadoconliqui,1161.5,1169.5,2024-10-27
contadoconliqui,1156.2,1157.3,2024-10-28
contadoconliqui,1150.5,1153.7,2024-10-29
contadoconliqui,1156.2,1157.4,2024-10-30
contadoconliqui,1150.5,1158.2,2024-10-31
contadoconliqui,1168.3,1179.4,2024-11-01
contadoconliqui,1168.3,1179.4,2024-11-02
contadoconliqui,1168.3,1179.4,2024-11-03
contadoconliqui,1176.6,1189.0,2024-11-04
contadoconliqui,1174.1,1181.1,2024-11-05
contadoconliqui,1174.1,1181.1,2024-11-06
contadoconliqui,1157.0,1166.4,2024-11-07
contadoconliqui,1146.7,1151.6,2024-11-08
contadoconliqui,1146.7,1151.6,2024-11-09
contadoconliqui,1146.7,1151.6,2024-11-10
contadoconliqui,1146.7,1151.6,2024-11-11
contadoconliqui,1155.9,1161.8,2024-11-12
contadoconliqui,1155.0,1158.4,2024-11-13
contadoconliqui,1143.7,1145.0,2024-11-14
contadoconliqui,1130.5,1134.8,2024-11-15
contadoconliqui,1130.5,1134.8,2024-11-16
contadoconliqui,1130.5,1134.8,2024-11-17
contadoconliqui,1130.5,1134.8,2024-11-18
contadoconliqui,1111.2,1113.7,2024-11-19
contadoconliqui,1096.3,1113.7,2024-11-20
contadoconliqui,1105.9,1113.7,2024-11-21
contadoconliqui,1101.8,1106.8,2024-11-22
contadoconliqui,1101.8,1106.8,2024-11-23
contadoconliqui,1101.8,1106.8,2024-11-24
contadoconliqui,1102.8,1107.4,2024-11-25
contadoconliqui,1105.7,1107.4,2024-11-26
contadoconliqui,1101.9,1103.3,2024-11-27
contadoconliqui,1101.9,1103.3,2024-11-28
contadoconliqui,1096.8,1098.2,2024-11-29
contadoconliqui,1096.8,1098.2,2024-11-30
contadoconliqui,1096.8,1098.2,2024-12-01
contadoconliqui,1097.0,1097.6,2024-12-02
contadoconliqui,1099.2,1100.1,2024-12-03
contadoconliqui,1100.0,1104.6,2024-12-04
contadoconliqui,1085.4,1090.5,2024-12-05
contadoconliqui,1068.5,1072.5,2024-12-06
contadoconliqui,1068.5,1072.5,2024-12-07
contadoconliqui,1068.5,1072.5,2024-12-08
contadoconliqui,1065.7,1067.9,2024-12-09
contadoconliqui,1071.9,1087.4,2024-12-10
contadoconliqui,1072.0,1073.8,2024-12-11
contadoconliqui,1074.2,1075.0,2024-12-12
contadoconliqui,1088.1,1093.5,2024-12-13
contadoconliqui,1088.1,1093.5,2024-12-14
contadoconliqui,1088.1,1093.5,2024-12-15
contadoconliqui,1127.9,1099.4,2024-12-16
contadoconliqui,1145.1,1149.3,2024-12-17
contadoconliqui,1158.2,1162.3,2024-12-18
contadoconliqui,1150.0,1152.7,2024-12-19
contadoconliqui,1155.6,1159.5,2024-12-20
contadoconliqui,1155.6,1159.5,2024-12-21
contadoconliqui,1155.6,1159.5,2024-12-22
contadoconliqui,1167.1,1169.0,2024-12-23
contadoconliqui,1028.6,1198.8,2024-12-24
contadoconliqui,1028.6,1198.8,2024-12-25
contadoconliqui,1184.6,1189.0,2024-12-26
contadoconliqui,1179.4,1184.4,2024-12-27
contadoconliqui,1179.4,1184.4,2024-12-28
contadoconliqui,1179.4,1184.4,2024-12-29
contadoconliqui,1185.2,1191.8,2024-12-30
contadoconliqui,1185.2,1191.8,2024-12-31
contadoconliqui,1185.2,1191.8,2025-01-01
contadoconliqui,1185.2,1191.8,2025-01-02
contadoconliqui,1174.7,1179.8,2025-01-03
contadoconliqui,1174.7,1179.8,2025-01-04
contadoconliqui,1174.7,1179.8,2025-01-05
contadoconliqui,1183.0,1186.4,2025-01-06
contadoconliqui,1185.9,1194.1,2025-01-07
contadoconliqui,1188.8,1192.2,2025-01-08
contadoconliqui,1183.2,1188.9,2025-01-09
contadoconliqui,1188.0,1198.8,2025-01-10
contadoconliqui,1188.0,1198.8,2025-01-11
contadoconliqui,1188.0,1198.8,2025-01-12
contadoconliqui,1218.4,1172.2,2025-01-13
contadoconliqui,1186.5,1191.0,2025-01-14
contadoconliqui,1187.0,1189.1,2025-01-15
contadoconliqui,1190.0,1191.5,2025-01-16
contadoconliqui,1182.3,1189.8,2025-01-17
contadoconliqui,1182.3,1189.8,2025-01-18
contadoconliqui,1182.3,1189.8,2025-01-19
contadoconliqui,1182.3,1189.8,2025-01-20
contadoconliqui,1185.8,1188.6,2025-01-21
contadoconliqui,1186.7,1188.4,2025-01-22
contadoconliqui,1183.5,1187.5,2025-01-23
contadoconliqui,1163.8,1168.2,2025-01-24
contadoconliqui,1163.8,1168.2,2025-01-25
contadoconliqui,1163.8,1168.2,2025-01-26
contadoconliqui,1170.6,1173.5,2025-01-27
contadoconliqui,1173.7,1176.0,2025-01-28
contadoconliqui,1175.7,1178.9,2025-01-29
contadoconliqui,1175.9,1178.9,2025-01-30
contadoconliqui,1179.7,1191.0,2025-01-31
contadoconliqui,1179.7,1191.0,2025-02-01
contadoconliqui,1179.7,1191.0,2025-02-02
contadoconliqui,1188.8,1192.0,2025-02-03
contadoconliqui,1193.2,1197.2,2025-02-04
contadoconliqui,1192.1,1204.8,2025-02-05
contadoconliqui,1197.3,1197.8,2025-02-06
contadoconliqui,1196.0,1210.2,2025-02-07
contadoconliqui,1196.0,1210.2,2025-02-08
contadoconliqui,1196.0,1210.2,2025-02-09
contadoconliqui,1192.6,1194.2,2025-02-10
contadoconliqui,1190.3,1193.4,2025-02-11
contadoconliqui,1190.6,1196.7,2025-02-12
contadoconliqui,1191.2,1201.3,2025-02-13
contadoconliqui,1194.5,1197.6,2025-02-14
contadoconliqui,1194.5,1197.6,2025-02-15
contadoconliqui,1194.5,1197.6,2025-02-16
contadoconliqui,1194.5,1197.6,2025-02-17
contadoconliqui,1209.1,1211.3,2025-02-18
contadoconliqui,1212.8,1220.6,2025-02-19
contadoconliqui,1212.8,1215.7,2025-02-20
contadoconliqui,1212.8,1215.2,2025-02-21
contadoconliqui,1212.8,1215.2,2025-02-22
contadoconliqui,1212.8,1215.2,2025-02-23
contadoconliqui,1213.8,1215.2,2025-02-24
contadoconliqui,1209.1,1212.4,2025-02-25
contadoconliqui,1211.6,1223.3,2025-02-26
contadoconliqui,1217.7,1220.4,2025-02-27
contadoconliqui,1221.3,1222.0,2025-02-28
contadoconliqui,1221.3,1222.0,2025-03-01
contadoconliqui,1221.3,1222.0,2025-03-02
contadoconliqui,1221.3,1222.0,2025-03-03
contadoconliqui,1221.3,1222.0,2025-03-04
contadoconliqui,1230.7,1233.3,2025-03-05
contadoconliqui,1230.6,1241.4,2025-03-06
contadoconliqui,1214.1,1219.8,2025-03-07
contadoconliqui,1214.1,1219.8,2025-03-08
contadoconliqui,1214.1,1219.8,2025-03-09
contadoconliqui,1224.4,1227.0,2025-03-10
contadoconliqui,1224.6,1229.4,2025-03-11
contadoconliqui,1224.4,1230.0,2025-03-12
contadoconliqui,1233.7,1235.7,2025-03-13
contadoconliqui,1235.2,1242.7,2025-03-14
contadoconliqui,1235.2,1242.7,2025-03-15
contadoconliqui,1235.2,1242.7,2025-03-16
contadoconliqui,1251.3,1253.8,2025-03-17
contadoconliqui,1291.1,1295.7,2025-03-18
contadoconliqui,1245.3,1294.4,2025-03-19
contadoconliqui,1285.3,1286.4,2025-03-20
contadoconliqui,1281.3,1300.7,2025-03-21
contadoconliqui,1281.3,1300.7,2025-03-22
contadoconliqui,1281.3,1300.7,2025-03-23
contadoconliqui,1281.3,1300.7,2025-03-24
contadoconliqui,1293.9,1298.1,2025-03-25
contadoconliqui,1293.9,1298.1,2025-03-26
contadoconliqui,1291.7,1300.0,2025-03-27
contadoconliqui,1306.1,1322.2,2025-03-28
contadoconliqui,1306.1,1322.2,2025-03-29
contadoconliqui,1306.1,1322.2,2025-03-30
contadoconliqui,1315.5,1319.2,2025-03-31
contadoconliqui,1309.0,1315.6,2025-04-01
contadoconliqui,1309.0,1315.6,2025-04-02
contadoconliqui,1316.7,1318.6,2025-04-03
contadoconliqui,1329.5,1334.6,2025-04-04
contadoconliqui,1329.5,1334.6,2025-04-05
contadoconliqui,1329.5,1334.6,2025-04-06
contadoconliqui,1362.0,1363.8,2025-04-07
contadoconliqui,1370.2,1375.3,2025-04-08
contadoconliqui,1357.2,1359.6,2025-04-09
contadoconliqui,1360.8,1367.2,2025-04-10
contadoconliqui,1333.8,1349.8,2025-04-11
contadoconliqui,1333.8,1349.8,2025-04-12
contadoconliqui,1333.8,1349.8,2025-04-13
contadoconliqui,1258.3,1228.0,2025-04-14
contadoconliqui,1258.3,1228.0,2025-04-15
contadoconliqui,1171.3,1191.0,2025-04-16
contadoconliqui,1171.3,1191.0,2025-04-17
contadoconliqui,1171.3,1191.0,2025-04-18
contadoconliqui,1171.3,1191.0,2025-04-19
contadoconliqui,1171.3,1191.0,2025-04-20
contadoconliqui,1130.4,1137.0,2025-04-21
contadoconliqui,1161.7,1142.2,2025-04-22
contadoconliqui,1181.2,1190.2,2025-04-23
contadoconliqui,1198.2,1202.9,2025-04-24
contadoconliqui,1190.0,1202.1,2025-04-25
contadoconliqui,1190.0,1202.1,2025-04-26
contadoconliqui,1190.0,1202.1,2025-04-27
contadoconliqui,1191.6,1193.5,2025-04-28
contadoconliqui,1186.4,1193.1,2025-04-29
contadoconliqui,1187.9,1190.6,2025-04-30
contadoconliqui,1187.9,1190.6,2025-05-01
contadoconliqui,1382.9,1429.3,2025-05-02
contadoconliqui,1382.9,1429.3,2025-05-03
contadoconliqui,1382.9,1429.3,2025-05-04
contadoconliqui,1208.6,1212.6,2025-05-05
contadoconliqui,1210.1,1214.8,2025-05-06
contadoconliqui,1162.4,1169.8,2025-05-07
contadoconliqui,1130.0,1153.6,2025-05-08
contadoconliqui,1156.0,1157.9,2025-05-09
contadoconliqui,1156.0,1157.9,2025-05-10
contadoconliqui,1156.0,1157.9,2025-05-11
contadoconliqui,1151.2,1157.9,2025-05-12
contadoconliqui,1160.8,1138.4,2025-05-13
contadoconliqui,1154.7,1155.2,2025-05-14
contadoconliqui,1161.8,1174.7,2025-05-15
contadoconliqui,1161.6,1174.2,2025-05-16
contadoconliqui,1161.6,1174.2,2025-05-17
contadoconliqui,1161.6,1174.2,2025-05-18
contadoconliqui,1158.8,1165.8,2025-05-19
contadoconliqui,1166.0,1167.7,2025-05-20
contadoconliqui,1162.0,1168.9,2025-05-21
contadoconliqui,1155.2,1164.0,2025-05-22
contadoconliqui,1153.1,1162.1,2025-05-23
contadoconliqui,1153.1,1162.1,2025-05-24
contadoconliqui,1153.1,1162.1,2025-05-25
contadoconliqui,1153.1,1162.1,2025-05-26
contadoconliqui,1171.7,1175.6,2025-05-27
contadoconliqui,1172.8,1175.0,2025-05-28
contadoconliqui,1207.9,1192.4,2025-05-29
contadoconliqui,1199.8,1201.6,2025-05-30
contadoconliqui,1199.8,1201.6,2025-05-31
contadoconliqui,1199.8,1201.6,2025-06-01
contadoconliqui,1192.0,1197.5,2025-06-02
contadoconliqui,1195.3,1197.7,2025-06-03
contadoconliqui,1195.5,1199.2,2025-06-04
contadoconliqui,1194.7,1195.8,2025-06-05
contadoconliqui,1194.9,1197.9,2025-06-06
contadoconliqui,1194.9,1197.9,2025-06-07
contadoconliqui,1194.9,1197.9,2025-06-08
contadoconliqui,1196.4,1198.0,2025-06-09
contadoconliqui,1187.7,1192.7,2025-06-10
contadoconliqui,1189.3,1191.5,2025-06-11
contadoconliqui,1189.9,1192.9,2025-06-12
contadoconliqui,1190.7,1189.5,2025-06-13
contadoconliqui,1190.7,1189.5,2025-06-14
contadoconliqui,1190.7,1189.5,2025-06-15
contadoconliqui,1190.7,1189.5,2025-06-16
contadoconliqui,1178.3,1183.7,2025-06-17
contadoconliqui,1170.5,1171.6,2025-06-18
contadoconliqui,1170.5,1171.6,2025-06-19
contadoconliqui,1170.5,1171.6,2025-06-20
contadoconliqui,1170.5,1171.6,2025-06-21
contadoconliqui,1170.5,1171.6,2025-06-22
contadoconliqui,1187.9,1191.0,2025-06-23
contadoconliqui,1185.0,1187.2,2025-06-24
contadoconliqui,1192.5,1202.7,2025-06-25
contadoconliqui,1200.7,1208.7,2025-06-26
contadoconliqui,1198.4,1202.3,2025-06-27
contadoconliqui,1198.4,1202.3,2025-06-28
contadoconliqui,1198.4,1202.3,2025-06-29
contadoconliqui,1210.2,1211.8,2025-06-30
contadoconliqui,1232.4,1238.0,2025-07-01
contadoconliqui,1239.0,1241.3,2025-07-02
contadoconliqui,1235.0,1238.1,2025-07-03
contadoconliqui,1235.0,1238.1,2025-07-04
contadoconliqui,1235.0,1238.1,2025-07-05
contadoconliqui,1235.0,1238.1,2025-07-06
contadoconliqui,1278.3,1281.6,2025-07-07
contadoconliqui,1256.9,1259.1,2025-07-08
contadoconliqui,1256.9,1259.1,2025-07-09
contadoconliqui,1265.7,1270.1,2025-07-10
contadoconliqui,1269.3,1286.2,2025-07-11
contadoconliqui,1269.3,1286.2,2025-07-12
contadoconliqui,1269.3,1286.2,2025-07-13
contadoconliqui,1293.9,1295.0,2025-07-14
contadoconliqui,1279.1,1315.7,2025-07-15
contadoconliqui,1271.4,1274.2,2025-07-16
contadoconliqui,1277.7,1306.7,2025-07-17
contadoconliqui,1300.0,1269.2,2025-07-18
contadoconliqui,1300.0,1269.2,2025-07-19
contadoconliqui,1300.0,1269.2,2025-07-20
contadoconliqui,1278.4,1311.9,2025-07-21
contadoconliqui,1263.8,1265.2,2025-07-22
contadoconliqui,1259.3,1265.5,2025-07-23
contadoconliqui,1274.1,1278.2,2025-07-24
contadoconliqui,1283.8,1287.3,2025-07-25
contadoconliqui,1283.8,1287.3,2025-07-26
contadoconliqui,1283.8,1287.3,2025-07-27
contadoconliqui,1295.3,1296.9,2025-07-28
contadoconliqui,1292.2,1293.5,2025-07-29
contadoconliqui,1316.6,1319.8,2025-07-30
contadoconliqui,1359.4,1360.8,2025-07-31
contadoconliqui,1361.8,1364.9,2025-08-01
contadoconliqui,1361.8,1364.9,2025-08-02
contadoconliqui,1361.8,1364.9,2025-08-03
contadoconliqui,1355.3,1356.7,2025-08-04
contadoconliqui,1343.9,1346.1,2025-08-05
contadoconliqui,1330.9,1335.6,2025-08-06
contadoconliqui,1328.1,1331.9,2025-08-07
contadoconliqui,1327.1,1329.4,2025-08-08
contadoconliqui,1327.1,1329.4,2025-08-09
contadoconliqui,1327.1,1329.4,2025-08-10
contadoconliqui,1325.8,1327.2,2025-08-11
contadoconliqui,1321.5,1323.2,2025-08-12
contadoconliqui,1317.9,1321.7,2025-08-13
contadoconliqui,1301.2,1301.5,2025-08-14
contadoconliqui,1301.2,1301.5,2025-08-15
contadoconliqui,1301.2,1301.5,2025-08-16
contadoconliqui,1301.2,1301.5,2025-08-17
contadoconliqui,1300.1,1303.7,2025-08-18
contadoconliqui,1300.9,1302.4,2025-08-19
contadoconliqui,1305.9,1308.1,2025-08-20
contadoconliqui,1318.7,1321.2,2025-08-21
contadoconliqui,1325.0,1326.0,2025-08-22
contadoconliqui,1325.0,1326.0,2025-08-23
contadoconliqui,1325.0,1326.0,2025-08-24
contadoconliqui,1358.7,1360.3,2025-08-25
contadoconliqui,1353.6,1355.0,2025-08-26
contadoconliqui,1353.4,1355.4,2025-08-27
contadoconliqui,1344.5,1346.7,2025-08-28
contadoconliqui,1349.2,1353.8,2025-08-29
contadoconliqui,1349.2,1353.8,2025-08-30
contadoconliqui,1349.2,1353.8,2025-08-31
contadoconliqui,1349.2,1353.8,2025-09-01
contadoconliqui,1366.7,1368.8,2025-09-02
contadoconliqui,1368.5,1369.4,2025-09-03
contadoconliqui,1377.2,1378.3,2025-09-04
contadoconliqui,1382.9,1386.1,2025-09-05
contadoconliqui,1382.9,1386.1,2025-09-06
contadoconliqui,1382.9,1386.1,2025-09-07
contadoconliqui,1436.0,1439.0,2025-09-08
contadoconliqui,1432.4,1434.7,2025-09-09
contadoconliqui,1428.6,1431.2,2025-09-10
contadoconliqui,1447.6,1449.7,2025-09-11
contadoconliqui,1468.5,1476.6,2025-09-12
contadoconliqui,1468.5,1476.6,2025-09-13
contadoconliqui,1468.5,1476.6,2025-09-14
contadoconliqui,1489.2,1499.2,2025-09-15
contadoconliqui,1471.8,1474.2,2025-09-16
contadoconliqui,1495.2,1495.6,2025-09-17
contadoconliqui,1544.9,1547.1,2025-09-18
contadoconliqui,1551.3,1553.6,2025-09-19
contadoconliqui,1551.3,1553.6,2025-09-20
contadoconliqui,1551.3,1553.6,2025-09-21
contadoconliqui,1429.5,1438.1,2025-09-22
contadoconliqui,1411.5,1415.7,2025-09-23
contadoconliqui,1391.8,1393.6,2025-09-24
contadoconliqui,1395.9,1402.0,2025-09-25
contadoconliqui,1460.3,1470.2,2025-09-26
contadoconliqui,1460.3,1470.2,2025-09-27
contadoconliqui,1460.3,1470.2,2025-09-28
contadoconliqui,1497.6,1500.0,2025-09-29
contadoconliqui,1526.8,1545.6,2025-09-30
contadoconliqui,1576.2,1579.7,2025-10-01
contadoconliqui,1546.9,1551.3,2025-10-02
contadoconliqui,1520.2,1522.9,2025-10-03
contadoconliqui,1520.2,1522.9,2025-10-04
contadoconliqui,1520.2,1522.9,2025-10-05
contadoconliqui,1516.3,1518.3,2025-10-06
contadoconliqui,1554.8,1559.4,2025-10-07
contadoconliqui,1542.8,1548.1,2025-10-08
contadoconliqui,1438.9,1450.6,2025-10-09
contadoconliqui,1438.9,1450.6,2025-10-10
contadoconliqui,1438.9,1450.6,2025-10-11
contadoconliqui,1438.9,1450.6,2025-10-12
contadoconliqui,1438.9,1450.6,2025-10-13
contadoconliqui,1464.8,1468.9,2025-10-14
contadoconliqui,1453.6,1460.4,2025-10-15
contadoconliqui,1487.9,1491.0,2025-10-16
contadoconliqui,1543.7,1549.7,2025-10-17
contadoconliqui,1543.7,1549.7,2025-10-18
contadoconliqui,1543.7,1549.7,2025-10-19
contadoconliqui,1562.1,1569.0,2025-10-20
contadoconliqui,1603.8,1614.3,2025-10-21
contadoconliqui,1605.6,1608.6,2025-10-22
contadoconliqui,1553.8,1557.5,2025-10-23
contadoconliqui,1556.8,1562.5,2025-10-24
contadoconliqui,1556.8,1562.5,2025-10-25
contadoconliqui,1556.8,1562.5,2025-10-26
contadoconliqui,1455.2,1461.5,2025-10-27
contadoconliqui,1490.0,1491.8,2025-10-28
contadoconliqui,1483.8,1488.9,2025-10-29
contadoconliqui,1490.0,1493.0,2025-10-30
contadoconliqui,1496.3,1499.1,2025-10-31
contadoconliqui,1496.3,1499.1,2025-11-01
contadoconliqui,1496.3,1499.1,2025-11-02
contadoconliqui,1518.6,1522.2,2025-11-03
contadoconliqui,1512.5,1514.8,2025-11-04
contadoconliqui,1497.1,1498.8,2025-11-05
contadoconliqui,1497.1,1498.8,2025-11-06
contadoconliqui,1471.0,1474.6,2025-11-07
contadoconliqui,1471.0,1474.6,2025-11-08
contadoconliqui,1471.0,1474.6,2025-11-09
contadoconliqui,1475.5,1477.0,2025-11-10
contadoconliqui,1475.5,1477.0,2025-11-11
contadoconliqui,1472.8,1473.4,2025-11-12
contadoconliqui,1481.5,1484.3,2025-11-13
contadoconliqui,1484.4,1485.5,2025-11-14
contadoconliqui,1484.4,1485.5,2025-11-15
contadoconliqui,1484.4,1485.5,2025-11-16
contadoconliqui,1485.6,1487.1,2025-11-17
contadoconliqui,1471.2,1471.8,2025-11-18
contadoconliqui,1473.8,1476.5,2025-11-19
contadoconliqui,1488.1,1488.5,2025-11-20
contadoconliqui,1488.1,1488.5,2025-11-21
contadoconliqui,1488.1,1488.5,2025-11-22
contadoconliqui,1488.1,1488.5,2025-11-23
contadoconliqui,1488.1,1488.5,2025-11-24
contadoconliqui,1523.8,1525.1,2025-11-25
contadoconliqui,1529.9,1531.3,2025-11-26
contadoconliqui,1529.9,1531.3,2025-11-27
contadoconliqui,1515.2,1516.1,2025-11-28
contadoconliqui,1515.2,1516.1,2025-11-29
contadoconliqui,1515.2,1516.1,2025-11-30
contadoconliqui,1516.6,1517.5,2025-12-01
contadoconliqui,1520.1,1522.0,2025-12-02
contadoconliqui,1508.5,1510.4,2025-12-03
contadoconliqui,1510.7,1512.4,2025-12-04
contadoconliqui,1504.0,1508.9,2025-12-05
contadoconliqui,1504.0,1508.9,2025-12-06
contadoconliqui,1504.0,1508.9,2025-12-07
contadoconliqui,1504.0,1508.9,2025-12-08
contadoconliqui,1501.4,1502.8,2025-12-09
contadoconliqui,1503.4,1504.4,2025-12-10
contadoconliqui,1506.1,1506.8,2025-12-11
contadoconliqui,1511.1,1512.2,2025-12-12
contadoconliqui,1511.1,1512.2,2025-12-13
contadoconliqui,1511.1,1512.2,2025-12-14
contadoconliqui,1527.6,1530.1,2025-12-15
contadoconliqui,1545.4,1547.0,2025-12-16
contadoconliqui,1553.7,1556.5,2025-12-17
contadoconliqui,1543.2,1544.4,2025-12-18
contadoconliqui,1542.8,1544.2,2025-12-19
contadoconliqui,1542.8,1544.2,2025-12-20
contadoconliqui,1542.8,1544.2,2025-12-21
contadoconliqui,1540.9,1542.9,2025-12-22
contadoconliqui,1524.4,1525.2,2025-12-23
contadoconliqui,1524.4,1525.2,2025-12-24
contadoconliqui,1524.4,1525.2,2025-12-25
contadoconliqui,1525.0,1525.4,2025-12-26
contadoconliqui,1525.0,1525.4,2025-12-27
contadoconliqui,1525.0,1525.4,2025-12-28
contadoconliqui,1525.0,1527.4,2025-12-29
contadoconliqui,1516.9,1523.3,2025-12-30
contadoconliqui,1516.9,1523.3,2025-12-31
contadoconliqui,1516.9,1523.3,2026-01-01
contadoconliqui,1533.8,1534.5,2026-01-02
contadoconliqui,1533.8,1534.5,2026-01-03
contadoconliqui,1533.8,1534.5,2026-01-04
contadoconliqui,1535.3,1536.6,2026-01-05
contadoconliqui,1533.7,1534.6,2026-01-06
contadoconliqui,1530.8,1531.7,2026-01-07
contadoconliqui,1526.4,1529.3,2026-01-08
contadoconliqui,1525.5,1526.6,2026-01-09
contadoconliqui,1525.5,1526.6,2026-01-10
contadoconliqui,1525.5,1526.6,2026-01-11
contadoconliqui,1523.9,1524.9,2026-01-12
contadoconliqui,1526.5,1527.8,2026-01-13
contadoconliqui,1519.4,1522.9,2026-01-14
contadoconliqui,1509.2,1515.2,2026-01-15
contadoconliqui,1512.5,1514.0,2026-01-16
contadoconliqui,1512.5,1514.0,2026-01-17
contadoconliqui,1512.5,1514.0,2026-01-18
contadoconliqui,1512.5,1514.0,2026-01-19
contadoconliqui,1516.9,1517.7,2026-01-20
contadoconliqui,1511.3,1514.4,2026-01-21
contadoconliqui,1505.6,1507.1,2026-01-22
contadoconliqui,1508.0,1513.9,2026-01-23
contadoconliqui,1508.0,1513.9,2026-01-24
contadoconliqui,1508.0,1513.9,2026-01-25
contadoconliqui,1516.2,1516.6,2026-01-26
contadoconliqui,1507.8,1509.4,2026-01-27
contadoconliqui,1507.9,1509.1,2026-01-28
contadoconliqui,1504.4,1505.4,2026-01-29
contadoconliqui,1498.2,1499.4,2026-01-30
contadoconliqui,1498.2,1499.4,2026-01-31
contadoconliqui,1498.2,1499.4,2026-02-01
contadoconliqui,1495.2,1496.6,2026-02-03
contadoconliqui,1492.6,1494.6,2026-02-04
contadoconliqui,1504.4,1505.6,2026-02-05
contadoconliqui,1488.2,1489.2,2026-02-06
contadoconliqui,1488.2,1489.2,2026-02-07
contadoconliqui,1488.2,1489.2,2026-02-08
contadoconliqui,1477.7,1480.5,2026-02-09
contadoconliqui,1472.1,1473.8,2026-02-10
contadoconliqui,1473.6,1476.4,2026-02-11
contadoconliqui,1462.2,1464.9,2026-02-12
contadoconliqui,1464.4,1465.8,2026-02-13
contadoconliqui,1464.4,1465.8,2026-02-14
contadoconliqui,1464.4,1465.8,2026-02-15
contadoconliqui,1464.4,1465.8,2026-02-16
contadoconliqui,1464.4,1465.8,2026-02-17
contadoconliqui,1452.4,1453.4,2026-02-18
contadoconliqui,1446.3,1447.1,2026-02-19
contadoconliqui,1443.5,1445.7,2026-02-20
contadoconliqui,1443.5,1445.7,2026-02-21
contadoconliqui,1443.5,1445.7,2026-02-22
contadoconliqui,1440.8,1441.9,2026-02-23
contadoconliqui,1446.1,1447.7,2026-02-24
contadoconliqui,1471.3,1473.6,2026-02-25
contadoconliqui,1479.2,1481.6,2026-02-26
contadoconliqui,1460.1,1462.7,2026-02-27
contadoconliqui,1460.1,1462.7,2026-02-28
contadoconliqui,1460.1,1462.7,2026-03-01
contadoconliqui,1460.4,1461.1,2026-03-02
contadoconliqui,1476.5,1480.6,2026-03-03
contadoconliqui,1467.7,1468.3,2026-03-04
contadoconliqui,1474.4,1475.3,2026-03-05
contadoconliqui,1475.7,1478.7,2026-03-06
contadoconliqui,1475.7,1478.7,2026-03-07
contadoconliqui,1475.7,1478.7,2026-03-08
contadoconliqui,1471.7,1473.0,2026-03-09
contadoconliqui,1462.9,1465.0,2026-03-10
contadoconliqui,1454.3,1455.7,2026-03-11
contadoconliqui,1457.5,1458.8,2026-03-12
contadoconliqui,1471.2,1472.6,2026-03-13
contadoconliqui,1471.2,1472.6,2026-03-14
contadoconliqui,1471.2,1472.6,2026-03-15
contadoconliqui,1469.3,1472.6,2026-03-16
contadoconliqui,1467.0,1468.4,2026-03-17
contadoconliqui,1470.6,1472.5,2026-03-18
contadoconliqui,1466.6,1468.5,2026-03-19
contadoconliqui,1468.0,1470.5,2026-03-20
contadoconliqui,1468.0,1470.5,2026-03-21
contadoconliqui,1468.0,1470.5,2026-03-22
contadoconliqui,1468.0,1470.5,2026-03-23
contadoconliqui,1468.0,1470.5,2026-03-24
contadoconliqui,1450.2,1452.1,2026-03-25
contadoconliqui,1445.7,1446.1,2026-03-26
contadoconliqui,1473.7,1475.1,2026-03-27
contadoconliqui,1473.7,1475.1,2026-03-28
contadoconliqui,1473.7,1475.1,2026-03-29
contadoconliqui,1484.5,1485.3,2026-03-30
contadoconliqui,1473.0,1474.9,2026-03-31
contadoconliqui,1483.4,1484.2,2026-04-01
contadoconliqui,1483.4,1484.2,2026-04-02
contadoconliqui,1483.4,1484.2,2026-04-03
contadoconliqui,1483.4,1484.2,2026-04-04
contadoconliqui,1483.4,1484.2,2026-04-05
contadoconliqui,1481.5,1482.6,2026-04-06
contadoconliqui,1485.4,1487.7,2026-04-07
contadoconliqui,1478.0,1478.8,2026-04-08
contadoconliqui,1476.2,1477.4,2026-04-09
contadoconliqui,1470.4,1470.8,2026-04-10
contadoconliqui,1470.4,1470.8,2026-04-11
contadoconliqui,1470.4,1470.8,2026-04-12
contadoconliqui,1463.4,1466.9,2026-04-13
contadoconliqui,1463.3,1468.7,2026-04-14
contadoconliqui,1447.5,1449.3,2026-04-15
contadoconliqui,1449.6,1451.9,2026-04-16
contadoconliqui,1456.8,1459.5,2026-04-17
contadoconliqui,1456.8,1459.5,2026-04-18
contadoconliqui,1456.8,1459.5,2026-04-19
contadoconliqui,1466.1,1467.0,2026-04-20
contadoconliqui,1463.9,1465.9,2026-04-21
contadoconliqui,1470.6,1471.4,2026-04-22
contadoconliqui,1475.7,1477.7,2026-04-23
contadoconliqui,1494.6,1495.8,2026-04-24
contadoconliqui,1494.6,1495.8,2026-04-25
contadoconliqui,1494.6,1495.8,2026-04-26
contadoconliqui,1517.7,1518.7,2026-04-27
contadoconliqui,1500.4,1504.4,2026-04-28
cripto,365.19,365.19,2023-02-07
cripto,366.59,366.59,2023-02-08
cripto,367.28,367.28,2023-02-09
cripto,369.4,369.4,2023-02-10
cripto,369.4,369.4,2023-02-11
cripto,369.4,369.4,2023-02-12
cripto,369.78,369.78,2023-02-13
cripto,370.79,370.79,2023-02-14
cripto,369.16,369.16,2023-02-15
cripto,367.95,367.95,2023-02-16
cripto,366.5,366.5,2023-02-17
cripto,366.5,366.5,2023-02-18
cripto,366.5,366.5,2023-02-19
cripto,366.5,366.5,2023-02-20
cripto,366.5,366.5,2023-02-21
cripto,367.27,367.27,2023-02-22
cripto,366.97,366.97,2023-02-23
cripto,366.16,366.16,2023-02-24
cripto,366.16,366.16,2023-02-25
cripto,366.16,366.16,2023-02-26
cripto,366.81,366.81,2023-02-27
cripto,366.86,366.86,2023-02-28
cripto,366.26,366.26,2023-03-01
cripto,370.37,370.37,2023-03-02
cripto,371.89,371.89,2023-03-03
cripto,371.89,371.89,2023-03-04
cripto,371.89,371.89,2023-03-05
cripto,366.81,366.81,2023-03-06
cripto,368.7,368.7,2023-03-07
cripto,374.2,374.2,2023-03-08
cripto,380.22,380.22,2023-03-09
cripto,381.3,381.3,2023-03-10
cripto,381.3,381.3,2023-03-11
cripto,381.3,381.3,2023-03-12
cripto,377.38,377.38,2023-03-13
cripto,380.73,380.73,2023-03-14
cripto,384.72,384.72,2023-03-15
cripto,388.89,388.89,2023-03-16
cripto,394.35,394.35,2023-03-17
cripto,394.35,394.35,2023-03-18
cripto,394.35,394.35,2023-03-19
cripto,395.85,395.85,2023-03-20
cripto,397.52,397.52,2023-03-21
cripto,393.94,393.94,2023-03-22
cripto,388.74,388.74,2023-03-23
cripto,388.74,388.74,2023-03-24
cripto,388.74,388.74,2023-03-25
cripto,388.74,388.74,2023-03-26
cripto,388.03,388.03,2023-03-27
cripto,391.37,391.37,2023-03-28
cripto,392.33,392.33,2023-03-29
cripto,394.55,394.55,2023-03-30
cripto,397.81,397.81,2023-03-31
cripto,397.81,397.81,2023-04-01
cripto,397.81,397.81,2023-04-02
cripto,398.14,398.14,2023-04-03
cripto,398.29,398.29,2023-04-04
cripto,399.76,399.76,2023-04-05
cripto,399.76,399.76,2023-04-06
cripto,399.76,399.76,2023-04-07
cripto,399.76,399.76,2023-04-08
cripto,399.76,399.76,2023-04-09
cripto,394.46,394.46,2023-04-10
cripto,393.87,393.87,2023-04-11
cripto,398.05,398.05,2023-04-12
cripto,397.42,397.42,2023-04-13
cripto,399.3,399.3,2023-04-14
cripto,399.3,399.3,2023-04-15
cripto,399.3,399.3,2023-04-16
cripto,408.62,408.62,2023-04-17
cripto,421.36,421.36,2023-04-18
cripto,429.76,429.76,2023-04-19
cripto,434.37,434.37,2023-04-20
cripto,453.08,453.08,2023-04-21
cripto,453.08,453.08,2023-04-22
cripto,453.08,453.08,2023-04-23
cripto,462.02,462.02,2023-04-24
cripto,480.14,480.14,2023-04-25
cripto,462.76,462.76,2023-04-26
cripto,455.13,455.13,2023-04-27
cripto,452.12,452.12,2023-04-28
cripto,452.12,452.12,2023-04-29
cripto,452.12,452.12,2023-04-30
cripto,452.12,452.12,2023-05-01
cripto,454.68,454.68,2023-05-02
cripto,452.42,452.42,2023-05-03
cripto,451.43,451.43,2023-05-04
cripto,447.5,447.5,2023-05-05
cripto,447.5,447.5,2023-05-06
cripto,447.5,447.5,2023-05-07
cripto,454.22,454.22,2023-05-08
cripto,450.76,450.76,2023-05-09
cripto,452.45,452.45,2023-05-10
cripto,454.32,454.32,2023-05-11
cripto,463.4,463.4,2023-05-12
cripto,463.4,463.4,2023-05-13
cripto,463.4,463.4,2023-05-14
cripto,470.04,470.04,2023-05-15
cripto,480.57,480.57,2023-05-16
cripto,482.71,482.71,2023-05-17
cripto,485.68,485.68,2023-05-18
cripto,487.01,487.01,2023-05-19
cripto,487.01,487.01,2023-05-20
cripto,487.01,487.01,2023-05-21
cripto,487.48,487.48,2023-05-22
cripto,487.06,487.06,2023-05-23
cripto,487.43,487.43,2023-05-24
cripto,487.43,487.43,2023-05-25
cripto,487.43,487.43,2023-05-26
cripto,487.43,487.43,2023-05-27
cripto,487.43,487.43,2023-05-28
cripto,484.49,484.49,2023-05-29
cripto,483.23,483.23,2023-05-30
cripto,483.91,483.91,2023-05-31
cripto,486.97,486.97,2023-06-01
cripto,488.46,488.46,2023-06-02
cripto,488.46,488.46,2023-06-03
cripto,488.46,488.46,2023-06-04
cripto,491.31,491.31,2023-06-05
cripto,488.23,488.23,2023-06-06
cripto,490.21,490.21,2023-06-07
cripto,494.14,494.14,2023-06-08
cripto,493.09,493.09,2023-06-09
cripto,493.09,493.09,2023-06-10
cripto,493.09,493.09,2023-06-11
cripto,493.4,493.4,2023-06-12
cripto,494.89,494.89,2023-06-13
cripto,498.04,498.04,2023-06-14
cripto,498.05,498.05,2023-06-15
cripto,496.48,496.48,2023-06-16
cripto,496.48,496.48,2023-06-17
cripto,496.48,496.48,2023-06-18
cripto,496.48,496.48,2023-06-19
cripto,496.48,496.48,2023-06-20
cripto,497.85,497.85,2023-06-21
cripto,505.38,505.38,2023-06-22
cripto,510.63,510.63,2023-06-23
cripto,510.63,510.63,2023-06-24
cripto,510.63,510.63,2023-06-25
cripto,507.62,507.62,2023-06-26
cripto,507.17,507.17,2023-06-27
cripto,508.21,508.21,2023-06-28
cripto,505.23,505.23,2023-06-29
cripto,504.76,504.76,2023-06-30
cripto,504.76,504.76,2023-07-01
cripto,504.76,504.76,2023-07-02
cripto,501.89,501.89,2023-07-03
cripto,499.88,499.88,2023-07-04
cripto,504.73,504.73,2023-07-05
cripto,509.01,509.01,2023-07-06
cripto,508.71,508.71,2023-07-07
cripto,508.71,508.71,2023-07-08
cripto,508.71,508.71,2023-07-09
cripto,510.19,510.19,2023-07-10
cripto,514.95,514.95,2023-07-11
cripto,516.52,516.52,2023-07-12
cripto,521.11,521.11,2023-07-13
cripto,534.82,534.82,2023-07-14
cripto,534.82,534.82,2023-07-15
cripto,534.82,534.82,2023-07-16
cripto,533.13,533.13,2023-07-17
cripto,530.76,530.76,2023-07-18
cripto,527.84,527.84,2023-07-19
cripto,527.24,527.24,2023-07-20
cripto,528.45,528.45,2023-07-21
cripto,528.45,528.45,2023-07-22
cripto,528.45,528.45,2023-07-23
cripto,538.6,538.6,2023-07-24
cripto,540.46,540.46,2023-07-25
cripto,542.77,542.77,2023-07-26
cripto,546.01,546.01,2023-07-27
cripto,545.86,545.86,2023-07-28
cripto,545.86,545.86,2023-07-29
cripto,545.86,545.86,2023-07-30
cripto,546.15,546.15,2023-07-31
cripto,556.55,556.55,2023-08-01
cripto,565.99,565.99,2023-08-02
cripto,575.46,575.46,2023-08-03
cripto,579.27,579.27,2023-08-04
cripto,579.27,579.27,2023-08-05
cripto,579.27,579.27,2023-08-06
cripto,596.86,596.86,2023-08-07
cripto,602.35,602.35,2023-08-08
cripto,596.48,596.48,2023-08-09
cripto,596.73,596.73,2023-08-10
cripto,600.72,600.72,2023-08-11
cripto,600.72,600.72,2023-08-12
cripto,600.72,600.72,2023-08-13
cripto,667.12,667.12,2023-08-14
cripto,715.53,715.53,2023-08-15
cripto,740.66,740.66,2023-08-16
cripto,733.9,733.9,2023-08-17
cripto,736.5,736.5,2023-08-18
cripto,736.5,736.5,2023-08-19
cripto,736.5,736.5,2023-08-20
cripto,736.5,736.5,2023-08-21
cripto,743.04,743.04,2023-08-22
cripto,744.56,744.56,2023-08-23
cripto,748.06,748.06,2023-08-24
cripto,759.93,759.93,2023-08-25
cripto,759.93,759.93,2023-08-26
cripto,759.93,759.93,2023-08-27
cripto,773.46,773.46,2023-08-28
cripto,785.14,785.14,2023-08-29
cripto,790.01,790.01,2023-08-30
cripto,772.0,772.0,2023-08-31
cripto,765.85,765.85,2023-09-01
cripto,765.85,765.85,2023-09-02
cripto,765.85,765.85,2023-09-03
cripto,745.41,745.41,2023-09-04
cripto,751.69,751.69,2023-09-05
cripto,759.37,759.37,2023-09-06
cripto,750.2,750.2,2023-09-07
cripto,732.76,732.76,2023-09-08
cripto,732.76,732.76,2023-09-09
cripto,732.76,732.76,2023-09-10
cripto,732.75,732.75,2023-09-11
cripto,739.01,739.01,2023-09-12
cripto,744.43,744.43,2023-09-13
cripto,740.37,740.37,2023-09-14
cripto,735.52,735.52,2023-09-15
cripto,735.52,735.52,2023-09-16
cripto,735.52,735.52,2023-09-17
cripto,736.81,736.81,2023-09-18
cripto,738.81,738.81,2023-09-19
cripto,742.24,742.24,2023-09-20
cripto,750.64,750.64,2023-09-21
cripto,750.64,750.64,2023-09-22
cripto,750.64,750.64,2023-09-23
cripto,750.64,750.64,2023-09-24
cripto,755.02,755.02,2023-09-25
cripto,775.93,775.93,2023-09-26
cripto,790.95,790.95,2023-09-27
cripto,804.35,804.35,2023-09-28
cripto,814.95,814.95,2023-09-29
cripto,814.95,814.95,2023-09-30
cripto,814.95,814.95,2023-10-01
cripto,829.7,829.7,2023-10-02
cripto,854.92,854.92,2023-10-03
cripto,900.17,900.17,2023-10-04
cripto,881.82,881.82,2023-10-05
cripto,880.83,880.83,2023-10-06
cripto,880.83,880.83,2023-10-07
cripto,880.83,880.83,2023-10-08
cripto,935.84,935.84,2023-10-09
cripto,973.24,973.24,2023-10-10
cripto,974.05,974.05,2023-10-11
cripto,961.07,961.07,2023-10-12
cripto,961.07,961.07,2023-10-13
cripto,961.07,961.07,2023-10-14
cripto,961.07,961.07,2023-10-15
cripto,961.07,961.07,2023-10-16
cripto,985.56,985.56,2023-10-17
cripto,996.94,996.94,2023-10-18
cripto,1050.31,1050.31,2023-10-19
cripto,1222.44,1222.44,2023-10-20
cripto,1222.44,1222.44,2023-10-21
cripto,1222.44,1222.44,2023-10-22
cripto,1013.45,1013.45,2023-10-23
cripto,961.49,961.49,2023-10-24
cripto,933.47,933.47,2023-10-25
cripto,930.49,930.49,2023-10-26
cripto,905.32,905.32,2023-10-27
cripto,905.32,905.32,2023-10-28
cripto,905.32,905.32,2023-10-29
cripto,880.62,880.62,2023-10-30
cripto,884.65,884.65,2023-10-31
cripto,887.94,887.94,2023-11-01
cripto,896.36,896.36,2023-11-02
cripto,886.81,886.81,2023-11-03
cripto,886.81,886.81,2023-11-04
cripto,886.81,886.81,2023-11-05
cripto,886.81,886.81,2023-11-06
cripto,862.09,862.09,2023-11-07
cripto,868.01,868.01,2023-11-08
cripto,901.86,901.86,2023-11-09
cripto,919.85,919.85,2023-11-10
cripto,919.85,919.85,2023-11-11
cripto,919.85,919.85,2023-11-12
cripto,909.76,909.76,2023-11-13
cripto,902.11,902.11,2023-11-14
cripto,929.68,929.68,2023-11-15
cripto,930.45,930.45,2023-11-16
cripto,976.77,976.77,2023-11-17
cripto,976.77,976.77,2023-11-18
cripto,976.77,976.77,2023-11-19
cripto,976.77,976.77,2023-11-20
cripto,934.5,934.5,2023-11-21
cripto,993.96,993.96,2023-11-22
cripto,1004.18,1004.18,2023-11-23
cripto,980.98,980.98,2023-11-24
cripto,980.98,980.98,2023-11-25
cripto,980.98,980.98,2023-11-26
cripto,940.59,940.59,2023-11-27
cripto,892.35,892.35,2023-11-28
cripto,868.77,868.77,2023-11-29
cripto,862.57,862.57,2023-11-30
cripto,892.0,910.0,2023-12-01
cripto,880.0,895.0,2023-12-02
cripto,892.0,908.0,2023-12-03
cripto,895.0,908.0,2023-12-04
cripto,898.0,912.0,2023-12-05
cripto,897.0,916.0,2023-12-06
cripto,935.0,990.0,2023-12-07
cripto,965.0,1005.0,2023-12-08
cripto,965.0,1020.0,2023-12-09
cripto,960.0,1010.0,2023-12-10
cripto,945.0,990.0,2023-12-11
cripto,985.0,1050.0,2023-12-12
cripto,980.0,1040.0,2023-12-13
cripto,970.0,1010.0,2023-12-14
cripto,962.0,988.0,2023-12-15
cripto,962.0,986.0,2023-12-16
cripto,974.0,988.0,2023-12-17
cripto,955.0,970.0,2023-12-18
cripto,950.0,976.0,2023-12-19
cripto,940.0,970.0,2023-12-20
cripto,944.0,964.0,2023-12-21
cripto,938.0,962.0,2023-12-22
cripto,934.0,968.0,2023-12-23
cripto,948.0,984.0,2023-12-24
cripto,947.0,982.0,2023-12-25
cripto,944.0,965.0,2023-12-26
cripto,948.0,966.0,2023-12-27
cripto,944.0,960.0,2023-12-28
cripto,954.0,982.0,2023-12-29
cripto,955.0,988.0,2023-12-30
cripto,952.0,994.0,2023-12-31
cripto,958.0,989.0,2024-01-01
cripto,966.0,984.0,2024-01-02
cripto,990.0,1014.0,2024-01-03
cripto,1020.0,1046.0,2024-01-04
cripto,1048.0,1086.0,2024-01-05
cripto,1055.0,1080.0,2024-01-06
cripto,1062.0,1086.0,2024-01-07
cripto,1082.0,1135.0,2024-01-08
cripto,1148.0,1176.0,2024-01-09
cripto,1145.0,1174.0,2024-01-10
cripto,1120.0,1152.0,2024-01-11
cripto,1108.0,1142.0,2024-01-12
cripto,1110.0,1130.0,2024-01-13
cripto,1102.0,1136.0,2024-01-14
cripto,1116.0,1146.0,2024-01-15
cripto,1138.0,1178.0,2024-01-16
cripto,1204.0,1244.0,2024-01-17
cripto,1232.0,1266.0,2024-01-18
cripto,1244.0,1274.0,2024-01-19
cripto,1236.0,1260.0,2024-01-20
cripto,1204.0,1255.0,2024-01-21
cripto,1254.0,1276.0,2024-01-22
cripto,1260.0,1284.0,2024-01-23
cripto,1262.0,1288.0,2024-01-24
cripto,1260.0,1278.0,2024-01-25
cripto,1195.0,1236.0,2024-01-26
cripto,1192.0,1228.0,2024-01-27
cripto,1194.0,1226.0,2024-01-28
cripto,1226.0,1250.0,2024-01-29
cripto,1206.0,1245.0,2024-01-30
cripto,1196.0,1226.0,2024-01-31
cripto,1226.0,1258.0,2024-02-01
cripto,1225.0,1250.0,2024-02-02
cripto,1215.0,1242.0,2024-02-03
cripto,1208.0,1240.0,2024-02-04
cripto,1222.0,1246.0,2024-02-05
cripto,1194.0,1222.0,2024-02-06
cripto,1206.0,1232.0,2024-02-07
cripto,1192.0,1216.0,2024-02-08
cripto,1174.0,1200.0,2024-02-09
cripto,1140.0,1182.0,2024-02-10
cripto,1148.0,1192.0,2024-02-11
cripto,1180.0,1204.0,2024-02-12
cripto,1145.0,1180.0,2024-02-13
cripto,1124.0,1152.0,2024-02-14
cripto,1104.0,1130.0,2024-02-15
cripto,1084.0,1116.0,2024-02-16
cripto,1084.0,1118.0,2024-02-17
cripto,1080.0,1106.0,2024-02-18
cripto,1110.0,1134.0,2024-02-19
cripto,1100.0,1134.0,2024-02-20
cripto,1086.0,1114.0,2024-02-21
cripto,1050.0,1080.0,2024-02-22
cripto,1060.0,1082.0,2024-02-23
cripto,1064.0,1104.0,2024-02-24
cripto,1042.0,1090.0,2024-02-25
cripto,1068.0,1100.0,2024-02-26
cripto,1060.0,1110.0,2024-02-27
cripto,1058.0,1090.0,2024-02-28
cripto,1044.0,1074.0,2024-02-29
cripto,1046.0,1102.0,2024-03-01
cripto,1032.0,1084.0,2024-03-02
cripto,1030.0,1074.0,2024-03-03
cripto,1034.0,1060.0,2024-03-04
cripto,1024.0,1050.0,2024-03-05
cripto,1004.0,1032.0,2024-03-06
cripto,996.0,1028.0,2024-03-07
cripto,1006.0,1050.0,2024-03-08
cripto,964.0,1012.0,2024-03-09
cripto,985.0,1035.0,2024-03-10
cripto,996.0,1025.0,2024-03-11
cripto,1050.0,1096.0,2024-03-12
cripto,1042.0,1088.0,2024-03-13
cripto,1038.0,1076.0,2024-03-14
cripto,1035.0,1084.0,2024-03-15
cripto,1040.0,1092.0,2024-03-16
cripto,1046.0,1090.0,2024-03-17
cripto,1046.0,1102.0,2024-03-18
cripto,1062.0,1102.0,2024-03-19
cripto,1070.0,1104.0,2024-03-20
cripto,1072.0,1094.0,2024-03-21
cripto,1064.0,1094.0,2024-03-22
cripto,1054.0,1082.0,2024-03-23
cripto,1058.0,1092.0,2024-03-24
cripto,1062.0,1088.0,2024-03-25
cripto,1054.0,1080.0,2024-03-26
cripto,1042.0,1072.0,2024-03-27
cripto,1034.0,1070.0,2024-03-28
cripto,1030.0,1055.0,2024-03-29
cripto,1015.0,1050.0,2024-03-30
cripto,1012.0,1026.0,2024-03-31
cripto,1010.0,1038.0,2024-04-01
cripto,1014.0,1042.0,2024-04-02
cripto,1014.0,1030.0,2024-04-03
cripto,1024.0,1046.0,2024-04-04
cripto,1020.0,1058.0,2024-04-05
cripto,1020.0,1032.0,2024-04-06
cripto,1024.0,1038.0,2024-04-07
cripto,1011.0,1025.0,2024-04-08
cripto,1024.0,1044.0,2024-04-09
cripto,1022.0,1036.0,2024-04-10
cripto,1032.0,1056.0,2024-04-11
cripto,1032.0,1052.0,2024-04-12
cripto,1030.0,1068.0,2024-04-13
cripto,1054.0,1086.0,2024-04-14
cripto,1050.0,1086.0,2024-04-15
cripto,1066.0,1086.0,2024-04-16
cripto,1056.0,1076.0,2024-04-17
cripto,1046.0,1066.0,2024-04-18
cripto,1044.0,1058.0,2024-04-19
cripto,1046.0,1066.0,2024-04-20
cripto,1044.0,1064.0,2024-04-21
cripto,1044.0,1066.0,2024-04-22
cripto,1032.0,1052.0,2024-04-23
cripto,1042.0,1058.0,2024-04-24
cripto,1052.0,1074.0,2024-04-25
cripto,1060.0,1080.0,2024-04-26
cripto,1058.0,1084.0,2024-04-27
cripto,1062.0,1082.0,2024-04-28
cripto,1070.0,1092.0,2024-04-29
cripto,1066.0,1086.0,2024-04-30
cripto,1080.0,1095.0,2024-05-01
cripto,1088.0,1104.0,2024-05-02
cripto,1090.0,1108.0,2024-05-03
cripto,1094.0,1118.0,2024-05-04
cripto,1090.0,1124.0,2024-05-05
cripto,1078.0,1098.0,2024-05-06
cripto,1072.0,1090.0,2024-05-07
cripto,1052.0,1076.0,2024-05-08
cripto,1066.0,1086.0,2024-05-09
cripto,1050.0,1064.0,2024-05-10
cripto,1050.0,1070.0,2024-05-11
cripto,1059.0,1076.0,2024-05-12
cripto,1048.0,1070.0,2024-05-13
cripto,1062.0,1076.0,2024-05-14
cripto,1078.0,1095.0,2024-05-15
cripto,1080.0,1094.0,2024-05-16
cripto,1098.0,1112.0,2024-05-17
cripto,1100.0,1118.0,2024-05-18
cripto,1102.0,1118.0,2024-05-19
cripto,1128.0,1150.0,2024-05-20
cripto,1182.0,1206.0,2024-05-21
cripto,1236.0,1262.0,2024-05-22
cripto,1238.0,1258.0,2024-05-23
cripto,1202.0,1225.0,2024-05-24
cripto,1198.0,1222.0,2024-05-25
cripto,1194.0,1210.0,2024-05-26
cripto,1214.0,1234.0,2024-05-27
cripto,1211.0,1234.0,2024-05-28
cripto,1208.0,1232.0,2024-05-29
cripto,1200.0,1228.0,2024-05-30
cripto,1220.0,1246.0,2024-05-31
cripto,1226.0,1246.0,2024-06-01
cripto,1224.0,1248.0,2024-06-02
cripto,1260.0,1286.0,2024-06-03
cripto,1282.0,1300.0,2024-06-04
cripto,1278.0,1298.0,2024-06-05
cripto,1278.0,1300.0,2024-06-06
cripto,1284.0,1306.0,2024-06-07
cripto,1286.0,1324.0,2024-06-08
cripto,1288.0,1310.0,2024-06-09
cripto,1278.0,1298.0,2024-06-10
cripto,1298.0,1320.0,2024-06-11
cripto,1294.0,1316.0,2024-06-12
cripto,1266.0,1300.0,2024-06-13
cripto,1264.0,1302.0,2024-06-14
cripto,1276.0,1322.0,2024-06-15
cripto,1286.0,1370.0,2024-06-16
cripto,1298.0,1335.0,2024-06-17
cripto,1286.0,1316.0,2024-06-18
cripto,1296.0,1352.0,2024-06-19
cripto,1304.0,1346.0,2024-06-20
cripto,1303.0,1342.0,2024-06-21
cripto,1308.0,1360.0,2024-06-22
cripto,1306.0,1348.0,2024-06-23
cripto,1304.0,1354.0,2024-06-24
cripto,1316.0,1375.0,2024-06-25
cripto,1347.0,1406.0,2024-06-26
cripto,1336.0,1406.0,2024-06-27
cripto,1346.0,1390.0,2024-06-28
cripto,1362.0,1470.0,2024-06-29
cripto,1373.0,1375.0,2024-06-30
cripto,1388.0,1408.0,2024-07-01
cripto,1422.0,1442.0,2024-07-02
cripto,1406.0,1434.0,2024-07-03
cripto,1392.0,1408.0,2024-07-04
cripto,1391.0,1420.0,2024-07-05
cripto,1401.0,1420.0,2024-07-06
cripto,1422.0,1440.0,2024-07-07
cripto,1398.0,1414.0,2024-07-08
cripto,1408.0,1438.0,2024-07-09
cripto,1398.0,1442.0,2024-07-10
cripto,1423.0,1500.0,2024-07-11
cripto,1445.0,1452.0,2024-07-12
cripto,1445.0,1452.0,2024-07-13
cripto,1445.0,1452.0,2024-07-14
cripto,1420.0,1430.0,2024-07-15
cripto,1335.0,1337.5,2024-07-16
cripto,1353.48,1358.0,2024-07-17
cripto,1351.0,1353.0,2024-07-18
cripto,1366.0,1366.0,2024-07-19
cripto,1359.02,1364.0,2024-07-20
cripto,1361.2,1366.48,2024-07-21
cripto,1360.0,1370.0,2024-07-22
cripto,1367.9,1370.0,2024-07-23
cripto,1364.0,1375.0,2024-07-24
cripto,1357.64,1358.0,2024-07-25
cripto,1343.57,1365.0,2024-07-26
cripto,1344.11,1460.0,2024-07-27
cripto,1344.05,1347.57,2024-07-28
cripto,1325.0,1326.67,2024-07-29
cripto,1298.7,1305.0,2024-07-30
cripto,1310.0,1315.1,2024-07-31
cripto,1322.0,1326.35,2024-08-01
cripto,1328.0,1330.0,2024-08-02
cripto,1352.26,1358.7,2024-08-03
cripto,1363.0,1368.0,2024-08-04
cripto,1354.01,1360.5,2024-08-05
cripto,1349.2,1355.0,2024-08-06
cripto,1342.0,1344.99,2024-08-07
cripto,1331.0,1332.0,2024-08-08
cripto,1313.0,1315.9,2024-08-09
cripto,1313.85,1316.9,2024-08-10
cripto,1312.6,1318.0,2024-08-11
cripto,1303.0,1304.0,2024-08-12
cripto,1287.6,1292.8,2024-08-13
cripto,1284.79,1290.0,2024-08-14
cripto,1287.0,1300.0,2024-08-15
cripto,1288.5,1292.0,2024-08-16
cripto,1310.25,1313.0,2024-08-17
cripto,1309.77,1314.5,2024-08-18
cripto,1304.0,1305.0,2024-08-19
cripto,1307.0,1308.85,2024-08-20
cripto,1305.0,1306.9,2024-08-21
cripto,1305.0,1308.0,2024-08-22
cripto,1300.31,1303.0,2024-08-23
cripto,1302.67,1304.7,2024-08-24
cripto,1303.0,1307.0,2024-08-25
cripto,1304.0,1306.95,2024-08-26
cripto,1305.58,1309.0,2024-08-27
cripto,1305.0,1308.77,2024-08-28
cripto,1296.0,1300.5,2024-08-29
cripto,1293.0,1296.5,2024-08-30
cripto,1302.0,1305.3,2024-08-31
cripto,1299.22,1302.99,2024-09-01
cripto,1294.0,1298.3,2024-09-02
cripto,1294.9,1299.5,2024-09-03
cripto,1291.35,1295.71,2024-09-04
cripto,1265.1,1268.8,2024-09-05
cripto,1257.35,1260.0,2024-09-06
cripto,1259.6,1264.0,2024-09-07
cripto,1264.0,1265.3,2024-09-08
cripto,1239.0,1242.4,2024-09-09
cripto,1244.11,1248.4,2024-09-10
cripto,1250.0,1254.0,2024-09-11
cripto,1256.57,1260.0,2024-09-12
cripto,1252.75,1253.98,2024-09-13
cripto,1258.6,1260.0,2024-09-14
cripto,1257.7,1263.0,2024-09-15
cripto,1252.7,1254.0,2024-09-16
cripto,1248.3,1250.0,2024-09-17
cripto,1241.0,1245.0,2024-09-18
cripto,1227.1,1230.81,2024-09-19
cripto,1216.62,1219.95,2024-09-20
cripto,1210.01,1215.0,2024-09-21
cripto,1215.0,1219.0,2024-09-22
cripto,1223.12,1227.0,2024-09-23
cripto,1220.1,1223.3,2024-09-24
cripto,1218.0,1221.8,2024-09-25
cripto,1213.88,1216.0,2024-09-26
cripto,1222.0,1225.59,2024-09-27
cripto,1221.0,1225.68,2024-09-28
cripto,1223.51,1226.0,2024-09-29
cripto,1224.19,1227.11,2024-09-30
cripto,1227.17,1231.99,2024-10-01
cripto,1226.14,1230.88,2024-10-02
cripto,1215.03,1218.9,2024-10-03
cripto,1208.2,1211.5,2024-10-04
cripto,1211.01,1215.84,2024-10-05
cripto,1216.0,1219.49,2024-10-06
cripto,1205.0,1208.96,2024-10-07
cripto,1196.67,1201.08,2024-10-08
cripto,1180.0,1183.48,2024-10-09
cripto,1178.7,1182.4,2024-10-10
cripto,1189.0,1189.9,2024-10-11
cripto,1188.5,1192.0,2024-10-12
cripto,1186.74,1190.0,2024-10-13
cripto,1187.2,1190.0,2024-10-14
cripto,1190.1,1193.6,2024-10-15
cripto,1193.5,1195.0,2024-10-16
cripto,1199.25,1201.99,2024-10-17
cripto,1197.62,1201.99,2024-10-18
cripto,1202.0,1205.49,2024-10-19
cripto,1202.71,1206.45,2024-10-20
cripto,1205.03,1208.1,2024-10-21
cripto,1207.0,1209.15,2024-10-22
cripto,1199.15,1203.1,2024-10-23
cripto,1185.45,1188.9,2024-10-24
cripto,1181.5,1181.5,2024-10-25
cripto,1182.15,1183.89,2024-10-26
cripto,1181.15,1183.5,2024-10-27
cripto,1171.0,1171.99,2024-10-28
cripto,1156.5,1158.99,2024-10-29
cripto,1158.5,1162.0,2024-10-30
cripto,1157.04,1159.0,2024-10-31
cripto,1159.25,1163.07,2024-11-01
cripto,1168.59,1173.0,2024-11-02
cripto,1176.0,1181.8,2024-11-03
cripto,1165.01,1168.0,2024-11-04
cripto,1163.31,1166.9,2024-11-05
cripto,1154.0,1159.11,2024-11-06
cripto,1146.98,1149.45,2024-11-07
cripto,1138.6,1142.4,2024-11-08
cripto,1147.25,1151.8,2024-11-09
cripto,1146.75,1152.0,2024-11-10
cripto,1152.0,1154.7,2024-11-11
cripto,1150.0,1155.23,2024-11-12
cripto,1156.0,1200.0,2024-11-13
cripto,1148.45,1151.98,2024-11-14
cripto,1134.0,1136.11,2024-11-15
cripto,1140.07,1145.0,2024-11-16
cripto,1140.8,1144.4,2024-11-17
cripto,1150.26,1153.0,2024-11-18
cripto,1128.4,1132.5,2024-11-19
cripto,1121.0,1122.0,2024-11-20
cripto,1124.0,1125.38,2024-11-21
cripto,1119.0,1122.0,2024-11-22
cripto,1125.0,1127.0,2024-11-23
cripto,1123.0,1125.99,2024-11-24
cripto,1115.0,1117.6,2024-11-25
cripto,1116.0,1119.5,2024-11-26
cripto,1112.0,1115.2,2024-11-27
cripto,1110.0,1113.82,2024-11-28
cripto,1111.5,1113.0,2024-11-29
cripto,1111.64,1116.0,2024-11-30
cripto,1112.0,1114.0,2024-12-01
cripto,1102.5,1106.0,2024-12-02
cripto,1091.05,1094.5,2024-12-03
cripto,1090.6,1095.55,2024-12-04
cripto,1083.2,1086.3,2024-12-05
cripto,1070.4,1075.4,2024-12-06
cripto,1081.0,1082.0,2024-12-07
cripto,1076.53,1080.0,2024-12-08
cripto,1074.61,1078.5,2024-12-09
cripto,1078.52,1083.28,2024-12-10
cripto,1083.0,1086.3,2024-12-11
cripto,1086.9,1090.0,2024-12-12
cripto,1102.13,1104.0,2024-12-13
cripto,1115.52,1119.0,2024-12-14
cripto,1118.15,1122.68,2024-12-15
cripto,1131.5,1133.7,2024-12-16
cripto,1158.38,1160.98,2024-12-17
cripto,1184.0,1185.0,2024-12-18
cripto,1194.0,1196.0,2024-12-19
cripto,1192.0,1196.98,2024-12-20
cripto,1201.0,1205.0,2024-12-21
cripto,1203.0,1205.97,2024-12-22
cripto,1199.57,1201.34,2024-12-23
cripto,1205.51,1211.3,2024-12-24
cripto,1204.2,1209.5,2024-12-25
cripto,1208.6,1211.0,2024-12-26
cripto,1210.12,1214.5,2024-12-27
cripto,1217.0,1219.0,2024-12-28
cripto,1213.29,1218.0,2024-12-29
cripto,1222.0,1223.0,2024-12-30
cripto,1229.31,1233.45,2024-12-31
cripto,1223.02,1227.7,2025-01-01
cripto,1222.56,1227.77,2025-01-02
cripto,1196.1,1201.98,2025-01-03
cripto,1203.33,1206.7,2025-01-04
cripto,1205.5,1209.5,2025-01-05
cripto,1201.6,1205.33,2025-01-06
cripto,1209.0,1209.0,2025-01-07
cripto,1207.0,1209.5,2025-01-08
cripto,1206.0,1209.5,2025-01-09
cripto,1213.0,1214.13,2025-01-10
cripto,1224.5,1230.0,2025-01-11
cripto,1218.7,1222.69,2025-01-12
cripto,1218.0,1220.97,2025-01-13
cripto,1215.5,1217.0,2025-01-14
cripto,1207.0,1209.5,2025-01-15
cripto,1211.0,1211.8,2025-01-16
cripto,1208.0,1209.8,2025-01-17
cripto,1213.5,1216.0,2025-01-18
cripto,1222.2,1225.8,2025-01-19
cripto,1221.11,1225.86,2025-01-20
cripto,1218.98,1219.0,2025-01-21
cripto,1209.0,1210.65,2025-01-22
cripto,1210.0,1210.63,2025-01-23
cripto,1194.99,1195.0,2025-01-24
cripto,1202.0,1204.0,2025-01-25
cripto,1198.5,1201.5,2025-01-26
cripto,1195.0,1197.0,2025-01-27
cripto,1193.88,1200.5,2025-01-28
cripto,1192.0,1193.35,2025-01-29
cripto,1192.0,1194.88,2025-01-30
cripto,1198.9,1205.0,2025-01-31
cripto,1199.02,1203.0,2025-02-01
cripto,1205.0,1210.0,2025-02-02
cripto,1206.0,1211.45,2025-02-03
cripto,1203.5,1207.99,2025-02-04
cripto,1209.16,1214.0,2025-02-05
cripto,1207.8,1212.88,2025-02-06
cripto,1210.0,1213.38,2025-02-07
cripto,1212.2,1215.94,2025-02-08
cripto,1212.0,1215.55,2025-02-09
cripto,1202.25,1206.79,2025-02-10
cripto,1205.0,1207.97,2025-02-11
cripto,1206.5,1209.6,2025-02-12
cripto,1207.43,1208.9,2025-02-13
cripto,1210.0,1211.92,2025-02-14
cripto,1213.5,1217.0,2025-02-15
cripto,1217.05,1219.9,2025-02-16
cripto,1234.67,1235.05,2025-02-17
cripto,1228.65,1229.0,2025-02-18
cripto,1229.0,1230.0,2025-02-19
cripto,1228.0,1230.0,2025-02-20
cripto,1227.0,1228.99,2025-02-21
cripto,1231.7,1235.29,2025-02-22
cripto,1229.0,1232.7,2025-02-23
cripto,1228.0,1228.93,2025-02-24
cripto,1229.0,1231.23,2025-02-25
cripto,1227.0,1229.79,2025-02-26
cripto,1229.0,1233.54,2025-02-27
cripto,1232.3,1234.0,2025-02-28
cripto,1242.0,1242.08,2025-03-01
cripto,1240.0,1242.9,2025-03-02
cripto,1238.55,1242.0,2025-03-03
cripto,1236.67,1240.0,2025-03-04
cripto,1234.12,1239.4,2025-03-05
cripto,1237.0,1241.45,2025-03-06
cripto,1232.0,1234.9,2025-03-07
cripto,1236.95,1238.0,2025-03-08
cripto,1233.4,1237.51,2025-03-09
cripto,1235.13,1238.0,2025-03-10
cripto,1239.0,1242.33,2025-03-11
cripto,1240.0,1242.98,2025-03-12
cripto,1247.0,1247.76,2025-03-13
cripto,1249.95,1250.0,2025-03-14
cripto,1258.12,1261.5,2025-03-15
cripto,1255.21,1258.4,2025-03-16
cripto,1268.06,1271.89,2025-03-17
cripto,1310.0,1310.0,2025-03-18
cripto,1286.0,1288.0,2025-03-19
cripto,1289.9,1295.1,2025-03-20
cripto,1301.15,1304.25,2025-03-21
cripto,1309.9,1313.87,2025-03-22
cripto,1312.16,1316.95,2025-03-23
cripto,1315.1,1318.6,2025-03-24
cripto,1308.1,1311.89,2025-03-25
cripto,1306.72,1311.47,2025-03-26
cripto,1312.0,1315.2,2025-03-27
cripto,1322.1,1325.7,2025-03-28
cripto,1333.15,1338.3,2025-03-29
cripto,1327.66,1332.0,2025-03-30
cripto,1326.7,1331.0,2025-03-31
cripto,1319.5,1324.7,2025-04-01
cripto,1323.31,1327.95,2025-04-02
cripto,1326.0,1327.0,2025-04-03
cripto,1335.0,1337.87,2025-04-04
cripto,1340.7,1345.2,2025-04-05
cripto,1343.88,1349.7,2025-04-06
cripto,1374.0,1376.0,2025-04-07
cripto,1382.0,1386.0,2025-04-08
cripto,1363.01,1369.77,2025-04-09
cripto,1379.0,1380.0,2025-04-10
cripto,1355.0,1359.8,2025-04-11
cripto,1335.05,1339.0,2025-04-12
cripto,1324.8,1332.0,2025-04-13
cripto,1258.66,1264.79,2025-04-14
cripto,1258.66,1264.79,2025-04-15
cripto,1203.05,1207.15,2025-04-16
cripto,1202.6,1206.8,2025-04-17
cripto,1209.25,1210.0,2025-04-18
cripto,1214.2,1215.0,2025-04-19
cripto,1204.5,1209.17,2025-04-20
cripto,1142.05,1149.4,2025-04-21
cripto,1174.7,1179.8,2025-04-22
cripto,1200.0,1205.0,2025-04-23
cripto,1215.85,1220.0,2025-04-24
cripto,1212.0,1215.6,2025-04-25
cripto,1211.52,1215.8,2025-04-26
cripto,1211.76,1215.66,2025-04-27
cripto,1207.87,1210.0,2025-04-28
cripto,1200.47,1204.75,2025-04-29
cripto,1197.72,1202.19,2025-04-30
cripto,1200.06,1205.35,2025-05-01
cripto,1201.62,1206.3,2025-05-02
cripto,1202.8,1207.9,2025-05-03
cripto,1201.4,1206.3,2025-05-04
cripto,1203.47,1208.59,2025-05-05
cripto,1207.05,1211.74,2025-05-06
cripto,1177.47,1182.27,2025-05-07
cripto,1160.0,1164.55,2025-05-08
cripto,1158.0,1165.0,2025-05-09
cripto,1170.0,1170.4,2025-05-10
cripto,1163.38,1168.0,2025-05-11
cripto,1160.12,1164.75,2025-05-12
cripto,1160.3,1164.75,2025-05-13
cripto,1165.0,1167.0,2025-05-14
cripto,1170.0,1173.55,2025-05-15
cripto,1179.99,1180.0,2025-05-16
cripto,1178.57,1183.0,2025-05-17
cripto,1179.3,1183.99,2025-05-18
cripto,1173.52,1175.9,2025-05-19
cripto,1176.07,1179.5,2025-05-20
cripto,1175.31,1179.9,2025-05-21
cripto,1167.6,1171.9,2025-05-22
cripto,1166.6,1170.05,2025-05-23
cripto,1167.55,1171.48,2025-05-24
cripto,1168.06,1171.84,2025-05-25
cripto,1169.05,1171.0,2025-05-26
cripto,1178.01,1183.19,2025-05-27
cripto,1177.57,1181.01,2025-05-28
cripto,1190.9,1194.75,2025-05-29
cripto,1205.0,1208.0,2025-05-30
cripto,1209.4,1211.93,2025-05-31
cripto,1200.0,1205.5,2025-06-01
cripto,1193.95,1198.76,2025-06-02
cripto,1189.13,1194.0,2025-06-03
cripto,1192.91,1197.95,2025-06-04
cripto,1198.13,1203.5,2025-06-05
cripto,1195.61,1198.0,2025-06-06
cripto,1198.8,1204.05,2025-06-07
cripto,1199.2,1204.0,2025-06-08
cripto,1199.05,1202.9,2025-06-09
cripto,1195.53,1200.22,2025-06-10
cripto,1197.27,1201.17,2025-06-11
cripto,1197.41,1201.5,2025-06-12
cripto,1197.8,1202.1,2025-06-13
cripto,1203.7,1207.8,2025-06-14
cripto,1203.1,1207.81,2025-06-15
cripto,1209.2,1213.95,2025-06-16
cripto,1194.83,1198.8,2025-06-17
cripto,1182.57,1187.4,2025-06-18
cripto,1187.52,1190.0,2025-06-19
cripto,1194.85,1199.0,2025-06-20
cripto,1197.82,1202.4,2025-06-21
cripto,1204.25,1208.64,2025-06-22
cripto,1203.65,1207.7,2025-06-23
cripto,1198.05,1201.93,2025-06-24
cripto,1206.11,1210.65,2025-06-25
cripto,1210.0,1213.0,2025-06-26
cripto,1209.7,1213.0,2025-06-27
cripto,1212.5,1214.99,2025-06-28
cripto,1211.05,1213.89,2025-06-29
cripto,1220.5,1226.45,2025-06-30
cripto,1231.05,1236.49,2025-07-01
cripto,1241.5,1246.9,2025-07-02
cripto,1237.05,1241.0,2025-07-03
cripto,1243.0,1248.95,2025-07-04
cripto,1258.42,1262.0,2025-07-05
cripto,1260.5,1264.8,2025-07-06
cripto,1283.5,1287.7,2025-07-07
cripto,1268.25,1273.69,2025-07-08
cripto,1277.5,1281.89,2025-07-09
cripto,1281.0,1284.85,2025-07-10
cripto,1283.05,1287.8,2025-07-11
cripto,1284.85,1287.6,2025-07-12
cripto,1284.3,1288.0,2025-07-13
cripto,1310.02,1314.9,2025-07-14
cripto,1292.0,1296.0,2025-07-15
cripto,1286.4,1290.99,2025-07-16
cripto,1295.15,1297.5,2025-07-17
cripto,1303.5,1306.0,2025-07-18
cripto,1309.55,1313.74,2025-07-19
cripto,1308.05,1312.9,2025-07-20
cripto,1300.05,1303.47,2025-07-21
cripto,1280.0,1283.5,2025-07-22
cripto,1280.0,1283.08,2025-07-23
cripto,1285.16,1289.8,2025-07-24
cripto,1299.75,1301.5,2025-07-25
cripto,1298.0,1303.18,2025-07-26
cripto,1294.41,1301.77,2025-07-27
cripto,1306.3,1311.77,2025-07-28
cripto,1303.11,1308.7,2025-07-29
cripto,1323.0,1327.0,2025-07-30
cripto,1356.0,1363.5,2025-07-31
cripto,1354.31,1362.17,2025-08-01
cripto,1370.2,1376.0,2025-08-02
cripto,1367.55,1377.5,2025-08-03
cripto,1342.5,1347.5,2025-08-04
cripto,1344.06,1348.0,2025-08-05
cripto,1340.0,1344.0,2025-08-06
cripto,1334.97,1339.0,2025-08-07
cripto,1331.12,1338.45,2025-08-08
cripto,1335.0,1339.7,2025-08-09
cripto,1326.1,1334.0,2025-08-10
cripto,1332.5,1338.0,2025-08-11
cripto,1331.0,1335.01,2025-08-12
cripto,1329.81,1333.65,2025-08-13
cripto,1312.8,1318.0,2025-08-14
cripto,1324.0,1326.25,2025-08-15
cripto,1327.95,1331.19,2025-08-16
cripto,1325.3,1331.85,2025-08-17
cripto,1312.5,1316.84,2025-08-18
cripto,1315.0,1317.98,2025-08-19
cripto,1320.0,1321.8,2025-08-20
cripto,1329.0,1330.0,2025-08-21
cripto,1336.0,1338.3,2025-08-22
cripto,1342.05,1345.99,2025-08-23
cripto,1337.52,1342.89,2025-08-24
cripto,1370.63,1375.0,2025-08-25
cripto,1368.53,1372.0,2025-08-26
cripto,1365.01,1369.5,2025-08-27
cripto,1353.16,1357.8,2025-08-28
cripto,1361.14,1365.99,2025-08-29
cripto,1370.13,1373.95,2025-08-30
cripto,1367.2,1370.0,2025-08-31
cripto,1370.1,1376.87,2025-09-01
cripto,1365.7,1369.9,2025-09-02
cripto,1369.0,1373.97,2025-09-03
cripto,1377.0,1381.0,2025-09-04
cripto,1377.01,1382.37,2025-09-05
cripto,1392.6,1397.95,2025-09-06
cripto,1383.64,1389.95,2025-09-07
cripto,1415.05,1418.9,2025-09-08
cripto,1422.44,1427.0,2025-09-09
cripto,1422.0,1425.5,2025-09-10
cripto,1440.08,1446.99,2025-09-11
cripto,1461.7,1468.29,2025-09-12
cripto,1474.29,1479.78,2025-09-13
cripto,1471.2,1476.4,2025-09-14
cripto,1489.36,1493.5,2025-09-15
cripto,1481.19,1485.99,2025-09-16
cripto,1500.12,1505.25,2025-09-17
cripto,1536.51,1542.0,2025-09-18
cripto,1550.0,1554.0,2025-09-19
cripto,1563.05,1568.25,2025-09-20
cripto,1547.25,1550.0,2025-09-21
cripto,1446.1,1451.3,2025-09-22
cripto,1420.0,1421.0,2025-09-23
cripto,1402.1,1407.5,2025-09-24
cripto,1409.12,1414.0,2025-09-25
cripto,1439.71,1445.43,2025-09-26
cripto,1462.61,1465.0,2025-09-27
cripto,1454.91,1462.9,2025-09-28
cripto,1462.2,1465.0,2025-09-29
cripto,1496.18,1502.95,2025-09-30
cripto,1535.01,1540.0,2025-10-01
cripto,1514.23,1515.0,2025-10-02
cripto,1514.0,1520.0,2025-10-03
cripto,1514.0,1520.0,2025-10-04
cripto,1514.0,1520.0,2025-10-05
cripto,1514.0,1520.0,2025-10-06
cripto,1514.0,1520.0,2025-10-07
cripto,1514.0,1520.0,2025-10-08
cripto,1514.0,1520.0,2025-10-09
cripto,1514.0,1520.0,2025-10-10
cripto,1514.0,1520.0,2025-10-11
cripto,1514.0,1520.0,2025-10-12
cripto,1514.0,1520.0,2025-10-13
cripto,1514.0,1520.0,2025-10-14
cripto,1514.0,1520.0,2025-10-15
cripto,1514.0,1520.0,2025-10-16
cripto,1514.0,1520.0,2025-10-17
cripto,1514.0,1520.0,2025-10-18
cripto,1514.0,1520.0,2025-10-19
cripto,1514.0,1520.0,2025-10-20
cripto,1514.0,1520.0,2025-10-21
cripto,1514.0,1520.0,2025-10-22
cripto,1514.0,1520.0,2025-10-23
cripto,1514.0,1520.0,2025-10-24
cripto,1514.0,1520.0,2025-10-25
cripto,1514.0,1520.0,2025-10-26
cripto,1514.0,1520.0,2025-10-27
cripto,1514.0,1520.0,2025-10-28
cripto,1514.0,1520.0,2025-10-29
cripto,1514.0,1520.0,2025-10-30
cripto,1514.0,1520.0,2025-10-31
cripto,1514.0,1520.0,2025-11-01
cripto,1514.0,1520.0,2025-11-02
cripto,1514.0,1520.0,2025-11-03
cripto,1514.0,1520.0,2025-11-04
cripto,1514.0,1520.0,2025-11-05
cripto,1514.0,1520.0,2025-11-06
cripto,1514.0,1520.0,2025-11-07
cripto,1514.0,1520.0,2025-11-08
cripto,1514.0,1520.0,2025-11-09
cripto,1514.0,1520.0,2025-11-10
cripto,1514.0,1520.0,2025-11-11
cripto,1514.0,1520.0,2025-11-12
cripto,1514.0,1520.0,2025-11-13
cripto,1514.0,1520.0,2025-11-14
cripto,1514.0,1520.0,2025-11-15
cripto,1514.0,1520.0,2025-11-16
cripto,1514.0,1520.0,2025-11-17
cripto,1514.0,1520.0,2025-11-18
cripto,1461.03,1478.08,2025-11-19
cripto,1471.73,1496.47,2025-11-20
cripto,1489.64,1505.0,2025-11-21
cripto,1479.75,1505.98,2025-11-22
cripto,1487.17,1504.93,2025-11-23
cripto,1491.63,1514.29,2025-11-24
cripto,1502.9,1521.1,2025-11-25
cripto,1508.96,1525.05,2025-11-26
cripto,1503.12,1524.0,2025-11-27
cripto,1496.53,1514.96,2025-11-28
cripto,1492.91,1514.0,2025-11-29
cripto,1495.63,1514.34,2025-11-30
cripto,1492.81,1512.3,2025-12-01
cripto,1497.08,1513.44,2025-12-02
cripto,1485.45,1511.28,2025-12-03
cripto,1483.61,1498.8,2025-12-04
cripto,1481.31,1499.26,2025-12-05
cripto,1483.42,1503.9,2025-12-06
cripto,1486.25,1504.9,2025-12-07
cripto,1483.22,1501.34,2025-12-08
cripto,1476.72,1495.97,2025-12-09
cripto,1478.44,1494.92,2025-12-10
cripto,1482.9,1500.9,2025-12-11
cripto,1486.78,1506.46,2025-12-12
cripto,1484.96,1505.42,2025-12-13
cripto,1486.74,1505.58,2025-12-14
cripto,1510.09,1526.0,2025-12-15
cripto,1517.37,1539.59,2025-12-16
cripto,1522.52,1542.19,2025-12-17
cripto,1520.79,1544.96,2025-12-18
cripto,1516.64,1537.14,2025-12-19
cripto,1527.35,1546.87,2025-12-20
cripto,1530.8,1547.9,2025-12-21
cripto,1525.79,1545.83,2025-12-22
cripto,1521.43,1543.13,2025-12-23
cripto,1524.6,1545.5,2025-12-24
cripto,1527.64,1548.0,2025-12-25
cripto,1519.06,1539.11,2025-12-26
cripto,1528.96,1550.39,2025-12-27
cripto,1529.18,1547.92,2025-12-28
cripto,1524.46,1545.7,2025-12-29
cripto,1518.15,1537.99,2025-12-30
cripto,1521.14,1540.68,2025-12-31
cripto,1526.2,1546.27,2026-01-01
cripto,1528.44,1547.21,2026-01-02
cripto,1530.0,1550.82,2026-01-03
cripto,1529.78,1547.79,2026-01-04
cripto,1518.42,1541.06,2026-01-05
cripto,1509.73,1534.43,2026-01-06
cripto,1515.79,1531.5,2026-01-07
cripto,1514.01,1534.3,2026-01-08
cripto,1505.06,1528.1,2026-01-09
cripto,1511.41,1531.36,2026-01-10
cripto,1515.59,1536.25,2026-01-11
cripto,1516.79,1535.08,2026-01-12
cripto,1517.27,1534.74,2026-01-13
cripto,1512.8,1532.1,2026-01-14
cripto,1503.61,1523.81,2026-01-15
cripto,1499.16,1517.73,2026-01-16
cripto,1506.05,1525.4,2026-01-17
cripto,1506.7,1524.17,2026-01-18
cripto,1515.4,1515.5,2026-01-19
cripto,1521.0,1521.1,2026-01-20
cripto,1516.0,1516.1,2026-01-21
cripto,1512.9,1513.0,2026-01-22
cripto,1516.4,1516.5,2026-01-23
cripto,1516.9,1517.0,2026-01-24
cripto,1523.5,1523.6,2026-01-25
cripto,1517.1,1517.2,2026-01-26
cripto,1514.7,1514.8,2026-01-27
cripto,1512.8,1512.9,2026-01-28
cripto,1509.3,1509.4,2026-01-29
cripto,1503.0,1503.1,2026-01-30
cripto,1530.5,1530.7,2026-01-31
cripto,1528.1,1528.2,2026-02-01
cripto,1497.7,1497.8,2026-02-03
cripto,1501.1,1501.2,2026-02-04
cripto,1522.3,1522.4,2026-02-05
cripto,1501.3,1502.3,2026-02-06
cripto,1502.9,1503.0,2026-02-07
cripto,1493.5,1493.6,2026-02-08
cripto,1475.3,1475.4,2026-02-09
cripto,1462.8,1463.6,2026-02-10
cripto,1469.1,1469.2,2026-02-11
cripto,1469.0,1469.1,2026-02-12
cripto,1467.8,1467.9,2026-02-13
cripto,1479.4,1479.5,2026-02-14
cripto,1478.2,1478.3,2026-02-15
cripto,1481.5,1481.6,2026-02-16
cripto,1483.1,1483.2,2026-02-17
cripto,1464.3,1464.4,2026-02-18
cripto,1454.9,1455.0,2026-02-19
cripto,1455.0,1455.1,2026-02-20
cripto,1457.8,1457.9,2026-02-21
cripto,1459.1,1459.2,2026-02-22
cripto,1446.3,1446.4,2026-02-23
cripto,1448.3,1448.4,2026-02-24
cripto,1471.3,1471.4,2026-02-25
cripto,1479.0,1479.1,2026-02-26
cripto,1467.2,1467.3,2026-02-27
cripto,1484.5,1484.6,2026-02-28
cripto,1485.8,1485.9,2026-03-01
cripto,1452.7,1453.0,2026-03-02
cripto,1478.4,1478.5,2026-03-03
cripto,1465.0,1465.1,2026-03-04
cripto,1467.9,1468.0,2026-03-05
cripto,1462.2,1462.3,2026-03-06
cripto,1467.3,1467.4,2026-03-07
cripto,1476.1,1476.2,2026-03-08
cripto,1472.8,1472.9,2026-03-09
cripto,1456.2,1456.3,2026-03-10
cripto,1457.7,1457.8,2026-03-11
cripto,1462.2,1462.3,2026-03-12
cripto,1468.8,1468.9,2026-03-13
cripto,1475.4,1475.5,2026-03-14
cripto,1472.3,1472.4,2026-03-15
cripto,1472.7,1472.8,2026-03-16
cripto,1469.3,1469.4,2026-03-17
cripto,1475.1,1475.2,2026-03-18
cripto,1473.6,1473.7,2026-03-19
cripto,1475.8,1475.9,2026-03-20
cripto,1480.6,1480.7,2026-03-21
cripto,1479.7,1479.8,2026-03-22
cripto,1474.4,1474.5,2026-03-23
cripto,1473.0,1473.1,2026-03-24
cripto,1458.9,1459.0,2026-03-25
cripto,1454.5,1454.6,2026-03-26
cripto,1471.9,1472.0,2026-03-27
cripto,1473.7,1473.8,2026-03-28
cripto,1477.9,1478.0,2026-03-29
cripto,1475.4,1475.5,2026-03-30
cripto,1470.3,1470.4,2026-03-31
cripto,1477.0,1477.6,2026-04-01
cripto,1456.1,1457.2,2026-04-02
cripto,1464.7,1464.8,2026-04-03
cripto,1462.2,1462.3,2026-04-04
cripto,1461.8,1461.9,2026-04-05
cripto,1466.3,1466.4,2026-04-06
cripto,1473.9,1474.0,2026-04-07
cripto,1472.4,1472.5,2026-04-08
cripto,1472.0,1472.1,2026-04-09
cripto,1467.0,1467.1,2026-04-10
cripto,1471.2,1471.3,2026-04-11
cripto,1469.8,1469.9,2026-04-12
cripto,1466.1,1466.3,2026-04-13
cripto,1461.0,1461.1,2026-04-14
cripto,1457.9,1458.0,2026-04-15
cripto,1453.8,1453.9,2026-04-16
cripto,1454.0,1454.5,2026-04-17
cripto,1453.9,1454.0,2026-04-18
cripto,1456.0,1456.1,2026-04-19
cripto,1454.3,1455.3,2026-04-20
cripto,1465.1,1465.6,2026-04-21
cripto,1469.1,1469.2,2026-04-22
cripto,1478.2,1478.3,2026-04-23
cripto,1483.5,1484.2,2026-04-24
cripto,1483.8,1483.9,2026-04-25
cripto,1482.0,1482.1,2026-04-26
cripto,1499.6,1499.7,2026-04-27
cripto,1499.7,1499.8,2026-04-28
mayorista,102.52,102.72,2022-01-01
mayorista,102.52,102.72,2022-01-02
mayorista,102.8,103.0,2022-01-03
mayorista,102.92,103.12,2022-01-04
mayorista,102.94,103.14,2022-01-05
mayorista,103.05,103.25,2022-01-06
mayorista,103.08,103.28,2022-01-07
mayorista,103.08,103.28,2022-01-08
mayorista,103.08,103.28,2022-01-09
mayorista,103.31,103.51,2022-01-10
mayorista,103.36,103.56,2022-01-11
mayorista,103.48,103.68,2022-01-12
mayorista,103.57,103.77,2022-01-13
mayorista,103.64,103.84,2022-01-14
mayorista,103.64,103.84,2022-01-15
mayorista,103.64,103.84,2022-01-16
mayorista,103.9,104.1,2022-01-17
mayorista,103.97,104.17,2022-01-18
mayorista,104.04,104.24,2022-01-19
mayorista,104.11,104.31,2022-01-20
mayorista,104.14,104.34,2022-01-21
mayorista,104.14,104.34,2022-01-22
mayorista,104.14,104.34,2022-01-23
mayorista,104.33,104.53,2022-01-24
mayorista,104.42,104.62,2022-01-25
mayorista,104.5,104.7,2022-01-26
mayorista,104.57,104.77,2022-01-27
mayorista,104.64,104.84,2022-01-28
mayorista,104.64,104.84,2022-01-29
mayorista,104.64,104.84,2022-01-30
mayorista,104.82,105.02,2022-01-31
mayorista,104.92,105.12,2022-02-01
mayorista,105.0,105.2,2022-02-02
mayorista,105.11,105.31,2022-02-03
mayorista,105.21,105.41,2022-02-04
mayorista,105.21,105.41,2022-02-05
mayorista,105.21,105.41,2022-02-06
mayorista,105.48,105.68,2022-02-07
mayorista,105.62,105.82,2022-02-08
mayorista,105.69,105.89,2022-02-09
mayorista,105.81,106.01,2022-02-10
mayorista,105.95,106.15,2022-02-11
mayorista,105.95,106.15,2022-02-12
mayorista,105.95,106.15,2022-02-13
mayorista,106.16,106.36,2022-02-14
mayorista,106.27,106.47,2022-02-15
mayorista,106.38,106.58,2022-02-16
mayorista,106.47,106.67,2022-02-17
mayorista,106.58,106.78,2022-02-18
mayorista,106.58,106.78,2022-02-19
mayorista,106.58,106.78,2022-02-20
mayorista,106.84,107.04,2022-02-21
mayorista,106.99,107.19,2022-02-22
mayorista,106.99,107.19,2022-02-23
mayorista,107.18,107.38,2022-02-24
mayorista,107.25,107.45,2022-02-25
mayorista,107.25,107.45,2022-02-26
mayorista,107.25,107.45,2022-02-27
mayorista,107.25,107.45,2022-02-28
mayorista,107.25,107.45,2022-03-01
mayorista,107.73,107.93,2022-03-02
mayorista,107.83,108.03,2022-03-03
mayorista,107.98,108.18,2022-03-04
mayorista,107.98,108.18,2022-03-05
mayorista,107.98,108.18,2022-03-06
mayorista,108.24,108.44,2022-03-07
mayorista,108.36,108.56,2022-03-08
mayorista,108.48,108.68,2022-03-09
mayorista,108.57,108.77,2022-03-10
mayorista,108.68,108.88,2022-03-11
mayorista,108.68,108.88,2022-03-12
mayorista,108.68,108.88,2022-03-13
mayorista,109.0,109.2,2022-03-14
mayorista,109.12,109.32,2022-03-15
mayorista,109.21,109.41,2022-03-16
mayorista,109.35,109.55,2022-03-17
mayorista,109.5,109.7,2022-03-18
mayorista,109.5,109.7,2022-03-19
mayorista,109.5,109.7,2022-03-20
mayorista,109.77,109.97,2022-03-21
mayorista,109.87,110.07,2022-03-22
mayorista,109.98,110.18,2022-03-23
mayorista,109.98,110.18,2022-03-24
mayorista,110.18,110.38,2022-03-25
mayorista,110.18,110.38,2022-03-26
mayorista,110.18,110.38,2022-03-27
mayorista,110.48,110.68,2022-03-28
mayorista,110.62,110.82,2022-03-29
mayorista,110.69,110.89,2022-03-30
mayorista,110.81,111.01,2022-03-31
mayorista,110.92,111.12,2022-04-01
mayorista,110.92,111.12,2022-04-02
mayorista,110.92,111.12,2022-04-03
mayorista,110.37,111.57,2022-04-04
mayorista,110.37,111.57,2022-04-05
mayorista,110.63,111.83,2022-04-06
mayorista,111.77,111.97,2022-04-07
mayorista,111.96,112.16,2022-04-08
mayorista,111.96,112.16,2022-04-09
mayorista,111.96,112.16,2022-04-10
mayorista,112.38,112.58,2022-04-11
mayorista,112.56,112.76,2022-04-12
mayorista,112.77,112.97,2022-04-13
mayorista,112.77,112.97,2022-04-14
mayorista,112.77,112.97,2022-04-15
mayorista,112.77,112.97,2022-04-16
mayorista,112.77,112.97,2022-04-17
mayorista,113.43,113.63,2022-04-18
mayorista,113.58,113.78,2022-04-19
mayorista,113.75,113.95,2022-04-20
mayorista,113.91,114.11,2022-04-21
mayorista,114.03,114.23,2022-04-22
mayorista,114.03,114.23,2022-04-23
mayorista,114.03,114.23,2022-04-24
mayorista,114.48,114.68,2022-04-25
mayorista,114.65,114.85,2022-04-26
mayorista,114.84,115.04,2022-04-27
mayorista,114.98,115.18,2022-04-28
mayorista,115.15,115.35,2022-04-29
mayorista,115.15,115.35,2022-04-30
mayorista,115.15,115.35,2022-05-01
mayorista,115.53,115.73,2022-05-02
mayorista,115.9,115.9,2022-05-03
mayorista,115.82,116.02,2022-05-04
mayorista,115.96,116.16,2022-05-05
mayorista,116.1,116.3,2022-05-06
mayorista,116.1,116.3,2022-05-07
mayorista,116.1,116.3,2022-05-08
mayorista,116.55,116.75,2022-05-09
mayorista,116.73,116.93,2022-05-10
mayorista,116.88,117.08,2022-05-11
mayorista,117.05,117.25,2022-05-12
mayorista,117.23,117.43,2022-05-13
mayorista,117.23,117.43,2022-05-14
mayorista,117.23,117.43,2022-05-15
mayorista,117.86,117.86,2022-05-16
mayorista,117.87,118.07,2022-05-17
mayorista,117.87,118.07,2022-05-18
mayorista,118.14,118.34,2022-05-19
mayorista,118.28,118.48,2022-05-20
mayorista,118.28,118.48,2022-05-21
mayorista,118.28,118.48,2022-05-22
mayorista,118.74,118.94,2022-05-23
mayorista,118.91,119.11,2022-05-24
mayorista,118.91,119.11,2022-05-25
mayorista,119.21,119.41,2022-05-26
mayorista,119.35,119.55,2022-05-27
mayorista,119.35,119.55,2022-05-28
mayorista,119.35,119.55,2022-05-29
mayorista,119.83,120.03,2022-05-30
mayorista,119.97,120.17,2022-05-31
mayorista,120.12,120.32,2022-06-01
mayorista,120.26,120.46,2022-06-02
mayorista,120.48,120.68,2022-06-03
mayorista,120.48,120.68,2022-06-04
mayorista,120.48,120.68,2022-06-05
mayorista,120.48,120.68,2022-06-06
mayorista,121.09,121.29,2022-06-07
mayorista,121.25,121.45,2022-06-08
mayorista,121.42,121.62,2022-06-09
mayorista,121.59,121.79,2022-06-10
mayorista,121.59,121.79,2022-06-11
mayorista,121.59,121.79,2022-06-12
mayorista,122.1,122.3,2022-06-13
mayorista,122.3,122.5,2022-06-14
mayorista,122.5,122.7,2022-06-15
mayorista,122.72,122.92,2022-06-16
mayorista,122.72,122.92,2022-06-17
mayorista,122.72,122.92,2022-06-18
mayorista,122.72,122.92,2022-06-19
mayorista,122.72,122.92,2022-06-20
mayorista,123.47,123.67,2022-06-21
mayorista,123.65,123.85,2022-06-22
mayorista,123.9,124.1,2022-06-23
mayorista,124.04,124.24,2022-06-24
mayorista,124.04,124.24,2022-06-25
mayorista,124.04,124.24,2022-06-26
mayorista,124.51,124.71,2022-06-27
mayorista,124.67,124.87,2022-06-28
mayorista,124.84,125.04,2022-06-29
mayorista,125.03,125.23,2022-06-30
mayorista,125.25,125.45,2022-07-01
mayorista,125.25,125.45,2022-07-02
mayorista,125.25,125.45,2022-07-03
mayorista,125.75,125.95,2022-07-04
mayorista,126.0,126.2,2022-07-05
mayorista,126.19,126.39,2022-07-06
mayorista,126.36,126.56,2022-07-07
mayorista,126.6,126.8,2022-07-08
mayorista,126.6,126.8,2022-07-09
mayorista,126.6,126.8,2022-07-10
mayorista,127.15,127.35,2022-07-11
mayorista,127.39,127.59,2022-07-12
mayorista,127.62,127.82,2022-07-13
mayorista,127.8,128.0,2022-07-14
mayorista,128.05,128.25,2022-07-15
mayorista,128.05,128.25,2022-07-16
mayorista,128.05,128.25,2022-07-17
mayorista,128.71,128.91,2022-07-18
mayorista,128.94,129.14,2022-07-19
mayorista,129.18,129.38,2022-07-20
mayorista,129.38,129.58,2022-07-21
mayorista,129.54,129.74,2022-07-22
mayorista,129.54,129.74,2022-07-23
mayorista,129.54,129.74,2022-07-24
mayorista,130.2,130.4,2022-07-25
mayorista,130.48,130.68,2022-07-26
mayorista,130.71,130.91,2022-07-27
mayorista,130.92,131.12,2022-07-28
mayorista,131.07,131.27,2022-07-29
mayorista,131.07,131.27,2022-07-30
mayorista,131.07,131.27,2022-07-31
mayorista,131.69,131.89,2022-08-01
mayorista,132.0,132.2,2022-08-02
mayorista,132.22,132.42,2022-08-03
mayorista,132.44,132.64,2022-08-04
mayorista,132.69,132.89,2022-08-05
mayorista,132.69,132.89,2022-08-06
mayorista,132.69,132.89,2022-08-07
mayorista,133.37,133.57,2022-08-08
mayorista,133.65,133.85,2022-08-09
mayorista,133.85,134.05,2022-08-10
mayorista,134.07,134.27,2022-08-11
mayorista,134.39,134.59,2022-08-12
mayorista,134.39,134.59,2022-08-13
mayorista,134.39,134.59,2022-08-14
mayorista,134.39,134.59,2022-08-15
mayorista,135.13,135.33,2022-08-16
mayorista,135.33,135.53,2022-08-17
mayorista,135.6,135.8,2022-08-18
mayorista,135.97,136.17,2022-08-19
mayorista,135.97,136.17,2022-08-20
mayorista,135.97,136.17,2022-08-21
mayorista,136.44,136.64,2022-08-22
mayorista,136.75,136.95,2022-08-23
mayorista,136.95,137.15,2022-08-24
mayorista,137.2,137.4,2022-08-25
mayorista,137.5,137.7,2022-08-26
mayorista,137.5,137.7,2022-08-27
mayorista,137.5,137.7,2022-08-28
mayorista,138.12,138.32,2022-08-29
mayorista,138.4,138.6,2022-08-30
mayorista,138.6,138.8,2022-08-31
mayorista,138.83,139.03,2022-09-01
mayorista,138.83,139.03,2022-09-02
mayorista,138.83,139.03,2022-09-03
mayorista,138.83,139.03,2022-09-04
mayorista,140.0,140.2,2022-09-05
mayorista,140.36,140.56,2022-09-06
mayorista,140.6,140.8,2022-09-07
mayorista,140.95,141.15,2022-09-08
mayorista,141.18,141.38,2022-09-09
mayorista,141.18,141.38,2022-09-10
mayorista,141.18,141.38,2022-09-11
mayorista,142.08,142.28,2022-09-12
mayorista,142.38,142.58,2022-09-13
mayorista,142.68,142.88,2022-09-14
mayorista,143.0,143.2,2022-09-15
mayorista,143.32,143.42,2022-09-16
mayorista,143.32,143.42,2022-09-17
mayorista,143.32,143.42,2022-09-18
mayorista,144.17,144.37,2022-09-19
mayorista,144.44,144.64,2022-09-20
mayorista,144.69,144.89,2022-09-21
mayorista,144.96,145.16,2022-09-22
mayorista,145.24,145.44,2022-09-23
mayorista,145.24,145.44,2022-09-24
mayorista,145.24,145.44,2022-09-25
mayorista,146.06,146.26,2022-09-26
mayorista,146.37,146.57,2022-09-27
mayorista,146.66,146.86,2022-09-28
mayorista,146.87,147.07,2022-09-29
mayorista,147.12,147.32,2022-09-30
mayorista,147.12,147.32,2022-10-01
mayorista,147.12,147.32,2022-10-02
mayorista,148.03,148.23,2022-10-03
mayorista,148.4,148.6,2022-10-04
mayorista,148.68,148.88,2022-10-05
mayorista,149.0,149.2,2022-10-06
mayorista,149.0,149.2,2022-10-07
mayorista,149.0,149.2,2022-10-08
mayorista,149.0,149.2,2022-10-09
mayorista,149.0,149.2,2022-10-10
mayorista,150.8,151.0,2022-10-11
mayorista,150.84,151.04,2022-10-12
mayorista,151.1,151.3,2022-10-13
mayorista,151.44,151.64,2022-10-14
mayorista,151.44,151.64,2022-10-15
mayorista,151.44,151.64,2022-10-16
mayorista,152.3,152.5,2022-10-17
mayorista,152.62,152.82,2022-10-18
mayorista,152.98,153.18,2022-10-19
mayorista,153.31,153.51,2022-10-20
mayorista,153.59,153.79,2022-10-21
mayorista,153.59,153.79,2022-10-22
mayorista,153.59,153.79,2022-10-23
mayorista,154.6,154.8,2022-10-24
mayorista,154.88,155.08,2022-10-25
mayorista,155.19,155.39,2022-10-26
mayorista,155.49,155.69,2022-10-27
mayorista,155.82,156.02,2022-10-28
mayorista,155.82,156.02,2022-10-29
mayorista,155.82,156.02,2022-10-30
mayorista,156.71,156.91,2022-10-31
mayorista,157.02,157.28,2022-11-01
mayorista,157.4,157.6,2022-11-02
mayorista,157.72,157.92,2022-11-03
mayorista,158.08,158.28,2022-11-04
mayorista,158.08,158.28,2022-11-05
mayorista,158.08,158.28,2022-11-06
mayorista,159.17,159.37,2022-11-07
mayorista,159.51,159.71,2022-11-08
mayorista,159.82,160.02,2022-11-09
mayorista,160.19,160.39,2022-11-10
mayorista,160.5,160.7,2022-11-11
mayorista,160.5,160.7,2022-11-12
mayorista,160.5,160.7,2022-11-13
mayorista,161.58,161.78,2022-11-14
mayorista,161.92,162.12,2022-11-15
mayorista,162.27,162.47,2022-11-16
mayorista,162.58,162.78,2022-11-17
mayorista,162.98,163.18,2022-11-18
mayorista,162.98,163.18,2022-11-19
mayorista,162.98,163.18,2022-11-20
mayorista,162.98,163.18,2022-11-21
mayorista,164.31,164.51,2022-11-22
mayorista,164.64,164.84,2022-11-23
mayorista,165.01,165.21,2022-11-24
mayorista,165.39,165.59,2022-11-25
mayorista,165.39,165.59,2022-11-26
mayorista,165.39,165.59,2022-11-27
mayorista,166.4,166.6,2022-11-28
mayorista,166.76,166.96,2022-11-29
mayorista,167.08,167.28,2022-11-30
mayorista,167.52,167.72,2022-12-01
mayorista,167.89,168.09,2022-12-02
mayorista,167.89,168.09,2022-12-03
mayorista,167.89,168.09,2022-12-04
mayorista,169.0,169.2,2022-12-05
mayorista,169.29,169.49,2022-12-06
mayorista,169.7,169.9,2022-12-07
mayorista,169.7,169.9,2022-12-08
mayorista,169.7,169.9,2022-12-09
mayorista,169.7,169.9,2022-12-10
mayorista,169.7,169.9,2022-12-11
mayorista,171.17,171.37,2022-12-12
mayorista,171.61,171.81,2022-12-13
mayorista,171.85,172.05,2022-12-14
mayorista,172.19,172.39,2022-12-15
mayorista,172.5,172.7,2022-12-16
mayorista,172.5,172.7,2022-12-17
mayorista,172.5,172.7,2022-12-18
mayorista,173.4,173.6,2022-12-19
mayorista,173.73,173.93,2022-12-20
mayorista,174.08,174.28,2022-12-21
mayorista,174.33,174.53,2022-12-22
mayorista,174.64,174.84,2022-12-23
mayorista,174.64,174.84,2022-12-24
mayorista,174.64,174.84,2022-12-25
mayorista,174.64,175.8,2022-12-26
mayorista,175.85,176.05,2022-12-27
mayorista,176.2,176.4,2022-12-28
mayorista,176.58,176.78,2022-12-29
mayorista,176.96,177.16,2022-12-30
mayorista,176.96,177.16,2022-12-31
mayorista,176.96,177.16,2023-01-01
mayorista,177.95,178.15,2023-01-02
mayorista,178.16,178.36,2023-01-03
mayorista,178.46,178.66,2023-01-04
mayorista,178.74,178.94,2023-01-05
mayorista,179.05,179.25,2023-01-06
mayorista,179.05,179.25,2023-01-07
mayorista,179.05,179.25,2023-01-08
mayorista,179.89,180.09,2023-01-09
mayorista,180.22,180.42,2023-01-10
mayorista,180.47,180.67,2023-01-11
mayorista,180.77,180.97,2023-01-12
mayorista,181.07,181.27,2023-01-13
mayorista,181.07,181.27,2023-01-14
mayorista,181.07,181.27,2023-01-15
mayorista,182.0,182.2,2023-01-16
mayorista,182.3,182.5,2023-01-17
mayorista,182.61,182.81,2023-01-18
mayorista,182.91,183.11,2023-01-19
mayorista,183.25,183.45,2023-01-20
mayorista,183.25,183.45,2023-01-21
mayorista,183.25,183.45,2023-01-22
mayorista,184.17,184.37,2023-01-23
mayorista,184.49,184.69,2023-01-24
mayorista,184.83,185.03,2023-01-25
mayorista,185.12,185.32,2023-01-26
mayorista,185.41,185.61,2023-01-27
mayorista,185.41,185.61,2023-01-28
mayorista,185.41,185.61,2023-01-29
mayorista,186.36,186.56,2023-01-30
mayorista,186.8,187.0,2023-01-31
mayorista,187.09,187.29,2023-02-01
mayorista,187.37,187.57,2023-02-02
mayorista,187.82,188.02,2023-02-03
mayorista,187.82,188.02,2023-02-04
mayorista,187.82,188.02,2023-02-05
mayorista,188.91,189.11,2023-02-06
mayorista,189.32,189.52,2023-02-07
mayorista,189.65,189.85,2023-02-08
mayorista,190.01,190.21,2023-02-09
mayorista,190.31,190.51,2023-02-10
mayorista,190.31,190.51,2023-02-11
mayorista,190.31,190.51,2023-02-12
mayorista,191.45,191.65,2023-02-13
mayorista,191.79,191.99,2023-02-14
mayorista,192.18,192.38,2023-02-15
mayorista,192.63,192.83,2023-02-16
mayorista,192.99,193.19,2023-02-17
mayorista,192.99,193.19,2023-02-18
mayorista,192.99,193.19,2023-02-19
mayorista,192.99,193.19,2023-02-20
mayorista,192.99,193.19,2023-02-21
mayorista,194.75,194.95,2023-02-22
mayorista,195.11,195.31,2023-02-23
mayorista,195.11,195.31,2023-02-24
mayorista,195.11,195.31,2023-02-25
mayorista,195.11,195.31,2023-02-26
mayorista,196.61,196.81,2023-02-27
mayorista,196.95,197.15,2023-02-28
mayorista,196.4,197.6,2023-03-01
mayorista,197.67,197.87,2023-03-02
mayorista,198.08,198.28,2023-03-03
mayorista,198.08,198.28,2023-03-04
mayorista,198.08,198.28,2023-03-05
mayorista,199.14,199.34,2023-03-06
mayorista,199.47,199.67,2023-03-07
mayorista,199.75,199.95,2023-03-08
mayorista,200.16,200.36,2023-03-09
mayorista,200.53,200.73,2023-03-10
mayorista,200.53,200.73,2023-03-11
mayorista,200.53,200.73,2023-03-12
mayorista,201.66,201.86,2023-03-13
mayorista,201.67,202.07,2023-03-14
mayorista,202.16,202.56,2023-03-15
mayorista,202.54,202.94,2023-03-16
mayorista,202.94,203.34,2023-03-17
mayorista,202.94,203.34,2023-03-18
mayorista,202.94,203.34,2023-03-19
mayorista,204.13,204.53,2023-03-20
mayorista,204.62,205.02,2023-03-21
mayorista,204.98,205.38,2023-03-22
mayorista,205.38,205.78,2023-03-23
mayorista,205.38,205.78,2023-03-24
mayorista,205.38,205.78,2023-03-25
mayorista,205.38,205.78,2023-03-26
mayorista,207.02,207.42,2023-03-27
mayorista,207.44,207.84,2023-03-28
mayorista,207.9,208.3,2023-03-29
mayorista,208.19,208.59,2023-03-30
mayorista,208.61,209.01,2023-03-31
mayorista,208.61,209.01,2023-04-01
mayorista,208.61,209.01,2023-04-02
mayorista,209.97,210.37,2023-04-03
mayorista,210.38,210.78,2023-04-04
mayorista,210.82,211.22,2023-04-05
mayorista,210.82,211.22,2023-04-06
mayorista,210.82,211.22,2023-04-07
mayorista,210.82,211.22,2023-04-08
mayorista,210.82,211.22,2023-04-09
mayorista,212.99,213.39,2023-04-10
mayorista,213.36,213.76,2023-04-11
mayorista,213.84,214.24,2023-04-12
mayorista,214.28,214.68,2023-04-13
mayorista,214.7,215.1,2023-04-14
mayorista,214.7,215.1,2023-04-15
mayorista,214.7,215.1,2023-04-16
mayorista,215.98,216.38,2023-04-17
mayorista,216.54,216.94,2023-04-18
mayorista,217.08,217.48,2023-04-19
mayorista,217.59,217.99,2023-04-20
mayorista,218.13,218.53,2023-04-21
mayorista,218.13,218.53,2023-04-22
mayorista,218.13,218.53,2023-04-23
mayorista,219.81,220.21,2023-04-24
mayorista,220.47,220.87,2023-04-25
mayorista,221.17,221.57,2023-04-26
mayorista,221.6,222.0,2023-04-27
mayorista,222.28,222.68,2023-04-28
mayorista,222.28,222.68,2023-04-29
mayorista,222.28,222.68,2023-04-30
mayorista,222.28,222.68,2023-05-01
mayorista,224.25,224.65,2023-05-02
mayorista,224.8,225.2,2023-05-03
mayorista,225.35,225.75,2023-05-04
mayorista,225.8,226.2,2023-05-05
mayorista,225.8,226.2,2023-05-06
mayorista,225.8,226.2,2023-05-07
mayorista,227.25,227.65,2023-05-08
mayorista,227.65,228.05,2023-05-09
mayorista,228.1,228.5,2023-05-10
mayorista,228.6,229.0,2023-05-11
mayorista,229.0,229.0,2023-05-12
mayorista,229.0,229.0,2023-05-13
mayorista,229.0,229.0,2023-05-14
mayorista,230.3,230.7,2023-05-15
mayorista,230.7,231.1,2023-05-16
mayorista,231.25,231.65,2023-05-17
mayorista,231.7,232.1,2023-05-18
mayorista,232.35,232.75,2023-05-19
mayorista,232.35,232.75,2023-05-20
mayorista,232.35,232.75,2023-05-21
mayorista,233.95,234.35,2023-05-22
mayorista,234.55,234.95,2023-05-23
mayorista,235.35,235.75,2023-05-24
mayorista,235.35,235.75,2023-05-25
mayorista,235.35,235.75,2023-05-26
mayorista,235.35,235.75,2023-05-27
mayorista,235.35,235.75,2023-05-28
mayorista,237.85,238.25,2023-05-29
mayorista,238.6,239.0,2023-05-30
mayorista,239.1,239.5,2023-05-31
mayorista,239.85,240.25,2023-06-01
mayorista,240.45,240.85,2023-06-02
mayorista,240.45,240.85,2023-06-03
mayorista,240.45,240.85,2023-06-04
mayorista,242.1,242.5,2023-06-05
mayorista,242.85,243.25,2023-06-06
mayorista,243.1,243.5,2023-06-07
mayorista,244.05,244.45,2023-06-08
mayorista,244.55,244.95,2023-06-09
mayorista,244.55,244.95,2023-06-10
mayorista,244.55,244.95,2023-06-11
mayorista,246.4,246.8,2023-06-12
mayorista,246.7,247.1,2023-06-13
mayorista,247.55,247.95,2023-06-14
mayorista,248.2,248.6,2023-06-15
mayorista,249.05,249.45,2023-06-16
mayorista,249.05,249.45,2023-06-17
mayorista,249.05,249.45,2023-06-18
mayorista,249.05,249.45,2023-06-19
mayorista,249.05,249.45,2023-06-20
mayorista,251.55,251.95,2023-06-21
mayorista,252.2,252.6,2023-06-22
mayorista,252.6,253.0,2023-06-23
mayorista,252.6,253.0,2023-06-24
mayorista,252.6,253.0,2023-06-25
mayorista,254.2,254.6,2023-06-26
mayorista,254.85,255.25,2023-06-27
mayorista,255.45,255.85,2023-06-28
mayorista,255.8,256.2,2023-06-29
mayorista,256.3,256.7,2023-06-30
mayorista,256.3,256.7,2023-07-01
mayorista,256.3,256.7,2023-07-02
mayorista,257.6,258.0,2023-07-03
mayorista,258.95,259.35,2023-07-04
mayorista,259.1,259.5,2023-07-05
mayorista,260.0,260.4,2023-07-06
mayorista,260.6,261.0,2023-07-07
mayorista,260.6,261.0,2023-07-08
mayorista,260.6,261.0,2023-07-09
mayorista,262.1,262.5,2023-07-10
mayorista,262.8,263.2,2023-07-11
mayorista,263.65,264.05,2023-07-12
mayorista,263.95,264.35,2023-07-13
mayorista,264.75,265.15,2023-07-14
mayorista,264.75,265.15,2023-07-15
mayorista,264.75,265.15,2023-07-16
mayorista,266.35,266.75,2023-07-17
mayorista,267.65,267.65,2023-07-18
mayorista,267.55,267.95,2023-07-19
mayorista,268.3,268.7,2023-07-20
mayorista,269.05,269.45,2023-07-21
mayorista,269.05,269.45,2023-07-22
mayorista,269.05,269.45,2023-07-23
mayorista,270.6,271.0,2023-07-24
mayorista,271.55,271.95,2023-07-25
mayorista,272.1,272.5,2023-07-26
mayorista,272.1,273.2,2023-07-27
mayorista,273.3,273.7,2023-07-28
mayorista,273.3,273.7,2023-07-29
mayorista,273.3,273.7,2023-07-30
mayorista,274.85,275.25,2023-07-31
mayorista,275.75,276.15,2023-08-01
mayorista,277.0,277.4,2023-08-02
mayorista,277.7,278.1,2023-08-03
mayorista,278.95,279.35,2023-08-04
mayorista,278.95,279.35,2023-08-05
mayorista,278.95,279.35,2023-08-06
mayorista,282.8,283.2,2023-08-07
mayorista,283.8,284.2,2023-08-08
mayorista,284.75,285.15,2023-08-09
mayorista,285.8,286.2,2023-08-10
mayorista,286.95,287.35,2023-08-11
mayorista,286.95,287.35,2023-08-12
mayorista,286.95,287.35,2023-08-13
mayorista,348.95,349.95,2023-08-14
mayorista,349.0,350.0,2023-08-15
mayorista,349.65,350.05,2023-08-16
mayorista,349.55,349.95,2023-08-17
mayorista,348.95,349.95,2023-08-18
mayorista,348.95,349.95,2023-08-19
mayorista,348.95,349.95,2023-08-20
mayorista,348.95,349.95,2023-08-21
mayorista,348.95,349.95,2023-08-22
mayorista,348.95,349.95,2023-08-23
mayorista,349.0,350.0,2023-08-24
mayorista,349.1,350.1,2023-08-25
mayorista,349.1,350.1,2023-08-26
mayorista,349.1,350.1,2023-08-27
mayorista,348.95,349.95,2023-08-28
mayorista,349.0,350.0,2023-08-29
mayorista,349.0,350.0,2023-08-30
mayorista,349.0,350.0,2023-08-31
mayorista,349.1,350.1,2023-09-01
mayorista,349.1,350.1,2023-09-02
mayorista,349.1,350.1,2023-09-03
mayorista,349.0,350.0,2023-09-04
mayorista,349.0,350.0,2023-09-05
mayorista,349.0,350.0,2023-09-06
mayorista,348.95,349.95,2023-09-07
mayorista,286.95,287.35,2023-09-08
mayorista,286.95,287.35,2023-09-09
mayorista,286.95,287.35,2023-09-10
mayorista,286.95,287.35,2023-09-11
mayorista,286.95,287.35,2023-09-12
mayorista,349.05,350.05,2023-09-13
mayorista,349.0,350.0,2023-09-14
mayorista,349.0,350.0,2023-09-15
mayorista,349.0,350.0,2023-09-16
mayorista,349.0,350.0,2023-09-17
mayorista,349.0,350.0,2023-09-18
mayorista,348.95,349.95,2023-09-19
mayorista,349.1,350.1,2023-09-20
mayorista,349.0,350.0,2023-09-21
mayorista,349.05,350.05,2023-09-22
mayorista,349.05,350.05,2023-09-23
mayorista,349.05,350.05,2023-09-24
mayorista,349.05,350.05,2023-09-25
mayorista,349.0,350.0,2023-09-26
mayorista,349.0,350.0,2023-09-27
mayorista,349.05,350.05,2023-09-28
mayorista,348.95,349.95,2023-09-29
mayorista,348.95,349.95,2023-09-30
mayorista,348.95,349.95,2023-10-01
mayorista,349.05,350.05,2023-10-02
mayorista,349.05,350.05,2023-10-03
mayorista,349.0,350.0,2023-10-04
mayorista,349.0,350.0,2023-10-05
mayorista,349.1,350.1,2023-10-06
mayorista,349.1,350.1,2023-10-07
mayorista,349.1,350.1,2023-10-08
mayorista,349.1,350.1,2023-10-09
mayorista,349.1,350.1,2023-10-10
mayorista,349.1,350.1,2023-10-11
mayorista,348.95,349.95,2023-10-12
mayorista,348.95,349.95,2023-10-13
mayorista,348.95,349.95,2023-10-14
mayorista,348.95,349.95,2023-10-15
mayorista,348.95,349.95,2023-10-16
mayorista,349.1,350.1,2023-10-17
mayorista,349.1,350.1,2023-10-18
mayorista,348.95,349.95,2023-10-19
mayorista,348.95,349.95,2023-10-20
mayorista,348.95,349.95,2023-10-21
mayorista,348.95,349.95,2023-10-22
mayorista,348.95,349.95,2023-10-23
mayorista,348.95,349.95,2023-10-24
mayorista,349.1,350.1,2023-10-25
mayorista,348.95,349.95,2023-10-26
mayorista,348.95,349.95,2023-10-27
mayorista,348.95,349.95,2023-10-28
mayorista,348.95,349.95,2023-10-29
mayorista,348.95,349.95,2023-10-30
mayorista,349.0,350.0,2023-10-31
mayorista,348.95,349.95,2023-11-01
mayorista,349.1,350.1,2023-11-02
mayorista,349.1,350.1,2023-11-03
mayorista,349.1,350.1,2023-11-04
mayorista,349.1,350.1,2023-11-05
mayorista,349.1,350.1,2023-11-06
mayorista,349.0,350.0,2023-11-07
mayorista,348.95,349.95,2023-11-08
mayorista,348.95,349.95,2023-11-09
mayorista,348.95,349.95,2023-11-10
mayorista,348.95,349.95,2023-11-11
mayorista,348.95,349.95,2023-11-12
mayorista,348.95,349.95,2023-11-13
mayorista,349.1,350.1,2023-11-14
mayorista,351.95,352.95,2023-11-15
mayorista,352.45,353.45,2023-11-16
mayorista,352.95,353.95,2023-11-17
mayorista,352.95,353.95,2023-11-18
mayorista,352.95,353.95,2023-11-19
mayorista,352.95,353.95,2023-11-20
mayorista,354.95,355.95,2023-11-21
mayorista,355.45,356.45,2023-11-22
mayorista,355.95,356.95,2023-11-23
mayorista,356.6,357.6,2023-11-24
mayorista,356.6,357.6,2023-11-25
mayorista,356.6,357.6,2023-11-26
mayorista,358.0,359.0,2023-11-27
mayorista,358.5,359.5,2023-11-28
mayorista,359.0,360.0,2023-11-29
mayorista,359.5,360.5,2023-11-30
mayorista,360.1,361.1,2023-12-01
mayorista,360.1,361.1,2023-12-02
mayorista,360.1,361.1,2023-12-03
mayorista,361.45,362.45,2023-12-04
mayorista,362.1,363.1,2023-12-05
mayorista,362.7,363.7,2023-12-06
mayorista,384.0,385.0,2023-12-07
mayorista,384.0,385.0,2023-12-08
mayorista,384.0,385.0,2023-12-09
mayorista,384.0,385.0,2023-12-10
mayorista,364.95,365.95,2023-12-11
mayorista,365.45,366.45,2023-12-12
mayorista,365.45,366.45,2023-12-13
mayorista,365.45,366.45,2023-12-14
mayorista,365.45,366.45,2023-12-15
mayorista,365.45,366.45,2023-12-16
mayorista,365.45,366.45,2023-12-17
mayorista,365.45,366.45,2023-12-18
mayorista,365.45,366.45,2023-12-19
mayorista,365.45,366.45,2023-12-20
mayorista,365.45,366.45,2023-12-21
mayorista,365.45,366.45,2023-12-22
mayorista,365.45,366.45,2023-12-23
mayorista,365.45,366.45,2023-12-24
mayorista,365.45,366.45,2023-12-25
mayorista,365.45,366.45,2023-12-26
mayorista,365.45,366.45,2023-12-27
mayorista,365.45,366.45,2023-12-28
mayorista,365.45,366.45,2023-12-29
mayorista,365.45,366.45,2023-12-30
mayorista,365.45,366.45,2023-12-31
mayorista,365.45,366.45,2024-01-01
mayorista,365.45,366.45,2024-01-02
mayorista,365.45,366.45,2024-01-03
mayorista,365.45,366.45,2024-01-04
mayorista,365.45,366.45,2024-01-05
mayorista,365.45,366.45,2024-01-06
mayorista,365.45,366.45,2024-01-07
mayorista,365.45,366.45,2024-01-08
mayorista,365.45,366.45,2024-01-09
mayorista,365.45,366.45,2024-01-10
mayorista,793.41,833.33,2024-01-11
mayorista,793.91,833.83,2024-01-12
mayorista,793.91,833.83,2024-01-13
mayorista,793.91,833.83,2024-01-14
mayorista,795.66,835.58,2024-01-15
mayorista,796.15,836.07,2024-01-16
mayorista,796.65,836.57,2024-01-17
mayorista,797.15,837.07,2024-01-18
mayorista,797.65,837.57,2024-01-19
mayorista,797.65,837.57,2024-01-20
mayorista,797.65,837.57,2024-01-21
mayorista,799.15,839.07,2024-01-22
mayorista,799.65,839.57,2024-01-23
mayorista,799.65,839.57,2024-01-24
mayorista,799.65,839.57,2024-01-25
mayorista,799.65,839.57,2024-01-26
mayorista,799.65,839.57,2024-01-27
mayorista,799.65,839.57,2024-01-28
mayorista,799.65,839.57,2024-01-29
mayorista,799.65,839.57,2024-01-30
mayorista,799.65,839.57,2024-01-31
mayorista,799.65,839.57,2024-02-01
mayorista,799.65,839.57,2024-02-02
mayorista,799.65,839.57,2024-02-03
mayorista,799.65,839.57,2024-02-04
mayorista,799.65,839.57,2024-02-05
mayorista,799.65,839.57,2024-02-06
mayorista,799.65,839.57,2024-02-07
mayorista,799.65,839.57,2024-02-08
mayorista,799.65,839.57,2024-02-09
mayorista,799.65,839.57,2024-02-10
mayorista,799.65,839.57,2024-02-11
mayorista,799.65,839.57,2024-02-12
mayorista,799.65,839.57,2024-02-13
mayorista,799.65,839.57,2024-02-14
mayorista,799.65,839.57,2024-02-15
mayorista,799.65,839.57,2024-02-16
mayorista,799.65,839.57,2024-02-17
mayorista,799.65,839.57,2024-02-18
mayorista,799.65,839.57,2024-02-19
mayorista,799.65,839.57,2024-02-20
mayorista,799.65,839.57,2024-02-21
mayorista,799.65,839.57,2024-02-22
mayorista,799.65,839.57,2024-02-23
mayorista,799.65,839.57,2024-02-24
mayorista,799.65,839.57,2024-02-25
mayorista,799.65,839.57,2024-02-26
mayorista,799.65,839.57,2024-02-27
mayorista,799.65,839.57,2024-02-28
mayorista,799.65,839.57,2024-02-29
mayorista,799.65,839.57,2024-03-01
mayorista,799.65,839.57,2024-03-02
mayorista,799.65,839.57,2024-03-03
mayorista,799.65,839.57,2024-03-04
mayorista,799.65,839.57,2024-03-05
mayorista,799.65,839.57,2024-03-06
mayorista,799.65,839.57,2024-03-07
mayorista,799.65,839.57,2024-03-08
mayorista,799.65,839.57,2024-03-09
mayorista,799.65,839.57,2024-03-10
mayorista,799.65,839.57,2024-03-11
mayorista,799.65,839.57,2024-03-12
mayorista,826.84,866.76,2024-03-13
mayorista,827.34,867.26,2024-03-14
mayorista,827.84,867.76,2024-03-15
mayorista,827.84,867.76,2024-03-16
mayorista,827.84,867.76,2024-03-17
mayorista,829.34,869.26,2024-03-18
mayorista,829.84,869.76,2024-03-19
mayorista,830.34,870.26,2024-03-20
mayorista,830.84,870.76,2024-03-21
mayorista,831.83,871.75,2024-03-22
mayorista,831.83,871.75,2024-03-23
mayorista,831.83,871.75,2024-03-24
mayorista,833.33,873.25,2024-03-25
mayorista,833.83,873.75,2024-03-26
mayorista,834.33,874.25,2024-03-27
mayorista,834.33,874.25,2024-03-28
mayorista,834.33,874.25,2024-03-29
mayorista,834.33,874.25,2024-03-30
mayorista,834.33,874.25,2024-03-31
mayorista,834.33,874.25,2024-04-01
mayorista,834.33,874.25,2024-04-02
mayorista,838.32,878.24,2024-04-03
mayorista,838.82,878.74,2024-04-04
mayorista,839.82,879.74,2024-04-05
mayorista,839.82,879.74,2024-04-06
mayorista,839.82,879.74,2024-04-07
mayorista,841.31,881.23,2024-04-08
mayorista,841.81,881.73,2024-04-09
mayorista,841.81,881.73,2024-04-10
mayorista,862.5,865.5,2024-04-11
mayorista,863.5,866.5,2024-04-12
mayorista,863.5,866.5,2024-04-13
mayorista,863.5,866.5,2024-04-14
mayorista,865.0,868.0,2024-04-15
mayorista,865.5,868.5,2024-04-16
mayorista,866.5,869.5,2024-04-17
mayorista,867.0,870.0,2024-04-18
mayorista,868.5,871.5,2024-04-19
mayorista,868.5,871.5,2024-04-20
mayorista,868.5,871.5,2024-04-21
mayorista,869.0,872.0,2024-04-22
mayorista,869.5,872.5,2024-04-23
mayorista,870.0,873.0,2024-04-24
mayorista,871.0,874.0,2024-04-25
mayorista,872.0,875.0,2024-04-26
mayorista,872.0,875.0,2024-04-27
mayorista,872.0,875.0,2024-04-28
mayorista,873.5,876.5,2024-04-29
mayorista,873.5,876.5,2024-04-30
mayorista,873.5,876.5,2024-05-01
mayorista,875.0,878.0,2024-05-02
mayorista,875.5,878.5,2024-05-03
mayorista,875.5,878.5,2024-05-04
mayorista,875.5,878.5,2024-05-05
mayorista,877.0,880.0,2024-05-06
mayorista,877.5,880.5,2024-05-07
mayorista,878.5,881.5,2024-05-08
mayorista,879.0,882.0,2024-05-09
mayorista,879.5,882.5,2024-05-10
mayorista,879.5,882.5,2024-05-11
mayorista,879.5,882.5,2024-05-12
mayorista,881.0,884.0,2024-05-13
mayorista,882.0,885.0,2024-05-14
mayorista,882.5,885.5,2024-05-15
mayorista,883.0,886.0,2024-05-16
mayorista,883.5,886.5,2024-05-17
mayorista,883.5,886.5,2024-05-18
mayorista,883.5,886.5,2024-05-19
mayorista,885.5,888.5,2024-05-20
mayorista,886.0,889.0,2024-05-21
mayorista,886.5,889.5,2024-05-22
mayorista,887.0,890.0,2024-05-23
mayorista,887.5,890.5,2024-05-24
mayorista,887.5,890.5,2024-05-25
mayorista,887.5,890.5,2024-05-26
mayorista,890.5,893.5,2024-05-27
mayorista,890.5,893.5,2024-05-28
mayorista,890.5,893.5,2024-05-29
mayorista,891.0,894.0,2024-05-30
mayorista,892.5,895.5,2024-05-31
mayorista,892.5,895.5,2024-06-01
mayorista,892.5,895.5,2024-06-02
mayorista,894.0,897.0,2024-06-03
mayorista,894.0,897.0,2024-06-04
mayorista,895.5,898.5,2024-06-05
mayorista,895.0,898.0,2024-06-06
mayorista,896.0,899.0,2024-06-07
mayorista,896.0,899.0,2024-06-08
mayorista,896.0,899.0,2024-06-09
mayorista,899.0,902.0,2024-06-10
mayorista,899.0,902.0,2024-06-11
mayorista,898.5,901.5,2024-06-12
mayorista,899.0,902.0,2024-06-13
mayorista,880.24,920.16,2024-06-14
mayorista,900.5,903.5,2024-06-15
mayorista,900.5,903.5,2024-06-16
mayorista,900.5,903.5,2024-06-17
mayorista,882.23,922.15,2024-06-18
mayorista,904.5,907.5,2024-06-19
mayorista,904.5,907.5,2024-06-20
mayorista,904.5,907.5,2024-06-21
mayorista,904.5,907.5,2024-06-22
mayorista,904.5,907.5,2024-06-23
mayorista,905.5,908.5,2024-06-24
mayorista,885.73,925.65,2024-06-25
mayorista,886.22,926.14,2024-06-26
mayorista,887.72,927.64,2024-06-27
mayorista,888.72,928.64,2024-06-28
mayorista,888.72,928.64,2024-06-29
mayorista,888.72,928.64,2024-06-30
mayorista,890.72,930.64,2024-07-01
mayorista,891.21,931.13,2024-07-02
mayorista,891.71,931.63,2024-07-03
mayorista,892.21,932.13,2024-07-04
mayorista,892.71,932.63,2024-07-05
mayorista,892.71,932.63,2024-07-06
mayorista,892.71,932.63,2024-07-07
mayorista,894.71,934.63,2024-07-08
mayorista,894.71,934.63,2024-07-09
mayorista,894.71,934.63,2024-07-10
mayorista,894.71,934.63,2024-07-11
mayorista,894.71,934.63,2024-07-12
mayorista,894.71,934.63,2024-07-13
mayorista,894.71,934.63,2024-07-14
mayorista,894.71,934.63,2024-07-15
mayorista,894.71,934.63,2024-07-16
mayorista,894.71,934.63,2024-07-17
mayorista,894.71,934.63,2024-07-18
mayorista,894.71,934.63,2024-07-19
mayorista,894.71,934.63,2024-07-20
mayorista,894.71,934.63,2024-07-21
mayorista,894.71,934.63,2024-07-22
mayorista,894.71,934.63,2024-07-23
mayorista,894.71,934.63,2024-07-24
mayorista,894.71,934.63,2024-07-25
mayorista,894.71,934.63,2024-07-26
mayorista,894.71,934.63,2024-07-27
mayorista,894.71,934.63,2024-07-28
mayorista,894.71,934.63,2024-07-29
mayorista,894.71,934.63,2024-07-30
mayorista,894.71,934.63,2024-07-31
mayorista,894.71,934.63,2024-08-01
mayorista,894.71,934.63,2024-08-02
mayorista,911.67,951.59,2024-08-03
mayorista,911.67,951.59,2024-08-04
mayorista,912.17,952.09,2024-08-05
mayorista,912.67,952.59,2024-08-06
mayorista,913.67,953.59,2024-08-07
mayorista,913.67,953.59,2024-08-08
mayorista,915.67,955.59,2024-08-09
mayorista,915.67,955.59,2024-08-10
mayorista,915.67,955.59,2024-08-11
mayorista,916.16,956.08,2024-08-12
mayorista,936.5,939.5,2024-08-13
mayorista,936.5,939.5,2024-08-14
mayorista,936.5,939.5,2024-08-15
mayorista,936.5,939.5,2024-08-16
mayorista,936.5,939.5,2024-08-17
mayorista,936.5,939.5,2024-08-18
mayorista,936.5,939.5,2024-08-19
mayorista,936.5,939.5,2024-08-20
mayorista,936.5,939.5,2024-08-21
mayorista,936.5,939.5,2024-08-22
mayorista,936.5,939.5,2024-08-23
mayorista,936.5,939.5,2024-08-24
mayorista,936.5,939.5,2024-08-25
mayorista,936.5,939.5,2024-08-26
mayorista,936.5,939.5,2024-08-27
mayorista,936.5,939.5,2024-08-28
mayorista,936.5,939.5,2024-08-29
mayorista,936.5,939.5,2024-08-30
mayorista,936.5,939.5,2024-08-31
mayorista,936.5,939.5,2024-09-01
mayorista,936.5,939.5,2024-09-02
mayorista,936.5,939.5,2024-09-03
mayorista,936.5,939.5,2024-09-04
mayorista,936.5,939.5,2024-09-05
mayorista,936.5,939.5,2024-09-06
mayorista,936.5,939.5,2024-09-07
mayorista,936.5,939.5,2024-09-08
mayorista,936.5,939.5,2024-09-09
mayorista,936.5,939.5,2024-09-10
mayorista,936.5,939.5,2024-09-11
mayorista,936.5,939.5,2024-09-12
mayorista,936.5,939.5,2024-09-13
mayorista,936.5,939.5,2024-09-14
mayorista,936.5,939.5,2024-09-15
mayorista,936.5,939.5,2024-09-16
mayorista,936.5,939.5,2024-09-17
mayorista,936.5,939.5,2024-09-18
mayorista,936.5,939.5,2024-09-19
mayorista,936.5,939.5,2024-09-20
mayorista,936.5,939.5,2024-09-21
mayorista,936.5,939.5,2024-09-22
mayorista,936.5,939.5,2024-09-23
mayorista,936.5,939.5,2024-09-24
mayorista,936.5,939.5,2024-09-25
mayorista,936.5,939.5,2024-09-26
mayorista,936.5,939.5,2024-09-27
mayorista,936.5,939.5,2024-09-28
mayorista,936.5,939.5,2024-09-29
mayorista,936.5,939.5,2024-09-30
mayorista,936.5,939.5,2024-10-01
mayorista,936.5,939.5,2024-10-02
mayorista,936.5,939.5,2024-10-03
mayorista,936.5,939.5,2024-10-04
mayorista,936.5,939.5,2024-10-05
mayorista,936.5,939.5,2024-10-06
mayorista,936.5,939.5,2024-10-07
mayorista,936.5,939.5,2024-10-08
mayorista,936.5,939.5,2024-10-09
mayorista,936.5,939.5,2024-10-10
mayorista,936.5,939.5,2024-10-11
mayorista,936.5,939.5,2024-10-12
mayorista,936.5,939.5,2024-10-13
mayorista,936.5,939.5,2024-10-14
mayorista,936.5,939.5,2024-10-15
mayorista,936.5,939.5,2024-10-16
mayorista,936.5,939.5,2024-10-17
mayorista,936.5,939.5,2024-10-18
mayorista,936.5,939.5,2024-10-19
mayorista,936.5,939.5,2024-10-20
mayorista,936.5,939.5,2024-10-21
mayorista,936.5,939.5,2024-10-22
mayorista,982.5,985.5,2024-10-23
mayorista,984.0,987.0,2024-10-24
mayorista,985.0,988.0,2024-10-25
mayorista,985.0,988.0,2024-10-26
mayorista,985.0,988.0,2024-10-27
mayorista,985.5,988.5,2024-10-28
mayorista,986.0,989.0,2024-10-29
mayorista,987.0,990.0,2024-10-30
mayorista,989.0,992.0,2024-10-31
mayorista,990.0,993.0,2024-11-01
mayorista,990.0,993.0,2024-11-02
mayorista,990.0,993.0,2024-11-03
mayorista,990.0,993.0,2024-11-04
mayorista,991.5,994.5,2024-11-05
mayorista,991.5,994.5,2024-11-06
mayorista,992.0,995.0,2024-11-07
mayorista,994.0,997.0,2024-11-08
mayorista,994.0,997.0,2024-11-09
mayorista,994.0,997.0,2024-11-10
mayorista,995.0,998.0,2024-11-11
mayorista,995.5,998.5,2024-11-12
mayorista,996.0,999.0,2024-11-13
mayorista,996.5,999.5,2024-11-14
mayorista,999.5,1002.5,2024-11-15
mayorista,999.5,1002.5,2024-11-16
mayorista,999.5,1002.5,2024-11-17
mayorista,999.5,1002.5,2024-11-18
mayorista,1000.0,1003.0,2024-11-19
mayorista,1000.5,1003.5,2024-11-20
mayorista,1002.0,1005.0,2024-11-21
mayorista,1004.0,1007.0,2024-11-22
mayorista,1004.0,1007.0,2024-11-23
mayorista,1004.0,1007.0,2024-11-24
mayorista,1004.0,1007.0,2024-11-25
mayorista,1005.0,1008.0,2024-11-26
mayorista,1005.5,1008.5,2024-11-27
mayorista,1006.0,1009.0,2024-11-28
mayorista,1008.5,1011.5,2024-11-29
mayorista,1008.5,1011.5,2024-11-30
mayorista,1008.5,1011.5,2024-12-01
mayorista,1009.5,1012.5,2024-12-02
mayorista,1009.5,1012.5,2024-12-03
mayorista,1010.0,1013.0,2024-12-04
mayorista,1011.5,1014.5,2024-12-05
mayorista,1012.5,1015.5,2024-12-06
mayorista,1012.5,1015.5,2024-12-07
mayorista,1012.5,1015.5,2024-12-08
mayorista,1013.5,1016.5,2024-12-09
mayorista,1014.5,1017.0,2024-12-10
mayorista,1015.0,1018.0,2024-12-11
mayorista,1016.0,1019.0,2024-12-12
mayorista,1017.5,1020.5,2024-12-13
mayorista,1017.5,1020.5,2024-12-14
mayorista,1017.5,1020.5,2024-12-15
mayorista,1019.5,1022.5,2024-12-16
mayorista,1019.5,1022.5,2024-12-17
mayorista,1019.5,1022.5,2024-12-18
mayorista,1020.0,1023.0,2024-12-19
mayorista,1022.0,1025.0,2024-12-20
mayorista,1022.0,1025.0,2024-12-21
mayorista,1022.0,1025.0,2024-12-22
mayorista,1025.5,1028.5,2024-12-23
mayorista,1025.5,1028.5,2024-12-24
mayorista,1025.5,1028.5,2024-12-25
mayorista,1026.5,1029.5,2024-12-26
mayorista,1028.5,1031.5,2024-12-27
mayorista,1028.5,1031.5,2024-12-28
mayorista,1028.5,1031.5,2024-12-29
mayorista,1029.0,1032.0,2024-12-30
mayorista,1029.0,1032.0,2024-12-31
mayorista,1029.0,1032.0,2025-01-01
mayorista,1029.0,1032.0,2025-01-02
mayorista,1032.5,1035.5,2025-01-03
mayorista,1032.5,1035.5,2025-01-04
mayorista,1032.5,1035.5,2025-01-05
mayorista,1032.5,1035.5,2025-01-06
mayorista,1033.0,1036.0,2025-01-07
mayorista,1033.5,1036.5,2025-01-08
mayorista,1034.5,1037.5,2025-01-09
mayorista,1036.5,1039.5,2025-01-10
mayorista,1036.5,1039.5,2025-01-11
mayorista,1036.5,1039.5,2025-01-12
mayorista,1037.0,1040.0,2025-01-13
mayorista,1038.0,1041.0,2025-01-14
mayorista,1039.0,1042.0,2025-01-15
mayorista,1039.0,1042.0,2025-01-16
mayorista,1041.0,1044.0,2025-01-17
mayorista,1041.0,1044.0,2025-01-18
mayorista,1041.0,1044.0,2025-01-19
mayorista,1043.5,1046.5,2025-01-20
mayorista,1044.0,1047.0,2025-01-21
mayorista,1045.0,1048.0,2025-01-22
mayorista,1045.5,1048.5,2025-01-23
mayorista,1046.0,1049.0,2025-01-24
mayorista,1046.0,1049.0,2025-01-25
mayorista,1046.0,1049.0,2025-01-26
mayorista,1047.5,1050.5,2025-01-27
mayorista,1048.5,1051.5,2025-01-28
mayorista,1048.5,1051.5,2025-01-29
mayorista,1050.0,1053.0,2025-01-30
mayorista,1050.5,1053.5,2025-01-31
mayorista,1050.5,1053.5,2025-02-01
mayorista,1050.5,1053.5,2025-02-02
mayorista,1051.25,1054.25,2025-02-03
mayorista,1051.25,1054.25,2025-02-04
mayorista,1051.5,1054.5,2025-02-05
mayorista,1051.75,1054.75,2025-02-06
mayorista,1052.75,1055.75,2025-02-07
mayorista,1052.75,1055.75,2025-02-08
mayorista,1052.75,1055.75,2025-02-09
mayorista,1053.5,1056.5,2025-02-10
mayorista,1053.5,1056.5,2025-02-11
mayorista,1053.75,1056.75,2025-02-12
mayorista,1054.5,1057.5,2025-02-13
mayorista,1055.25,1058.25,2025-02-14
mayorista,1055.25,1058.25,2025-02-15
mayorista,1055.25,1058.25,2025-02-16
mayorista,1056.25,1059.25,2025-02-17
mayorista,1056.0,1059.0,2025-02-18
mayorista,1056.25,1059.25,2025-02-19
mayorista,1056.75,1059.75,2025-02-20
mayorista,1058.0,1061.0,2025-02-21
mayorista,1058.0,1061.0,2025-02-22
mayorista,1058.0,1061.0,2025-02-23
mayorista,1058.0,1061.0,2025-02-24
mayorista,1058.5,1061.5,2025-02-25
mayorista,1058.75,1061.75,2025-02-26
mayorista,1059.5,1062.5,2025-02-27
mayorista,1061.75,1064.75,2025-02-28
mayorista,1061.75,1064.75,2025-03-01
mayorista,1061.75,1064.75,2025-03-02
mayorista,1061.75,1064.75,2025-03-03
mayorista,1061.75,1064.75,2025-03-04
mayorista,1061.25,1064.25,2025-03-05
mayorista,1061.5,1064.5,2025-03-06
mayorista,1063.5,1066.5,2025-03-07
mayorista,1063.5,1066.5,2025-03-08
mayorista,1063.5,1066.5,2025-03-09
mayorista,1063.0,1066.0,2025-03-10
mayorista,1063.5,1066.5,2025-03-11
mayorista,1063.75,1066.75,2025-03-12
mayorista,1064.0,1067.0,2025-03-13
mayorista,1065.5,1068.5,2025-03-14
mayorista,1065.5,1068.5,2025-03-15
mayorista,1065.5,1068.5,2025-03-16
mayorista,1065.5,1068.5,2025-03-17
mayorista,1066.0,1069.0,2025-03-18
mayorista,1066.75,1069.75,2025-03-19
mayorista,1066.5,1069.5,2025-03-20
mayorista,1068.5,1071.5,2025-03-21
mayorista,1068.5,1071.5,2025-03-22
mayorista,1068.5,1071.5,2025-03-23
mayorista,1068.5,1071.5,2025-03-24
mayorista,1068.75,1071.75,2025-03-25
mayorista,1069.25,1072.25,2025-03-26
mayorista,1069.5,1072.5,2025-03-27
mayorista,1070.5,1073.5,2025-03-28
mayorista,1070.5,1073.5,2025-03-29
mayorista,1070.5,1073.5,2025-03-30
mayorista,1071.0,1074.0,2025-03-31
mayorista,1071.75,1074.75,2025-04-01
mayorista,1071.75,1074.75,2025-04-02
mayorista,1072.0,1075.0,2025-04-03
mayorista,1073.0,1076.0,2025-04-04
mayorista,1073.0,1076.0,2025-04-05
mayorista,1073.0,1076.0,2025-04-06
mayorista,1073.5,1076.5,2025-04-07
mayorista,1073.5,1076.5,2025-04-08
mayorista,1074.5,1077.5,2025-04-09
mayorista,1074.5,1077.5,2025-04-10
mayorista,1075.0,1078.0,2025-04-11
mayorista,1075.0,1078.0,2025-04-12
mayorista,1075.0,1078.0,2025-04-13
mayorista,1188.0,1198.0,2025-04-14
mayorista,1191.0,1200.0,2025-04-15
mayorista,1126.0,1135.0,2025-04-16
mayorista,1126.0,1135.0,2025-04-17
mayorista,1126.0,1135.0,2025-04-18
mayorista,1126.0,1135.0,2025-04-19
mayorista,1126.0,1135.0,2025-04-20
mayorista,1085.0,1094.0,2025-04-21
mayorista,1094.0,1104.0,2025-04-22
mayorista,1051.0,1160.0,2025-04-23
mayorista,1065.0,1174.0,2025-04-24
mayorista,1160.5,1169.5,2025-04-25
mayorista,1160.5,1169.5,2025-04-26
mayorista,1160.5,1169.5,2025-04-27
mayorista,1150.0,1159.0,2025-04-28
mayorista,1156.0,1165.0,2025-04-29
mayorista,1161.0,1170.0,2025-04-30
mayorista,1161.0,1170.0,2025-05-01
mayorista,1161.0,1170.0,2025-05-02
mayorista,1161.0,1170.0,2025-05-03
mayorista,1161.0,1170.0,2025-05-04
mayorista,1191.0,1200.0,2025-05-05
mayorista,1185.0,1194.0,2025-05-06
mayorista,1115.0,1124.0,2025-05-07
mayorista,1105.0,1114.0,2025-05-08
mayorista,1127.0,1136.0,2025-05-09
mayorista,1127.0,1136.0,2025-05-10
mayorista,1127.0,1136.0,2025-05-11
mayorista,1123.0,1132.0,2025-05-12
mayorista,1116.5,1125.5,2025-05-13
mayorista,1123.0,1132.0,2025-05-14
mayorista,1129.0,1138.0,2025-05-15
mayorista,1133.0,1142.0,2025-05-16
mayorista,1133.0,1142.0,2025-05-17
mayorista,1133.0,1142.0,2025-05-18
mayorista,1132.0,1141.0,2025-05-19
mayorista,1133.5,1142.5,2025-05-20
mayorista,1137.0,1146.0,2025-05-21
mayorista,1126.5,1135.5,2025-05-22
mayorista,1124.5,1133.5,2025-05-23
mayorista,1124.5,1133.5,2025-05-24
mayorista,1124.5,1133.5,2025-05-25
mayorista,1129.0,1138.0,2025-05-26
mayorista,1147.0,1156.0,2025-05-27
mayorista,1151.0,1160.0,2025-05-28
mayorista,1174.0,1183.0,2025-05-29
mayorista,1179.0,1188.0,2025-05-30
mayorista,1179.0,1188.0,2025-05-31
mayorista,1179.0,1188.0,2025-06-01
mayorista,1171.5,1180.5,2025-06-02
mayorista,1175.5,1184.5,2025-06-03
mayorista,1176.5,1185.5,2025-06-04
mayorista,1182.0,1191.0,2025-06-05
mayorista,1176.5,1185.5,2025-06-06
mayorista,1176.5,1185.5,2025-06-07
mayorista,1176.5,1185.5,2025-06-08
mayorista,1176.0,1185.0,2025-06-09
mayorista,1179.5,1188.5,2025-06-10
mayorista,1173.0,1182.0,2025-06-11
mayorista,1176.0,1185.0,2025-06-12
mayorista,1173.0,1182.0,2025-06-13
mayorista,1173.0,1182.0,2025-06-14
mayorista,1173.0,1182.0,2025-06-15
mayorista,1173.0,1182.0,2025-06-16
mayorista,1151.0,1160.0,2025-06-17
mayorista,1133.5,1142.5,2025-06-18
mayorista,1153.0,1162.0,2025-06-19
mayorista,1153.0,1162.0,2025-06-20
mayorista,1153.0,1162.0,2025-06-21
mayorista,1153.0,1162.0,2025-06-22
mayorista,1162.0,1171.0,2025-06-23
mayorista,1165.5,1174.5,2025-06-24
mayorista,1182.5,1191.5,2025-06-25
mayorista,1180.5,1189.5,2025-06-26
mayorista,1180.0,1189.0,2025-06-27
mayorista,1180.0,1189.0,2025-06-28
mayorista,1180.0,1189.0,2025-06-29
mayorista,1196.0,1205.0,2025-06-30
mayorista,1213.0,1222.0,2025-07-01
mayorista,1220.0,1229.0,2025-07-02
mayorista,1222.0,1231.0,2025-07-03
mayorista,1231.0,1240.0,2025-07-04
mayorista,1231.0,1240.0,2025-07-05
mayorista,1231.0,1240.0,2025-07-06
mayorista,1255.0,1264.0,2025-07-07
mayorista,1246.0,1255.0,2025-07-08
mayorista,1246.0,1255.0,2025-07-09
mayorista,1246.0,1255.0,2025-07-10
mayorista,1225.5,1261.5,2025-07-11
mayorista,1225.5,1261.5,2025-07-12
mayorista,1225.5,1261.5,2025-07-13
mayorista,1271.0,1280.0,2025-07-14
mayorista,1251.0,1260.0,2025-07-15
mayorista,1252.0,1261.0,2025-07-16
mayorista,1263.0,1274.0,2025-07-17
mayorista,1277.0,1286.0,2025-07-18
mayorista,1277.0,1286.0,2025-07-19
mayorista,1277.0,1286.0,2025-07-20
mayorista,1266.0,1275.0,2025-07-21
mayorista,1247.5,1256.5,2025-07-22
mayorista,1249.5,1258.5,2025-07-23
mayorista,1263.0,1272.0,2025-07-24
mayorista,1271.0,1280.0,2025-07-25
mayorista,1271.0,1280.0,2025-07-26
mayorista,1271.0,1280.0,2025-07-27
mayorista,1286.0,1295.0,2025-07-28
mayorista,1282.0,1291.0,2025-07-29
mayorista,1306.0,1315.0,2025-07-30
mayorista,1348.0,1357.0,2025-07-31
mayorista,1355.0,1364.0,2025-08-01
mayorista,1355.0,1364.0,2025-08-02
mayorista,1355.0,1364.0,2025-08-03
mayorista,1351.0,1360.0,2025-08-04
mayorista,1331.0,1340.0,2025-08-05
mayorista,1323.0,1332.0,2025-08-06
mayorista,1317.5,1326.5,2025-08-07
mayorista,1319.0,1328.0,2025-08-08
mayorista,1319.0,1328.0,2025-08-09
mayorista,1319.0,1328.0,2025-08-10
mayorista,1313.0,1322.0,2025-08-11
mayorista,1308.5,1317.5,2025-08-12
mayorista,1304.0,1313.0,2025-08-13
mayorista,1291.0,1300.0,2025-08-14
mayorista,1291.0,1300.0,2025-08-15
mayorista,1291.0,1300.0,2025-08-16
mayorista,1291.0,1300.0,2025-08-17
mayorista,1284.0,1293.0,2025-08-18
mayorista,1283.5,1292.5,2025-08-19
mayorista,1283.5,1292.5,2025-08-20
mayorista,1306.0,1315.0,2025-08-21
mayorista,1312.0,1321.0,2025-08-22
mayorista,1312.0,1321.0,2025-08-23
mayorista,1312.0,1321.0,2025-08-24
mayorista,1353.0,1362.0,2025-08-25
mayorista,1347.5,1356.5,2025-08-26
mayorista,1340.5,1349.5,2025-08-27
mayorista,1324.0,1333.0,2025-08-28
mayorista,1333.0,1342.0,2025-08-29
mayorista,1333.0,1342.0,2025-08-30
mayorista,1333.0,1342.0,2025-08-31
mayorista,1363.0,1372.0,2025-09-01
mayorista,1352.0,1361.0,2025-09-02
mayorista,1352.5,1361.5,2025-09-03
mayorista,1353.5,1362.5,2025-09-04
mayorista,1346.0,1355.0,2025-09-05
mayorista,1346.0,1355.0,2025-09-06
mayorista,1346.0,1355.0,2025-09-07
mayorista,1400.0,1409.0,2025-09-08
mayorista,1407.5,1416.5,2025-09-09
mayorista,1414.5,1423.5,2025-09-10
mayorista,1423.0,1432.0,2025-09-11
mayorista,1444.0,1453.0,2025-09-12
mayorista,1444.0,1453.0,2025-09-13
mayorista,1444.0,1453.0,2025-09-14
mayorista,1458.0,1467.0,2025-09-15
mayorista,1460.0,1469.0,2025-09-16
mayorista,1465.5,1474.5,2025-09-17
mayorista,1465.5,1474.5,2025-09-18
mayorista,1466.0,1475.0,2025-09-19
mayorista,1466.0,1475.0,2025-09-20
mayorista,1466.0,1475.0,2025-09-21
mayorista,1399.0,1408.0,2025-09-22
mayorista,1360.0,1369.0,2025-09-23
mayorista,1328.5,1337.5,2025-09-24
mayorista,1328.0,1337.0,2025-09-25
mayorista,1317.0,1326.0,2025-09-26
mayorista,1317.0,1326.0,2025-09-27
mayorista,1317.0,1326.0,2025-09-28
mayorista,1351.0,1360.0,2025-09-29
mayorista,1371.0,1380.0,2025-09-30
mayorista,1414.0,1423.0,2025-10-01
mayorista,1416.0,1425.0,2025-10-02
mayorista,1415.5,1424.5,2025-10-03
mayorista,1415.5,1424.5,2025-10-04
mayorista,1415.5,1424.5,2025-10-05
mayorista,1421.0,1430.0,2025-10-06
mayorista,1421.0,1430.0,2025-10-07
mayorista,1421.0,1430.0,2025-10-08
mayorista,1411.0,1420.0,2025-10-09
mayorista,1411.0,1420.0,2025-10-10
mayorista,1411.0,1420.0,2025-10-11
mayorista,1411.0,1420.0,2025-10-12
mayorista,1340.0,1349.0,2025-10-13
mayorista,1351.0,1360.0,2025-10-14
mayorista,1371.0,1380.0,2025-10-15
mayorista,1393.0,1402.0,2025-10-16
mayorista,1446.0,1455.0,2025-10-17
mayorista,1446.0,1455.0,2025-10-18
mayorista,1446.0,1455.0,2025-10-19
mayorista,1466.0,1475.0,2025-10-20
mayorista,1481.5,1490.5,2025-10-21
mayorista,1480.0,1489.0,2025-10-22
mayorista,1470.0,1479.0,2025-10-23
mayorista,1483.0,1492.0,2025-10-24
mayorista,1483.0,1492.0,2025-10-25
mayorista,1483.0,1492.0,2025-10-26
mayorista,1426.0,1435.0,2025-10-27
mayorista,1461.0,1470.0,2025-10-28
mayorista,1456.0,1465.0,2025-10-29
mayorista,1421.0,1430.0,2025-10-30
mayorista,1436.0,1445.0,2025-10-31
mayorista,1436.0,1445.0,2025-11-01
mayorista,1436.0,1445.0,2025-11-02
mayorista,1473.0,1482.0,2025-11-03
mayorista,1458.0,1467.0,2025-11-04
mayorista,1440.0,1449.0,2025-11-05
mayorista,1443.0,1452.0,2025-11-06
mayorista,1406.0,1415.0,2025-11-07
mayorista,1406.0,1415.0,2025-11-08
mayorista,1406.0,1415.0,2025-11-09
mayorista,1411.5,1420.5,2025-11-10
mayorista,1404.0,1413.0,2025-11-11
mayorista,1403.0,1412.0,2025-11-12
mayorista,1397.0,1406.0,2025-11-13
mayorista,1394.0,1403.0,2025-11-14
mayorista,1394.0,1403.0,2025-11-15
mayorista,1394.0,1403.0,2025-11-16
mayorista,1378.0,1387.0,2025-11-17
mayorista,1391.0,1400.0,2025-11-18
mayorista,1397.5,1406.5,2025-11-19
mayorista,1416.0,1425.0,2025-11-20
mayorista,1416.0,1425.0,2025-11-21
mayorista,1416.0,1425.0,2025-11-22
mayorista,1416.0,1425.0,2025-11-23
mayorista,1416.0,1425.0,2025-11-24
mayorista,1438.5,1447.5,2025-11-25
mayorista,1444.5,1453.5,2025-11-26
mayorista,1441.0,1450.0,2025-11-27
mayorista,1442.5,1451.5,2025-11-28
mayorista,1442.5,1451.5,2025-11-29
mayorista,1442.5,1451.5,2025-11-30
mayorista,1442.5,1451.5,2025-12-01
mayorista,1446.0,1455.0,2025-12-02
mayorista,1444.0,1453.0,2025-12-03
mayorista,1435.0,1444.0,2025-12-04
mayorista,1428.0,1437.0,2025-12-05
mayorista,1428.0,1437.0,2025-12-06
mayorista,1428.0,1437.0,2025-12-07
mayorista,1428.0,1437.0,2025-12-08
mayorista,1433.0,1442.0,2025-12-09
mayorista,1428.0,1437.0,2025-12-10
mayorista,1427.0,1436.0,2025-12-11
mayorista,1432.0,1441.0,2025-12-12
mayorista,1432.0,1441.0,2025-12-13
mayorista,1432.0,1441.0,2025-12-14
mayorista,1429.5,1438.5,2025-12-15
mayorista,1442.0,1451.0,2025-12-16
mayorista,1442.5,1451.5,2025-12-17
mayorista,1442.0,1451.0,2025-12-18
mayorista,1441.0,1450.0,2025-12-19
mayorista,1441.0,1450.0,2025-12-20
mayorista,1441.0,1450.0,2025-12-21
mayorista,1443.0,1452.0,2025-12-22
mayorista,1442.0,1451.0,2025-12-23
mayorista,1442.0,1451.0,2025-12-24
mayorista,1442.0,1451.0,2025-12-25
mayorista,1443.5,1452.5,2025-12-26
mayorista,1443.5,1452.5,2025-12-27
mayorista,1443.5,1452.5,2025-12-28
mayorista,1448.0,1457.0,2025-12-29
mayorista,1446.0,1455.0,2025-12-30
mayorista,1446.0,1455.0,2025-12-31
mayorista,1446.0,1455.0,2026-01-01
mayorista,1466.0,1475.0,2026-01-02
mayorista,1466.0,1475.0,2026-01-03
mayorista,1466.0,1475.0,2026-01-04
mayorista,1461.0,1470.0,2026-01-05
mayorista,1458.5,1467.5,2026-01-06
mayorista,1451.0,1460.0,2026-01-07
mayorista,1455.0,1464.0,2026-01-08
mayorista,1456.0,1465.0,2026-01-09
mayorista,1456.0,1465.0,2026-01-10
mayorista,1456.0,1465.0,2026-01-11
mayorista,1458.5,1467.5,2026-01-12
mayorista,1466.0,1457.0,2026-01-13
mayorista,1444.0,1453.0,2026-01-14
mayorista,1432.0,1441.0,2026-01-15
mayorista,1421.0,1430.0,2026-01-16
mayorista,1421.0,1430.0,2026-01-17
mayorista,1421.0,1430.0,2026-01-18
mayorista,1425.5,1434.5,2026-01-19
mayorista,1425.5,1434.5,2026-01-20
mayorista,1421.5,1430.5,2026-01-21
mayorista,1420.5,1429.5,2026-01-22
mayorista,1424.0,1433.0,2026-01-23
mayorista,1424.0,1433.0,2026-01-24
mayorista,1424.0,1433.0,2026-01-25
mayorista,1428.5,1437.5,2026-01-26
mayorista,1433.5,1442.5,2026-01-27
mayorista,1435.5,1444.5,2026-01-28
mayorista,1435.5,1444.5,2026-01-29
mayorista,1438.0,1447.0,2026-01-30
mayorista,1438.0,1447.0,2026-01-31
mayorista,1438.0,1447.0,2026-02-01
mayorista,1437.0,1446.0,2026-02-03
mayorista,1437.0,1446.0,2026-02-04
mayorista,1433.0,1442.0,2026-02-05
mayorista,1423.0,1432.0,2026-02-06
mayorista,1423.0,1432.0,2026-02-07
mayorista,1423.0,1432.0,2026-02-08
mayorista,1407.0,1416.0,2026-02-09
mayorista,1397.0,1406.0,2026-02-10
mayorista,1391.0,1400.0,2026-02-11
mayorista,1386.0,1395.0,2026-02-12
mayorista,1390.5,1399.5,2026-02-13
mayorista,1390.5,1399.5,2026-02-14
mayorista,1390.5,1399.5,2026-02-15
mayorista,1390.5,1399.5,2026-02-16
mayorista,1390.5,1399.5,2026-02-17
mayorista,1387.0,1396.0,2026-02-18
mayorista,1380.0,1389.0,2026-02-19
mayorista,1367.0,1376.0,2026-02-20
mayorista,1367.0,1376.0,2026-02-21
mayorista,1367.0,1376.0,2026-02-22
mayorista,1361.5,1370.5,2026-02-23
mayorista,1371.5,1380.5,2026-02-24
mayorista,1383.0,1392.0,2026-02-25
mayorista,1399.0,1408.0,2026-02-26
mayorista,1388.0,1397.0,2026-02-27
mayorista,1388.0,1397.0,2026-02-28
mayorista,1388.0,1397.0,2026-03-01
mayorista,1386.0,1395.0,2026-03-02
mayorista,1406.0,1415.0,2026-03-03
mayorista,1391.5,1400.5,2026-03-04
mayorista,1398.0,1407.0,2026-03-05
mayorista,1407.0,1416.0,2026-03-06
mayorista,1407.0,1416.0,2026-03-07
mayorista,1407.0,1416.0,2026-03-08
mayorista,1407.0,1416.0,2026-03-09
mayorista,1391.0,1400.0,2026-03-10
mayorista,1387.0,1396.0,2026-03-11
mayorista,1385.5,1394.5,2026-03-12
mayorista,1391.0,1400.0,2026-03-13
mayorista,1391.0,1400.0,2026-03-14
mayorista,1391.0,1400.0,2026-03-15
mayorista,1387.0,1396.0,2026-03-16
mayorista,1387.0,1396.0,2026-03-17
mayorista,1385.0,1394.0,2026-03-18
mayorista,1385.5,1394.5,2026-03-19
mayorista,1381.5,1390.5,2026-03-20
mayorista,1381.5,1390.5,2026-03-21
mayorista,1381.5,1390.5,2026-03-22
mayorista,1381.5,1390.5,2026-03-23
mayorista,1381.5,1390.5,2026-03-24
mayorista,1368.5,1377.5,2026-03-25
mayorista,1359.0,1368.0,2026-03-26
mayorista,1373.5,1382.5,2026-03-27
mayorista,1373.5,1382.5,2026-03-28
mayorista,1373.5,1382.5,2026-03-29
mayorista,1389.0,1398.0,2026-03-30
mayorista,1373.0,1382.0,2026-03-31
mayorista,1385.0,1394.0,2026-04-01
mayorista,1385.0,1394.0,2026-04-02
mayorista,1385.0,1394.0,2026-04-03
mayorista,1385.0,1394.0,2026-04-04
mayorista,1385.0,1394.0,2026-04-05
mayorista,1384.0,1393.0,2026-04-06
mayorista,1383.5,1392.5,2026-04-07
mayorista,1378.5,1387.5,2026-04-08
mayorista,1372.0,1381.0,2026-04-09
mayorista,1361.0,1370.0,2026-04-10
mayorista,1361.0,1370.0,2026-04-11
mayorista,1361.0,1370.0,2026-04-12
mayorista,1345.0,1354.0,2026-04-13
mayorista,1355.0,1364.0,2026-04-14
mayorista,1350.0,1359.0,2026-04-15
mayorista,1349.0,1358.0,2026-04-16
mayorista,1355.5,1364.5,2026-04-17
mayorista,1355.5,1364.5,2026-04-18
mayorista,1355.5,1364.5,2026-04-19
mayorista,1368.0,1377.0,2026-04-20
mayorista,1366.5,1375.5,2026-04-21
mayorista,1369.0,1378.0,2026-04-22
mayorista,1383.0,1392.0,2026-04-23
mayorista,1390.5,1399.5,2026-04-24
mayorista,1390.5,1399.5,2026-04-25
mayorista,1390.5,1399.5,2026-04-26
mayorista,1408.0,1417.0,2026-04-27
mayorista,1395.5,1404.5,2026-04-28
oficial,102.0,108.0,2022-01-01
oficial,102.0,108.0,2022-01-02
oficial,102.0,108.0,2022-01-03
oficial,103.0,109.0,2022-01-04
oficial,103.0,109.0,2022-01-05
oficial,103.0,109.0,2022-01-06
oficial,103.0,109.0,2022-01-07
oficial,103.0,109.0,2022-01-08
oficial,103.0,109.0,2022-01-09
oficial,103.0,109.0,2022-01-10
oficial,103.0,109.0,2022-01-11
oficial,103.0,109.0,2022-01-12
oficial,103.0,109.0,2022-01-13
oficial,103.0,109.0,2022-01-14
oficial,103.0,109.0,2022-01-15
oficial,103.0,109.0,2022-01-16
oficial,103.0,109.0,2022-01-17
oficial,104.0,110.0,2022-01-18
oficial,104.0,110.0,2022-01-19
oficial,104.0,110.0,2022-01-20
oficial,104.0,110.0,2022-01-21
oficial,104.0,110.0,2022-01-22
oficial,104.0,110.0,2022-01-23
oficial,104.0,110.0,2022-01-24
oficial,104.0,110.0,2022-01-25
oficial,104.0,110.0,2022-01-26
oficial,104.0,110.0,2022-01-27
oficial,105.0,111.0,2022-01-28
oficial,105.0,111.0,2022-01-29
oficial,105.0,111.0,2022-01-30
oficial,105.0,111.0,2022-01-31
oficial,105.0,111.0,2022-02-01
oficial,105.0,111.0,2022-02-02
oficial,105.0,111.0,2022-02-03
oficial,105.0,111.0,2022-02-04
oficial,105.0,111.0,2022-02-05
oficial,105.0,111.0,2022-02-06
oficial,105.0,111.0,2022-02-07
oficial,105.0,111.0,2022-02-08
oficial,106.0,112.0,2022-02-09
oficial,106.0,112.0,2022-02-10
oficial,106.0,112.0,2022-02-11
oficial,106.0,112.0,2022-02-12
oficial,106.0,112.0,2022-02-13
oficial,106.0,112.0,2022-02-14
oficial,106.0,112.0,2022-02-15
oficial,106.0,112.0,2022-02-16
oficial,106.0,112.0,2022-02-17
oficial,106.0,112.0,2022-02-18
oficial,106.0,112.0,2022-02-19
oficial,106.0,112.0,2022-02-20
oficial,107.0,113.0,2022-02-21
oficial,107.0,113.0,2022-02-22
oficial,107.0,113.0,2022-02-23
oficial,107.0,113.0,2022-02-24
oficial,107.0,113.0,2022-02-25
oficial,107.0,113.0,2022-02-26
oficial,107.0,113.0,2022-02-27
oficial,107.0,113.0,2022-02-28
oficial,107.0,113.0,2022-03-01
oficial,107.0,113.0,2022-03-02
oficial,107.0,113.0,2022-03-03
oficial,108.0,114.0,2022-03-04
oficial,108.0,114.0,2022-03-05
oficial,108.0,114.0,2022-03-06
oficial,108.0,114.0,2022-03-07
oficial,108.0,114.0,2022-03-08
oficial,108.0,114.0,2022-03-09
oficial,108.0,114.0,2022-03-10
oficial,108.0,114.0,2022-03-11
oficial,108.0,114.0,2022-03-12
oficial,108.0,114.0,2022-03-13
oficial,109.0,115.0,2022-03-14
oficial,109.0,115.0,2022-03-15
oficial,109.0,115.0,2022-03-16
oficial,109.0,115.0,2022-03-17
oficial,109.0,115.0,2022-03-18
oficial,109.0,115.0,2022-03-19
oficial,109.0,115.0,2022-03-20
oficial,109.0,115.0,2022-03-21
oficial,109.0,115.0,2022-03-22
oficial,110.0,116.0,2022-03-23
oficial,110.0,116.0,2022-03-24
oficial,110.0,116.0,2022-03-25
oficial,110.0,116.0,2022-03-26
oficial,110.0,116.0,2022-03-27
oficial,110.0,116.0,2022-03-28
oficial,110.0,116.0,2022-03-29
oficial,110.0,116.0,2022-03-30
oficial,110.0,116.0,2022-03-31
oficial,111.0,117.0,2022-04-01
oficial,111.0,117.0,2022-04-02
oficial,111.0,117.0,2022-04-03
oficial,111.0,117.0,2022-04-04
oficial,111.0,117.0,2022-04-05
oficial,111.0,117.0,2022-04-06
oficial,112.0,118.0,2022-04-07
oficial,112.0,118.0,2022-04-08
oficial,112.0,118.0,2022-04-09
oficial,112.0,118.0,2022-04-10
oficial,112.0,118.0,2022-04-11
oficial,112.0,118.0,2022-04-12
oficial,112.0,118.0,2022-04-13
oficial,112.0,118.0,2022-04-14
oficial,112.0,118.0,2022-04-15
oficial,112.0,118.0,2022-04-16
oficial,112.0,118.0,2022-04-17
oficial,113.0,119.0,2022-04-18
oficial,113.0,119.0,2022-04-19
oficial,113.0,119.0,2022-04-20
oficial,114.0,120.0,2022-04-21
oficial,114.0,120.0,2022-04-22
oficial,114.0,120.0,2022-04-23
oficial,114.0,120.0,2022-04-24
oficial,114.0,120.0,2022-04-25
oficial,114.0,120.0,2022-04-26
oficial,114.0,120.0,2022-04-27
oficial,114.0,120.0,2022-04-28
oficial,115.0,121.0,2022-04-29
oficial,115.0,121.0,2022-04-30
oficial,115.0,121.0,2022-05-01
oficial,115.0,121.0,2022-05-02
oficial,115.0,121.0,2022-05-03
oficial,115.0,121.0,2022-05-04
oficial,116.0,122.0,2022-05-05
oficial,116.0,122.0,2022-05-06
oficial,116.0,122.0,2022-05-07
oficial,116.0,122.0,2022-05-08
oficial,116.0,122.0,2022-05-09
oficial,116.0,122.0,2022-05-10
oficial,116.0,122.0,2022-05-11
oficial,117.0,123.0,2022-05-12
oficial,117.0,123.0,2022-05-13
oficial,117.0,123.0,2022-05-14
oficial,117.0,123.0,2022-05-15
oficial,117.0,123.0,2022-05-16
oficial,118.0,124.0,2022-05-17
oficial,118.0,124.0,2022-05-18
oficial,118.0,124.0,2022-05-19
oficial,118.0,124.0,2022-05-20
oficial,118.0,124.0,2022-05-21
oficial,118.0,124.0,2022-05-22
oficial,118.0,124.0,2022-05-23
oficial,118.0,124.0,2022-05-24
oficial,118.0,124.0,2022-05-25
oficial,119.0,125.0,2022-05-26
oficial,119.0,125.0,2022-05-27
oficial,119.0,125.0,2022-05-28
oficial,119.0,125.0,2022-05-29
oficial,119.0,125.0,2022-05-30
oficial,119.0,125.0,2022-05-31
oficial,120.0,126.0,2022-06-01
oficial,120.0,126.0,2022-06-02
oficial,120.0,126.0,2022-06-03
oficial,120.0,126.0,2022-06-04
oficial,120.0,126.0,2022-06-05
oficial,121.0,127.0,2022-06-06
oficial,121.0,127.0,2022-06-07
oficial,121.0,127.0,2022-06-08
oficial,121.0,127.0,2022-06-09
oficial,121.0,127.0,2022-06-10
oficial,121.0,127.0,2022-06-11
oficial,121.0,127.0,2022-06-12
oficial,122.0,128.0,2022-06-13
oficial,122.0,128.0,2022-06-14
oficial,122.0,128.0,2022-06-15
oficial,122.0,128.0,2022-06-16
oficial,122.0,128.0,2022-06-17
oficial,122.0,128.0,2022-06-18
oficial,122.0,128.0,2022-06-19
oficial,122.0,128.0,2022-06-20
oficial,123.0,129.0,2022-06-21
oficial,123.0,129.0,2022-06-22
oficial,123.0,129.0,2022-06-23
oficial,123.0,129.0,2022-06-24
oficial,123.0,129.0,2022-06-25
oficial,123.0,129.0,2022-06-26
oficial,124.0,130.0,2022-06-27
oficial,124.0,130.0,2022-06-28
oficial,124.0,130.0,2022-06-29
oficial,124.0,130.0,2022-06-30
oficial,125.0,131.0,2022-07-01
oficial,125.0,131.0,2022-07-02
oficial,125.0,131.0,2022-07-03
oficial,126.0,132.0,2022-07-04
oficial,127.0,133.0,2022-07-05
oficial,127.0,133.0,2022-07-06
oficial,127.0,133.0,2022-07-07
oficial,128.0,134.0,2022-07-08
oficial,128.0,134.0,2022-07-09
oficial,128.0,134.0,2022-07-10
oficial,129.0,135.0,2022-07-11
oficial,129.0,135.0,2022-07-12
oficial,129.0,135.0,2022-07-13
oficial,129.0,135.0,2022-07-14
oficial,129.0,135.0,2022-07-15
oficial,129.0,135.0,2022-07-16
oficial,129.0,135.0,2022-07-17
oficial,130.0,136.0,2022-07-18
oficial,130.0,136.0,2022-07-19
oficial,130.0,136.0,2022-07-20
oficial,130.0,136.0,2022-07-21
oficial,131.0,137.0,2022-07-22
oficial,131.0,137.0,2022-07-23
oficial,131.0,137.0,2022-07-24
oficial,131.0,137.0,2022-07-25
oficial,131.0,137.0,2022-07-26
oficial,132.0,138.0,2022-07-27
oficial,132.0,138.0,2022-07-28
oficial,132.0,138.0,2022-07-29
oficial,132.0,138.0,2022-07-30
oficial,132.0,138.0,2022-07-31
oficial,133.0,139.0,2022-08-01
oficial,133.0,139.0,2022-08-02
oficial,133.0,139.0,2022-08-03
oficial,134.0,140.0,2022-08-04
oficial,134.0,140.0,2022-08-05
oficial,134.0,140.0,2022-08-06
oficial,134.0,140.0,2022-08-07
oficial,134.0,140.0,2022-08-08
oficial,135.0,141.0,2022-08-09
oficial,135.0,141.0,2022-08-10
oficial,135.0,141.0,2022-08-11
oficial,136.0,142.0,2022-08-12
oficial,136.0,142.0,2022-08-13
oficial,136.0,142.0,2022-08-14
oficial,136.0,142.0,2022-08-15
oficial,136.0,142.0,2022-08-16
oficial,137.0,143.0,2022-08-17
oficial,136.0,142.0,2022-08-18
oficial,137.0,143.0,2022-08-19
oficial,137.0,143.0,2022-08-20
oficial,137.0,143.0,2022-08-21
oficial,138.0,144.0,2022-08-22
oficial,138.0,144.0,2022-08-23
oficial,138.0,144.0,2022-08-24
oficial,139.0,145.0,2022-08-25
oficial,139.0,145.0,2022-08-26
oficial,139.0,145.0,2022-08-27
oficial,139.0,145.0,2022-08-28
oficial,139.0,145.0,2022-08-29
oficial,140.0,146.0,2022-08-30
oficial,140.0,146.0,2022-08-31
oficial,140.0,146.0,2022-09-01
oficial,140.0,146.0,2022-09-02
oficial,140.0,146.0,2022-09-03
oficial,140.0,146.0,2022-09-04
oficial,141.0,147.0,2022-09-05
oficial,141.0,147.0,2022-09-06
oficial,142.0,148.0,2022-09-07
oficial,142.0,148.0,2022-09-08
oficial,142.0,148.0,2022-09-09
oficial,142.0,148.0,2022-09-10
oficial,142.0,148.0,2022-09-11
oficial,143.0,149.0,2022-09-12
oficial,144.0,150.0,2022-09-13
oficial,144.0,150.0,2022-09-14
oficial,144.0,150.0,2022-09-15
oficial,142.0,150.0,2022-09-16
oficial,142.0,150.0,2022-09-17
oficial,142.0,150.0,2022-09-18
oficial,143.0,151.0,2022-09-19
oficial,143.0,151.0,2022-09-20
oficial,144.0,152.0,2022-09-21
oficial,144.0,152.0,2022-09-22
oficial,144.0,152.0,2022-09-23
oficial,144.0,152.0,2022-09-24
oficial,144.0,152.0,2022-09-25
oficial,145.0,153.0,2022-09-26
oficial,145.0,153.0,2022-09-27
oficial,146.0,154.0,2022-09-28
oficial,146.0,154.0,2022-09-29
oficial,146.0,154.0,2022-09-30
oficial,146.0,154.0,2022-10-01
oficial,146.0,154.0,2022-10-02
oficial,147.0,155.0,2022-10-03
oficial,148.0,156.0,2022-10-04
oficial,148.0,156.0,2022-10-05
oficial,148.0,156.0,2022-10-06
oficial,148.0,156.0,2022-10-07
oficial,148.0,156.0,2022-10-08
oficial,148.0,156.0,2022-10-09
oficial,148.0,156.0,2022-10-10
oficial,150.0,158.0,2022-10-11
oficial,150.0,158.0,2022-10-12
oficial,150.0,158.0,2022-10-13
oficial,150.0,158.0,2022-10-14
oficial,150.0,158.0,2022-10-15
oficial,150.0,158.0,2022-10-16
oficial,151.0,159.0,2022-10-17
oficial,152.0,160.0,2022-10-18
oficial,152.0,160.0,2022-10-19
oficial,152.0,160.0,2022-10-20
oficial,153.0,161.0,2022-10-21
oficial,153.0,161.0,2022-10-22
oficial,153.0,161.0,2022-10-23
oficial,154.0,162.0,2022-10-24
oficial,154.0,162.0,2022-10-25
oficial,154.0,162.0,2022-10-26
oficial,154.0,162.0,2022-10-27
oficial,155.0,163.0,2022-10-28
oficial,155.0,163.0,2022-10-29
oficial,155.0,163.0,2022-10-30
oficial,155.0,164.0,2022-10-31
oficial,156.0,164.0,2022-11-01
oficial,156.0,164.0,2022-11-02
oficial,157.0,165.0,2022-11-03
oficial,157.0,165.0,2022-11-04
oficial,157.0,165.0,2022-11-05
oficial,157.0,165.0,2022-11-06
oficial,158.0,166.0,2022-11-07
oficial,159.0,167.0,2022-11-08
oficial,159.0,167.0,2022-11-09
oficial,160.0,168.0,2022-11-10
oficial,160.0,168.0,2022-11-11
oficial,160.0,168.0,2022-11-12
oficial,160.0,168.0,2022-11-13
oficial,161.0,169.0,2022-11-14
oficial,161.0,169.0,2022-11-15
oficial,162.0,170.0,2022-11-16
oficial,162.0,170.0,2022-11-17
oficial,162.0,170.0,2022-11-18
oficial,162.0,170.0,2022-11-19
oficial,162.0,170.0,2022-11-20
oficial,162.0,170.0,2022-11-21
oficial,164.0,172.0,2022-11-22
oficial,164.0,172.0,2022-11-23
oficial,164.0,172.0,2022-11-24
oficial,164.0,172.0,2022-11-25
oficial,164.0,172.0,2022-11-26
oficial,164.0,172.0,2022-11-27
oficial,166.0,174.0,2022-11-28
oficial,166.0,174.0,2022-11-29
oficial,166.0,175.0,2022-11-30
oficial,166.0,175.0,2022-12-01
oficial,166.0,175.0,2022-12-02
oficial,166.0,175.0,2022-12-03
oficial,166.0,175.0,2022-12-04
oficial,167.0,176.0,2022-12-05
oficial,168.0,177.0,2022-12-06
oficial,168.0,177.0,2022-12-07
oficial,168.0,177.0,2022-12-08
oficial,168.0,177.0,2022-12-09
oficial,168.0,177.0,2022-12-10
oficial,168.0,177.0,2022-12-11
oficial,170.0,179.0,2022-12-12
oficial,170.0,179.0,2022-12-13
oficial,170.0,179.0,2022-12-14
oficial,170.0,179.0,2022-12-15
oficial,171.0,180.0,2022-12-16
oficial,171.0,180.0,2022-12-17
oficial,171.0,180.0,2022-12-18
oficial,172.0,181.0,2022-12-19
oficial,172.0,181.0,2022-12-20
oficial,172.0,181.0,2022-12-21
oficial,172.0,181.0,2022-12-22
oficial,173.0,182.0,2022-12-23
oficial,173.0,182.0,2022-12-24
oficial,173.0,182.0,2022-12-25
oficial,174.0,183.0,2022-12-26
oficial,174.0,183.0,2022-12-27
oficial,175.0,184.0,2022-12-28
oficial,175.0,184.0,2022-12-29
oficial,176.0,185.0,2022-12-30
oficial,176.0,185.0,2022-12-31
oficial,176.0,185.0,2023-01-01
oficial,176.0,185.0,2023-01-02
oficial,177.0,186.0,2023-01-03
oficial,177.0,186.0,2023-01-04
oficial,177.0,186.0,2023-01-05
oficial,178.0,187.0,2023-01-06
oficial,178.0,187.0,2023-01-07
oficial,178.0,187.0,2023-01-08
oficial,179.0,188.0,2023-01-09
oficial,179.0,188.0,2023-01-10
oficial,179.0,188.0,2023-01-11
oficial,179.0,188.0,2023-01-12
oficial,180.0,189.0,2023-01-13
oficial,180.0,189.0,2023-01-14
oficial,180.0,189.0,2023-01-15
oficial,180.0,189.0,2023-01-16
oficial,181.0,190.0,2023-01-17
oficial,181.0,190.0,2023-01-18
oficial,181.0,190.0,2023-01-19
oficial,182.0,191.0,2023-01-20
oficial,182.0,191.0,2023-01-21
oficial,182.0,191.0,2023-01-22
oficial,183.0,192.0,2023-01-23
oficial,183.0,192.0,2023-01-24
oficial,183.0,192.0,2023-01-25
oficial,184.0,193.0,2023-01-26
oficial,184.0,193.0,2023-01-27
oficial,184.0,193.0,2023-01-28
oficial,184.0,193.0,2023-01-29
oficial,185.0,194.0,2023-01-30
oficial,185.0,194.0,2023-01-31
oficial,186.0,195.0,2023-02-01
oficial,186.0,195.0,2023-02-02
oficial,186.0,195.0,2023-02-03
oficial,186.0,195.0,2023-02-04
oficial,186.0,195.0,2023-02-05
oficial,188.0,197.0,2023-02-06
oficial,188.0,197.0,2023-02-07
oficial,188.0,197.0,2023-02-08
oficial,188.0,197.0,2023-02-09
oficial,189.0,198.0,2023-02-10
oficial,189.0,198.0,2023-02-11
oficial,189.0,198.0,2023-02-12
oficial,190.0,199.0,2023-02-13
oficial,190.0,199.0,2023-02-14
oficial,190.0,199.0,2023-02-15
oficial,191.0,200.0,2023-02-16
oficial,192.0,201.0,2023-02-17
oficial,192.0,201.0,2023-02-18
oficial,192.0,201.0,2023-02-19
oficial,192.0,201.0,2023-02-20
oficial,192.0,201.0,2023-02-21
oficial,193.0,202.0,2023-02-22
oficial,193.0,202.0,2023-02-23
oficial,194.0,203.0,2023-02-24
oficial,194.0,203.0,2023-02-25
oficial,194.0,203.0,2023-02-26
oficial,195.0,204.0,2023-02-27
oficial,195.0,204.0,2023-02-28
oficial,196.0,205.0,2023-03-01
oficial,196.0,205.0,2023-03-02
oficial,197.0,206.0,2023-03-03
oficial,197.0,206.0,2023-03-04
oficial,197.0,206.0,2023-03-05
oficial,198.0,207.0,2023-03-06
oficial,198.0,207.0,2023-03-07
oficial,198.0,207.0,2023-03-08
oficial,198.0,207.0,2023-03-09
oficial,199.0,208.0,2023-03-10
oficial,199.0,208.0,2023-03-11
oficial,199.0,208.0,2023-03-12
oficial,200.0,209.0,2023-03-13
oficial,200.0,209.0,2023-03-14
oficial,201.0,210.0,2023-03-15
oficial,201.0,210.0,2023-03-16
oficial,202.0,211.0,2023-03-17
oficial,202.0,211.0,2023-03-18
oficial,202.0,211.0,2023-03-19
oficial,203.0,212.0,2023-03-20
oficial,203.0,212.0,2023-03-21
oficial,204.0,213.0,2023-03-22
oficial,204.0,213.0,2023-03-23
oficial,204.0,213.0,2023-03-24
oficial,204.0,213.0,2023-03-25
oficial,204.0,213.0,2023-03-26
oficial,205.0,214.0,2023-03-27
oficial,206.0,215.0,2023-03-28
oficial,206.0,216.0,2023-03-29
oficial,207.0,216.0,2023-03-30
oficial,207.0,216.0,2023-03-31
oficial,207.0,216.0,2023-04-01
oficial,207.0,216.0,2023-04-02
oficial,208.0,217.0,2023-04-03
oficial,209.0,218.0,2023-04-04
oficial,210.0,219.0,2023-04-05
oficial,210.0,219.0,2023-04-06
oficial,210.0,219.0,2023-04-07
oficial,210.0,219.0,2023-04-08
oficial,210.0,219.0,2023-04-09
oficial,212.0,221.0,2023-04-10
oficial,212.0,221.0,2023-04-11
oficial,212.0,221.0,2023-04-12
oficial,213.0,222.0,2023-04-13
oficial,213.0,222.0,2023-04-14
oficial,213.0,222.0,2023-04-15
oficial,213.0,222.0,2023-04-16
oficial,214.0,223.0,2023-04-17
oficial,215.0,224.0,2023-04-18
oficial,216.0,225.0,2023-04-19
oficial,216.0,225.0,2023-04-20
oficial,217.0,226.0,2023-04-21
oficial,217.0,226.0,2023-04-22
oficial,217.0,226.0,2023-04-23
oficial,218.0,227.0,2023-04-24
oficial,219.0,228.0,2023-04-25
oficial,219.0,228.0,2023-04-26
oficial,220.0,229.0,2023-04-27
oficial,221.0,230.0,2023-04-28
oficial,221.0,230.0,2023-04-29
oficial,221.0,230.0,2023-04-30
oficial,221.0,230.0,2023-05-01
oficial,223.0,232.0,2023-05-02
oficial,224.0,233.0,2023-05-03
oficial,225.0,234.0,2023-05-04
oficial,227.0,236.0,2023-05-05
oficial,227.0,236.0,2023-05-06
oficial,227.0,236.0,2023-05-07
oficial,229.0,238.0,2023-05-08
oficial,230.0,239.0,2023-05-09
oficial,231.0,240.0,2023-05-10
oficial,231.0,240.0,2023-05-11
oficial,231.0,240.0,2023-05-12
oficial,231.0,240.0,2023-05-13
oficial,231.0,240.0,2023-05-14
oficial,231.0,241.0,2023-05-15
oficial,232.0,242.0,2023-05-16
oficial,233.0,243.0,2023-05-17
oficial,233.0,243.0,2023-05-18
oficial,234.0,244.0,2023-05-19
oficial,234.0,244.0,2023-05-20
oficial,234.0,244.0,2023-05-21
oficial,235.0,245.0,2023-05-22
oficial,236.0,246.0,2023-05-23
oficial,237.0,247.0,2023-05-24
oficial,237.0,247.0,2023-05-25
oficial,237.0,247.0,2023-05-26
oficial,237.0,247.0,2023-05-27
oficial,237.0,247.0,2023-05-28
oficial,239.0,249.0,2023-05-29
oficial,240.0,250.0,2023-05-30
oficial,240.0,250.0,2023-05-31
oficial,241.0,251.0,2023-06-01
oficial,242.0,252.0,2023-06-02
oficial,242.0,252.0,2023-06-03
oficial,242.0,252.0,2023-06-04
oficial,244.0,254.0,2023-06-05
oficial,245.0,255.0,2023-06-06
oficial,245.0,255.0,2023-06-07
oficial,246.0,256.0,2023-06-08
oficial,247.0,257.0,2023-06-09
oficial,247.0,257.0,2023-06-10
oficial,247.0,257.0,2023-06-11
oficial,249.0,259.0,2023-06-12
oficial,249.0,259.0,2023-06-13
oficial,250.0,260.0,2023-06-14
oficial,251.0,261.0,2023-06-15
oficial,252.0,262.0,2023-06-16
oficial,252.0,262.0,2023-06-17
oficial,252.0,262.0,2023-06-18
oficial,252.0,262.0,2023-06-19
oficial,252.0,262.0,2023-06-20
oficial,254.0,264.0,2023-06-21
oficial,255.0,265.0,2023-06-22
oficial,256.0,266.0,2023-06-23
oficial,256.0,266.0,2023-06-24
oficial,256.0,266.0,2023-06-25
oficial,257.0,267.0,2023-06-26
oficial,258.0,268.0,2023-06-27
oficial,258.0,268.0,2023-06-28
oficial,259.0,269.0,2023-06-29
oficial,260.0,270.0,2023-06-30
oficial,260.0,270.0,2023-07-01
oficial,260.0,270.0,2023-07-02
oficial,262.0,272.0,2023-07-03
oficial,262.0,272.0,2023-07-04
oficial,263.0,273.0,2023-07-05
oficial,264.0,274.0,2023-07-06
oficial,264.0,274.0,2023-07-07
oficial,264.0,274.0,2023-07-08
oficial,264.0,274.0,2023-07-09
oficial,266.0,276.0,2023-07-10
oficial,267.0,277.0,2023-07-11
oficial,267.0,277.0,2023-07-12
oficial,268.0,278.0,2023-07-13
oficial,268.0,278.0,2023-07-14
oficial,268.0,278.0,2023-07-15
oficial,268.0,278.0,2023-07-16
oficial,270.0,280.0,2023-07-17
oficial,271.0,281.0,2023-07-18
oficial,271.0,281.0,2023-07-19
oficial,272.0,282.0,2023-07-20
oficial,273.0,283.0,2023-07-21
oficial,273.0,283.0,2023-07-22
oficial,273.0,283.0,2023-07-23
oficial,274.0,284.0,2023-07-24
oficial,275.0,285.0,2023-07-25
oficial,275.0,285.0,2023-07-26
oficial,276.0,286.0,2023-07-27
oficial,277.0,287.0,2023-07-28
oficial,277.0,287.0,2023-07-29
oficial,277.0,287.0,2023-07-30
oficial,278.0,288.0,2023-07-31
oficial,279.0,289.0,2023-08-01
oficial,280.0,290.0,2023-08-02
oficial,281.0,291.0,2023-08-03
oficial,282.0,292.0,2023-08-04
oficial,282.0,292.0,2023-08-05
oficial,282.0,292.0,2023-08-06
oficial,285.0,295.0,2023-08-07
oficial,287.0,297.0,2023-08-08
oficial,288.0,298.0,2023-08-09
oficial,289.0,299.0,2023-08-10
oficial,290.0,300.0,2023-08-11
oficial,290.0,300.0,2023-08-12
oficial,290.0,300.0,2023-08-13
oficial,356.0,366.0,2023-08-14
oficial,357.0,367.0,2023-08-15
oficial,357.0,367.0,2023-08-16
oficial,357.0,367.0,2023-08-17
oficial,357.0,367.0,2023-08-18
oficial,357.0,367.0,2023-08-19
oficial,357.0,367.0,2023-08-20
oficial,357.0,367.0,2023-08-21
oficial,357.0,367.0,2023-08-22
oficial,357.0,367.0,2023-08-23
oficial,357.0,367.0,2023-08-24
oficial,357.0,367.0,2023-08-25
oficial,357.0,367.0,2023-08-26
oficial,357.0,367.0,2023-08-27
oficial,357.0,367.0,2023-08-28
oficial,357.0,367.0,2023-08-29
oficial,357.0,367.0,2023-08-30
oficial,357.0,367.0,2023-08-31
oficial,347.0,367.0,2023-09-01
oficial,347.0,367.0,2023-09-02
oficial,347.0,367.0,2023-09-03
oficial,347.0,367.0,2023-09-04
oficial,347.0,367.0,2023-09-05
oficial,347.0,367.0,2023-09-06
oficial,347.0,367.0,2023-09-07
oficial,349.03,366.64,2023-09-08
oficial,349.03,366.64,2023-09-09
oficial,349.03,366.64,2023-09-10
oficial,349.03,366.64,2023-09-11
oficial,349.03,366.64,2023-09-12
oficial,349.03,366.64,2023-09-13
oficial,349.04,366.65,2023-09-14
oficial,349.03,366.64,2023-09-15
oficial,349.03,366.64,2023-09-16
oficial,349.03,366.64,2023-09-17
oficial,349.03,366.64,2023-09-18
oficial,349.03,366.64,2023-09-19
oficial,349.03,366.64,2023-09-20
oficial,349.03,366.64,2023-09-21
oficial,349.04,366.65,2023-09-22
oficial,349.04,366.65,2023-09-23
oficial,349.04,366.65,2023-09-24
oficial,349.03,366.64,2023-09-25
oficial,349.03,366.7,2023-09-26
oficial,349.02,366.91,2023-09-27
oficial,349.0,366.9,2023-09-28
oficial,349.0,366.9,2023-09-29
oficial,349.0,366.9,2023-09-30
oficial,349.0,366.9,2023-10-01
oficial,349.03,366.86,2023-10-02
oficial,349.02,366.91,2023-10-03
oficial,349.02,367.23,2023-10-04
oficial,349.02,367.23,2023-10-05
oficial,349.02,367.23,2023-10-06
oficial,349.02,367.23,2023-10-07
oficial,349.02,367.23,2023-10-08
oficial,349.02,367.24,2023-10-09
oficial,367.39,367.39,2023-10-10
oficial,349.02,367.39,2023-10-11
oficial,349.02,367.39,2023-10-12
oficial,349.02,367.39,2023-10-13
oficial,349.02,367.39,2023-10-14
oficial,349.02,367.39,2023-10-15
oficial,348.79,367.17,2023-10-16
oficial,348.88,368.19,2023-10-17
oficial,348.96,368.6,2023-10-18
oficial,348.96,368.6,2023-10-19
oficial,348.96,368.6,2023-10-20
oficial,348.96,368.6,2023-10-21
oficial,348.96,368.6,2023-10-22
oficial,348.96,368.6,2023-10-23
oficial,348.96,368.6,2023-10-24
oficial,348.96,368.6,2023-10-25
oficial,348.96,368.6,2023-10-26
oficial,348.96,368.6,2023-10-27
oficial,348.96,368.6,2023-10-28
oficial,348.96,368.6,2023-10-29
oficial,348.96,368.6,2023-10-30
oficial,348.96,368.6,2023-10-31
oficial,348.96,368.6,2023-11-01
oficial,348.96,368.6,2023-11-02
oficial,348.96,368.6,2023-11-03
oficial,348.96,368.6,2023-11-04
oficial,348.96,368.6,2023-11-05
oficial,347.5,365.5,2023-11-06
oficial,347.5,365.5,2023-11-07
oficial,347.5,365.5,2023-11-08
oficial,347.5,365.5,2023-11-09
oficial,347.5,365.5,2023-11-10
oficial,347.5,365.5,2023-11-11
oficial,347.5,365.5,2023-11-12
oficial,347.5,365.5,2023-11-13
oficial,347.5,365.5,2023-11-14
oficial,350.5,368.5,2023-11-15
oficial,351.0,369.0,2023-11-16
oficial,351.5,369.5,2023-11-17
oficial,351.5,369.5,2023-11-18
oficial,351.5,369.5,2023-11-19
oficial,351.5,369.5,2023-11-20
oficial,353.5,371.5,2023-11-21
oficial,354.0,372.0,2023-11-22
oficial,354.5,372.5,2023-11-23
oficial,355.0,373.0,2023-11-24
oficial,355.0,373.0,2023-11-25
oficial,355.0,373.0,2023-11-26
oficial,356.5,374.5,2023-11-27
oficial,357.0,375.0,2023-11-28
oficial,357.5,375.5,2023-11-29
oficial,358.0,376.0,2023-11-30
oficial,358.5,376.5,2023-12-01
oficial,358.5,376.5,2023-12-02
oficial,358.5,376.5,2023-12-03
oficial,360.0,378.0,2023-12-04
oficial,360.5,378.5,2023-12-05
oficial,361.0,379.0,2023-12-06
oficial,382.5,400.5,2023-12-07
oficial,382.5,400.5,2023-12-08
oficial,382.5,400.5,2023-12-09
oficial,382.5,400.5,2023-12-10
oficial,365.5,400.5,2023-12-11
oficial,365.5,400.5,2023-12-12
oficial,780.0,820.0,2023-12-13
oficial,780.62,820.62,2023-12-14
oficial,781.0,821.0,2023-12-15
oficial,781.0,821.0,2023-12-16
oficial,781.0,821.0,2023-12-17
oficial,782.5,822.5,2023-12-18
oficial,783.0,823.0,2023-12-19
oficial,783.5,823.5,2023-12-20
oficial,784.0,824.0,2023-12-21
oficial,784.5,824.5,2023-12-22
oficial,784.5,824.5,2023-12-23
oficial,784.5,824.5,2023-12-24
oficial,784.5,824.5,2023-12-25
oficial,786.75,826.75,2023-12-26
oficial,787.25,827.25,2023-12-27
oficial,787.75,827.75,2023-12-28
oficial,788.25,828.25,2023-12-29
oficial,788.25,828.25,2023-12-30
oficial,788.25,828.25,2023-12-31
oficial,788.25,828.25,2024-01-01
oficial,790.25,830.25,2024-01-02
oficial,791.0,831.0,2024-01-03
oficial,791.5,831.5,2024-01-04
oficial,792.0,832.0,2024-01-05
oficial,792.0,832.0,2024-01-06
oficial,792.0,832.0,2024-01-07
oficial,793.5,833.5,2024-01-08
oficial,794.0,834.0,2024-01-09
oficial,794.5,834.5,2024-01-10
oficial,795.0,835.0,2024-01-11
oficial,795.5,835.5,2024-01-12
oficial,795.5,835.5,2024-01-13
oficial,795.5,835.5,2024-01-14
oficial,797.25,837.25,2024-01-15
oficial,797.75,837.75,2024-01-16
oficial,798.25,838.25,2024-01-17
oficial,798.75,838.75,2024-01-18
oficial,799.25,839.25,2024-01-19
oficial,799.25,839.25,2024-01-20
oficial,799.25,839.25,2024-01-21
oficial,800.75,840.75,2024-01-22
oficial,801.25,841.25,2024-01-23
oficial,801.75,841.75,2024-01-24
oficial,802.25,842.25,2024-01-25
oficial,802.75,842.75,2024-01-26
oficial,802.75,842.75,2024-01-27
oficial,802.75,842.75,2024-01-28
oficial,804.5,844.5,2024-01-29
oficial,805.0,845.0,2024-01-30
oficial,805.5,845.5,2024-01-31
oficial,806.0,846.0,2024-02-01
oficial,806.5,846.5,2024-02-02
oficial,806.5,846.5,2024-02-03
oficial,806.5,846.5,2024-02-04
oficial,808.0,848.0,2024-02-05
oficial,808.5,848.5,2024-02-06
oficial,809.0,849.0,2024-02-07
oficial,809.5,849.5,2024-02-08
oficial,810.0,850.0,2024-02-09
oficial,810.0,850.0,2024-02-10
oficial,810.0,850.0,2024-02-11
oficial,810.0,850.0,2024-02-12
oficial,810.0,850.0,2024-02-13
oficial,813.0,853.0,2024-02-14
oficial,813.5,853.5,2024-02-15
oficial,814.0,854.0,2024-02-16
oficial,814.0,854.0,2024-02-17
oficial,814.0,854.0,2024-02-18
oficial,815.5,855.5,2024-02-19
oficial,816.0,856.0,2024-02-20
oficial,816.5,856.5,2024-02-21
oficial,817.0,857.0,2024-02-22
oficial,817.5,857.5,2024-02-23
oficial,817.5,857.5,2024-02-24
oficial,817.5,857.5,2024-02-25
oficial,819.5,859.5,2024-02-26
oficial,820.0,860.0,2024-02-27
oficial,820.5,860.5,2024-02-28
oficial,821.0,861.0,2024-02-29
oficial,821.5,861.5,2024-03-01
oficial,821.5,861.5,2024-03-02
oficial,821.5,861.5,2024-03-03
oficial,823.0,863.0,2024-03-04
oficial,824.0,864.0,2024-03-05
oficial,824.5,864.5,2024-03-06
oficial,825.0,865.0,2024-03-07
oficial,825.5,865.5,2024-03-08
oficial,825.5,865.5,2024-03-09
oficial,825.5,865.5,2024-03-10
oficial,827.0,867.0,2024-03-11
oficial,827.5,867.5,2024-03-12
oficial,828.5,868.5,2024-03-13
oficial,829.0,869.0,2024-03-14
oficial,829.5,869.5,2024-03-15
oficial,829.5,869.5,2024-03-16
oficial,829.5,869.5,2024-03-17
oficial,831.0,871.0,2024-03-18
oficial,831.5,871.5,2024-03-19
oficial,832.0,872.0,2024-03-20
oficial,832.5,872.5,2024-03-21
oficial,833.5,873.5,2024-03-22
oficial,833.5,873.5,2024-03-23
oficial,833.5,873.5,2024-03-24
oficial,835.0,875.0,2024-03-25
oficial,835.5,875.5,2024-03-26
oficial,836.0,876.0,2024-03-27
oficial,836.0,876.0,2024-03-28
oficial,836.0,876.0,2024-03-29
oficial,836.0,876.0,2024-03-30
oficial,836.0,876.0,2024-03-31
oficial,836.0,876.0,2024-04-01
oficial,836.0,876.0,2024-04-02
oficial,840.0,880.0,2024-04-03
oficial,840.5,880.5,2024-04-04
oficial,841.5,881.5,2024-04-05
oficial,841.5,881.5,2024-04-06
oficial,841.5,881.5,2024-04-07
oficial,843.0,883.0,2024-04-08
oficial,843.5,883.5,2024-04-09
oficial,843.5,883.5,2024-04-10
oficial,884.5,884.5,2024-04-11
oficial,885.5,885.5,2024-04-12
oficial,885.5,885.5,2024-04-13
oficial,885.5,885.5,2024-04-14
oficial,847.0,887.0,2024-04-15
oficial,887.5,887.5,2024-04-16
oficial,888.0,888.0,2024-04-17
oficial,888.5,888.5,2024-04-18
oficial,890.0,890.0,2024-04-19
oficial,890.0,890.0,2024-04-20
oficial,890.0,890.0,2024-04-21
oficial,892.0,892.0,2024-04-22
oficial,892.0,892.0,2024-04-23
oficial,892.5,892.5,2024-04-24
oficial,893.0,893.0,2024-04-25
oficial,854.0,894.0,2024-04-26
oficial,894.0,894.0,2024-04-27
oficial,894.0,894.0,2024-04-28
oficial,895.5,895.5,2024-04-29
oficial,896.0,896.0,2024-04-30
oficial,896.0,896.0,2024-05-01
oficial,897.0,897.0,2024-05-02
oficial,897.5,897.5,2024-05-03
oficial,897.5,897.5,2024-05-04
oficial,897.5,897.5,2024-05-05
oficial,859.0,899.0,2024-05-06
oficial,859.5,899.5,2024-05-07
oficial,860.5,900.5,2024-05-08
oficial,861.0,901.0,2024-05-09
oficial,901.5,901.5,2024-05-10
oficial,901.5,901.5,2024-05-11
oficial,901.5,901.5,2024-05-12
oficial,863.0,903.0,2024-05-13
oficial,864.0,904.0,2024-05-14
oficial,904.5,904.5,2024-05-15
oficial,865.0,905.0,2024-05-16
oficial,905.5,905.5,2024-05-17
oficial,905.5,905.5,2024-05-18
oficial,905.5,905.5,2024-05-19
oficial,867.5,907.5,2024-05-20
oficial,908.0,908.0,2024-05-21
oficial,868.5,908.5,2024-05-22
oficial,909.0,909.0,2024-05-23
oficial,869.5,909.5,2024-05-24
oficial,909.5,909.5,2024-05-25
oficial,869.5,909.5,2024-05-26
oficial,871.5,911.5,2024-05-27
oficial,872.5,912.5,2024-05-28
oficial,873.0,913.0,2024-05-29
oficial,873.0,913.0,2024-05-30
oficial,874.0,914.0,2024-05-31
oficial,914.0,914.0,2024-06-01
oficial,914.0,914.0,2024-06-02
oficial,916.0,916.0,2024-06-03
oficial,916.5,916.5,2024-06-04
oficial,916.5,916.5,2024-06-05
oficial,878.0,918.0,2024-06-06
oficial,878.0,918.0,2024-06-07
oficial,918.0,918.0,2024-06-08
oficial,878.0,918.0,2024-06-09
oficial,880.5,920.5,2024-06-10
oficial,881.0,921.0,2024-06-11
oficial,881.5,921.5,2024-06-12
oficial,881.5,921.5,2024-06-13
oficial,882.0,922.0,2024-06-14
oficial,882.0,922.0,2024-06-15
oficial,882.0,922.0,2024-06-16
oficial,882.0,922.0,2024-06-17
oficial,884.0,924.0,2024-06-18
oficial,884.5,924.5,2024-06-19
oficial,884.5,924.5,2024-06-20
oficial,884.5,924.5,2024-06-21
oficial,884.5,924.5,2024-06-22
oficial,884.5,924.5,2024-06-23
oficial,887.0,927.0,2024-06-24
oficial,887.5,927.5,2024-06-25
oficial,888.0,928.0,2024-06-26
oficial,889.5,929.5,2024-06-27
oficial,890.5,930.5,2024-06-28
oficial,890.5,930.5,2024-06-29
oficial,890.5,930.5,2024-06-30
oficial,892.5,932.5,2024-07-01
oficial,893.0,933.0,2024-07-02
oficial,893.5,933.5,2024-07-03
oficial,894.0,934.0,2024-07-04
oficial,894.5,934.5,2024-07-05
oficial,894.5,934.5,2024-07-06
oficial,894.5,934.5,2024-07-07
oficial,896.5,936.5,2024-07-08
oficial,896.5,936.5,2024-07-09
oficial,897.5,937.5,2024-07-10
oficial,898.0,938.0,2024-07-11
oficial,900.0,940.0,2024-07-12
oficial,900.0,940.0,2024-07-13
oficial,900.0,940.0,2024-07-14
oficial,900.5,940.5,2024-07-15
oficial,901.0,941.0,2024-07-16
oficial,902.0,942.0,2024-07-17
oficial,902.5,942.5,2024-07-18
oficial,904.5,944.5,2024-07-19
oficial,904.5,944.5,2024-07-20
oficial,904.5,944.5,2024-07-21
oficial,906.0,946.0,2024-07-22
oficial,906.0,946.0,2024-07-23
oficial,906.5,946.5,2024-07-24
oficial,907.5,947.5,2024-07-25
oficial,910.0,950.0,2024-07-26
oficial,910.0,950.0,2024-07-27
oficial,910.0,950.0,2024-07-28
oficial,910.5,950.5,2024-07-29
oficial,911.0,951.0,2024-07-30
oficial,911.5,951.5,2024-07-31
oficial,911.5,951.5,2024-08-01
oficial,913.5,953.5,2024-08-02
oficial,913.5,953.5,2024-08-03
oficial,913.5,953.5,2024-08-04
oficial,914.0,954.0,2024-08-05
oficial,914.5,954.5,2024-08-06
oficial,915.5,955.5,2024-08-07
oficial,915.5,955.5,2024-08-08
oficial,917.5,957.5,2024-08-09
oficial,917.5,957.5,2024-08-10
oficial,917.5,957.5,2024-08-11
oficial,918.0,958.0,2024-08-12
oficial,918.5,958.5,2024-08-13
oficial,919.0,959.0,2024-08-14
oficial,920.0,960.0,2024-08-15
oficial,921.5,961.5,2024-08-16
oficial,922.0,962.0,2024-08-17
oficial,922.0,962.0,2024-08-18
oficial,923.0,963.0,2024-08-19
oficial,923.0,963.0,2024-08-20
oficial,923.5,963.5,2024-08-21
oficial,924.0,964.0,2024-08-22
oficial,926.0,966.0,2024-08-23
oficial,926.0,966.0,2024-08-24
oficial,926.0,966.0,2024-08-25
oficial,928.0,968.0,2024-08-26
oficial,929.5,969.5,2024-08-27
oficial,929.5,969.5,2024-08-28
oficial,930.0,970.0,2024-08-29
oficial,932.0,972.0,2024-08-30
oficial,932.0,972.0,2024-08-31
oficial,932.0,972.0,2024-09-01
oficial,933.0,973.0,2024-09-02
oficial,933.0,973.0,2024-09-03
oficial,933.5,973.5,2024-09-04
oficial,934.0,974.0,2024-09-05
oficial,936.5,976.5,2024-09-06
oficial,936.5,976.5,2024-09-07
oficial,936.5,976.5,2024-09-08
oficial,937.0,977.0,2024-09-09
oficial,938.0,978.0,2024-09-10
oficial,938.0,978.0,2024-09-11
oficial,938.5,978.5,2024-09-12
oficial,940.5,980.5,2024-09-13
oficial,940.5,980.5,2024-09-14
oficial,940.5,980.5,2024-09-15
oficial,942.0,982.0,2024-09-16
oficial,942.0,982.0,2024-09-17
oficial,942.0,982.0,2024-09-18
oficial,943.5,983.5,2024-09-19
oficial,945.0,985.0,2024-09-20
oficial,945.0,985.0,2024-09-21
oficial,945.0,985.0,2024-09-22
oficial,945.5,985.5,2024-09-23
oficial,946.0,986.0,2024-09-24
oficial,947.0,987.0,2024-09-25
oficial,948.5,988.5,2024-09-26
oficial,949.5,989.5,2024-09-27
oficial,949.5,989.5,2024-09-28
oficial,949.5,989.5,2024-09-29
oficial,950.0,990.0,2024-09-30
oficial,950.5,990.5,2024-10-01
oficial,951.0,991.0,2024-10-02
oficial,952.5,992.5,2024-10-03
oficial,954.0,994.0,2024-10-04
oficial,954.0,994.0,2024-10-05
oficial,954.0,994.0,2024-10-06
oficial,955.0,995.0,2024-10-07
oficial,955.5,995.5,2024-10-08
oficial,955.5,995.5,2024-10-09
oficial,958.5,998.5,2024-10-10
oficial,958.5,998.5,2024-10-11
oficial,958.5,998.5,2024-10-12
oficial,958.5,998.5,2024-10-13
oficial,959.5,999.5,2024-10-14
oficial,960.0,1000.0,2024-10-15
oficial,960.5,1000.5,2024-10-16
oficial,961.0,1001.0,2024-10-17
oficial,964.0,1004.0,2024-10-18
oficial,964.0,1004.0,2024-10-19
oficial,964.0,1004.0,2024-10-20
oficial,964.5,1004.5,2024-10-21
oficial,964.5,1004.5,2024-10-22
oficial,965.0,1005.0,2024-10-23
oficial,965.5,1005.5,2024-10-24
oficial,967.5,1007.5,2024-10-25
oficial,967.5,1007.5,2024-10-26
oficial,967.5,1007.5,2024-10-27
oficial,968.0,1008.0,2024-10-28
oficial,968.5,1008.5,2024-10-29
oficial,969.5,1009.5,2024-10-30
oficial,971.5,1011.5,2024-10-31
oficial,973.0,1013.0,2024-11-01
oficial,973.0,1013.0,2024-11-02
oficial,973.0,1013.0,2024-11-03
oficial,973.0,1013.0,2024-11-04
oficial,974.0,1014.0,2024-11-05
oficial,974.0,1014.0,2024-11-06
oficial,974.5,1014.5,2024-11-07
oficial,976.5,1016.5,2024-11-08
oficial,976.5,1016.5,2024-11-09
oficial,976.5,1016.5,2024-11-10
oficial,977.5,1017.5,2024-11-11
oficial,978.0,1018.0,2024-11-12
oficial,978.5,1018.5,2024-11-13
oficial,979.0,1019.0,2024-11-14
oficial,982.0,1022.0,2024-11-15
oficial,982.0,1022.0,2024-11-16
oficial,982.0,1022.0,2024-11-17
oficial,982.0,1022.0,2024-11-18
oficial,982.5,1022.5,2024-11-19
oficial,983.0,1023.0,2024-11-20
oficial,984.5,1024.5,2024-11-21
oficial,986.5,1026.5,2024-11-22
oficial,986.5,1026.5,2024-11-23
oficial,986.5,1026.5,2024-11-24
oficial,987.0,1027.0,2024-11-25
oficial,987.5,1027.5,2024-11-26
oficial,988.0,1028.0,2024-11-27
oficial,988.5,1028.5,2024-11-28
oficial,991.0,1031.0,2024-11-29
oficial,991.0,1031.0,2024-11-30
oficial,991.0,1031.0,2024-12-01
oficial,992.0,1032.0,2024-12-02
oficial,992.5,1032.5,2024-12-03
oficial,992.5,1032.5,2024-12-04
oficial,993.0,1033.0,2024-12-05
oficial,995.0,1035.0,2024-12-06
oficial,995.0,1035.0,2024-12-07
oficial,995.0,1035.0,2024-12-08
oficial,996.0,1036.0,2024-12-09
oficial,996.5,1036.5,2024-12-10
oficial,997.0,1037.0,2024-12-11
oficial,998.5,1038.5,2024-12-12
oficial,1000.0,1040.0,2024-12-13
oficial,1000.0,1040.0,2024-12-14
oficial,1000.0,1040.0,2024-12-15
oficial,1002.0,1042.0,2024-12-16
oficial,1002.5,1042.5,2024-12-17
oficial,1002.5,1042.5,2024-12-18
oficial,1002.5,1042.5,2024-12-19
oficial,1004.5,1044.5,2024-12-20
oficial,1004.5,1044.5,2024-12-21
oficial,1004.5,1044.5,2024-12-22
oficial,1008.0,1048.0,2024-12-23
oficial,1008.0,1048.0,2024-12-24
oficial,1008.0,1048.0,2024-12-25
oficial,1009.0,1049.0,2024-12-26
oficial,1011.0,1051.0,2024-12-27
oficial,1011.0,1051.0,2024-12-28
oficial,1011.0,1051.0,2024-12-29
oficial,1012.5,1052.5,2024-12-30
oficial,1012.5,1052.5,2024-12-31
oficial,1012.5,1052.5,2025-01-01
oficial,1012.5,1052.5,2025-01-02
oficial,1015.0,1055.0,2025-01-03
oficial,1015.0,1055.0,2025-01-04
oficial,1015.0,1055.0,2025-01-05
oficial,1015.0,1055.0,2025-01-06
oficial,1015.5,1055.5,2025-01-07
oficial,1016.0,1056.0,2025-01-08
oficial,1017.0,1057.0,2025-01-09
oficial,1019.0,1059.0,2025-01-10
oficial,1019.0,1059.0,2025-01-11
oficial,1019.0,1059.0,2025-01-12
oficial,1019.5,1059.5,2025-01-13
oficial,1020.5,1060.5,2025-01-14
oficial,1021.5,1061.5,2025-01-15
oficial,1022.0,1062.0,2025-01-16
oficial,1023.5,1063.5,2025-01-17
oficial,1023.5,1063.5,2025-01-18
oficial,1023.5,1063.5,2025-01-19
oficial,1026.0,1066.0,2025-01-20
oficial,1026.5,1066.5,2025-01-21
oficial,1027.5,1067.5,2025-01-22
oficial,1028.0,1068.0,2025-01-23
oficial,1029.0,1069.0,2025-01-24
oficial,1029.0,1069.0,2025-01-25
oficial,1029.0,1069.0,2025-01-26
oficial,1030.0,1070.0,2025-01-27
oficial,1030.5,1070.5,2025-01-28
oficial,1031.5,1071.5,2025-01-29
oficial,1032.0,1072.0,2025-01-30
oficial,1033.5,1073.5,2025-01-31
oficial,1033.5,1073.5,2025-02-01
oficial,1033.5,1073.5,2025-02-02
oficial,1034.25,1074.25,2025-02-03
oficial,1034.5,1074.5,2025-02-04
oficial,1034.5,1074.5,2025-02-05
oficial,1034.75,1074.75,2025-02-06
oficial,1035.75,1075.75,2025-02-07
oficial,1035.75,1075.75,2025-02-08
oficial,1035.75,1075.75,2025-02-09
oficial,1036.0,1076.0,2025-02-10
oficial,1036.0,1076.0,2025-02-11
oficial,1036.25,1076.25,2025-02-12
oficial,1037.25,1077.25,2025-02-13
oficial,1038.0,1078.0,2025-02-14
oficial,1038.0,1078.0,2025-02-15
oficial,1038.0,1078.0,2025-02-16
oficial,1038.75,1078.75,2025-02-17
oficial,1039.0,1079.0,2025-02-18
oficial,1039.0,1079.0,2025-02-19
oficial,1039.25,1079.25,2025-02-20
oficial,1040.25,1080.25,2025-02-21
oficial,1040.25,1080.25,2025-02-22
oficial,1040.25,1080.25,2025-02-23
oficial,1040.5,1080.5,2025-02-24
oficial,1041.0,1081.0,2025-02-25
oficial,1041.25,1081.25,2025-02-26
oficial,1041.75,1081.75,2025-02-27
oficial,1044.25,1084.25,2025-02-28
oficial,1044.25,1084.25,2025-03-01
oficial,1044.25,1084.25,2025-03-02
oficial,1044.25,1084.25,2025-03-03
oficial,1044.25,1084.25,2025-03-04
oficial,1044.5,1084.5,2025-03-05
oficial,1044.5,1084.5,2025-03-06
oficial,1046.0,1086.0,2025-03-07
oficial,1046.0,1086.0,2025-03-08
oficial,1046.0,1086.0,2025-03-09
oficial,1046.25,1086.25,2025-03-10
oficial,1046.25,1086.25,2025-03-11
oficial,1046.25,1086.25,2025-03-12
oficial,1046.5,1086.5,2025-03-13
oficial,1048.0,1088.0,2025-03-14
oficial,1048.0,1088.0,2025-03-15
oficial,1048.0,1088.0,2025-03-16
oficial,1048.25,1088.25,2025-03-17
oficial,1048.5,1088.5,2025-03-18
oficial,1049.25,1089.25,2025-03-19
oficial,1049.5,1089.5,2025-03-20
oficial,1051.0,1091.0,2025-03-21
oficial,1051.0,1091.0,2025-03-22
oficial,1051.0,1091.0,2025-03-23
oficial,1051.0,1091.0,2025-03-24
oficial,1051.25,1091.25,2025-03-25
oficial,1051.5,1091.5,2025-03-26
oficial,1051.75,1091.75,2025-03-27
oficial,1053.0,1093.0,2025-03-28
oficial,1053.0,1093.0,2025-03-29
oficial,1053.0,1093.0,2025-03-30
oficial,1053.5,1093.5,2025-03-31
oficial,1054.25,1094.25,2025-04-01
oficial,1054.25,1094.25,2025-04-02
oficial,1054.5,1094.5,2025-04-03
oficial,1055.5,1095.5,2025-04-04
oficial,1055.5,1095.5,2025-04-05
oficial,1055.5,1095.5,2025-04-06
oficial,1055.75,1095.75,2025-04-07
oficial,1056.0,1096.0,2025-04-08
oficial,1036.5,1096.5,2025-04-09
oficial,1036.75,1096.75,2025-04-10
oficial,1037.5,1097.5,2025-04-11
oficial,1037.5,1097.5,2025-04-12
oficial,1037.5,1097.5,2025-04-13
oficial,1180.0,1230.0,2025-04-14
oficial,1180.0,1230.0,2025-04-15
oficial,1110.0,1160.0,2025-04-16
oficial,1110.0,1160.0,2025-04-17
oficial,1110.0,1160.0,2025-04-18
oficial,1110.0,1160.0,2025-04-19
oficial,1110.0,1160.0,2025-04-20
oficial,1060.0,1110.0,2025-04-21
oficial,1070.0,1120.0,2025-04-22
oficial,1120.0,1170.0,2025-04-23
oficial,1140.0,1190.0,2025-04-24
oficial,1140.0,1190.0,2025-04-25
oficial,1140.0,1190.0,2025-04-26
oficial,1140.0,1190.0,2025-04-27
oficial,1140.0,1190.0,2025-04-28
oficial,1130.0,1180.0,2025-04-29
oficial,1140.0,1190.0,2025-04-30
oficial,1140.0,1190.0,2025-05-01
oficial,1140.0,1190.0,2025-05-02
oficial,1140.0,1190.0,2025-05-03
oficial,1140.0,1190.0,2025-05-04
oficial,1160.0,1210.0,2025-05-05
oficial,1165.0,1215.0,2025-05-06
oficial,1090.0,1140.0,2025-05-07
oficial,1080.0,1130.0,2025-05-08
oficial,1100.0,1150.0,2025-05-09
oficial,1100.0,1150.0,2025-05-10
oficial,1100.0,1150.0,2025-05-11
oficial,1100.0,1150.0,2025-05-12
oficial,1100.0,1150.0,2025-05-13
oficial,1100.0,1150.0,2025-05-14
oficial,1100.0,1150.0,2025-05-15
oficial,1110.0,1160.0,2025-05-16
oficial,1110.0,1160.0,2025-05-17
oficial,1110.0,1160.0,2025-05-18
oficial,1105.0,1155.0,2025-05-19
oficial,1110.0,1160.0,2025-05-20
oficial,1110.0,1160.0,2025-05-21
oficial,1105.0,1155.0,2025-05-22
oficial,1100.0,1150.0,2025-05-23
oficial,1100.0,1150.0,2025-05-24
oficial,1100.0,1150.0,2025-05-25
oficial,1110.0,1160.0,2025-05-26
oficial,1120.0,1170.0,2025-05-27
oficial,1125.0,1175.0,2025-05-28
oficial,1145.0,1195.0,2025-05-29
oficial,1145.0,1195.0,2025-05-30
oficial,1145.0,1195.0,2025-05-31
oficial,1145.0,1195.0,2025-06-01
oficial,1150.0,1200.0,2025-06-02
oficial,1150.0,1200.0,2025-06-03
oficial,1150.0,1200.0,2025-06-04
oficial,1155.0,1205.0,2025-06-05
oficial,1150.0,1200.0,2025-06-06
oficial,1150.0,1200.0,2025-06-07
oficial,1150.0,1200.0,2025-06-08
oficial,1150.0,1200.0,2025-06-09
oficial,1150.0,1200.0,2025-06-10
oficial,1150.0,1200.0,2025-06-11
oficial,1150.0,1200.0,2025-06-12
oficial,1150.0,1200.0,2025-06-13
oficial,1150.0,1200.0,2025-06-14
oficial,1150.0,1200.0,2025-06-15
oficial,1150.0,1200.0,2025-06-16
oficial,1135.0,1185.0,2025-06-17
oficial,1110.0,1160.0,2025-06-18
oficial,1130.0,1180.0,2025-06-19
oficial,1130.0,1180.0,2025-06-20
oficial,1130.0,1180.0,2025-06-21
oficial,1130.0,1180.0,2025-06-22
oficial,1135.0,1185.0,2025-06-23
oficial,1145.0,1195.0,2025-06-24
oficial,1155.0,1205.0,2025-06-25
oficial,1155.0,1205.0,2025-06-26
oficial,1155.0,1205.0,2025-06-27
oficial,1155.0,1205.0,2025-06-28
oficial,1155.0,1205.0,2025-06-29
oficial,1165.0,1215.0,2025-06-30
oficial,1185.0,1235.0,2025-07-01
oficial,1195.0,1245.0,2025-07-02
oficial,1195.0,1245.0,2025-07-03
oficial,1210.0,1260.0,2025-07-04
oficial,1210.0,1260.0,2025-07-05
oficial,1210.0,1260.0,2025-07-06
oficial,1230.0,1280.0,2025-07-07
oficial,1225.0,1275.0,2025-07-08
oficial,1225.0,1275.0,2025-07-09
oficial,1225.0,1275.0,2025-07-10
oficial,1225.0,1275.0,2025-07-11
oficial,1225.0,1275.0,2025-07-12
oficial,1225.0,1275.0,2025-07-13
oficial,1245.0,1295.0,2025-07-14
oficial,1230.0,1280.0,2025-07-15
oficial,1225.0,1275.0,2025-07-16
oficial,1240.0,1290.0,2025-07-17
oficial,1250.0,1300.0,2025-07-18
oficial,1250.0,1300.0,2025-07-19
oficial,1250.0,1300.0,2025-07-20
oficial,1250.0,1300.0,2025-07-21
oficial,1225.0,1275.0,2025-07-22
oficial,1225.0,1275.0,2025-07-23
oficial,1235.0,1285.0,2025-07-24
oficial,1245.0,1295.0,2025-07-25
oficial,1245.0,1295.0,2025-07-26
oficial,1245.0,1295.0,2025-07-27
oficial,1255.0,1305.0,2025-07-28
oficial,1250.0,1300.0,2025-07-29
oficial,1275.0,1325.0,2025-07-30
oficial,1330.0,1380.0,2025-07-31
oficial,1325.0,1375.0,2025-08-01
oficial,1325.0,1375.0,2025-08-02
oficial,1325.0,1375.0,2025-08-03
oficial,1320.0,1370.0,2025-08-04
oficial,1300.0,1350.0,2025-08-05
oficial,1295.0,1345.0,2025-08-06
oficial,1290.0,1340.0,2025-08-07
oficial,1285.0,1335.0,2025-08-08
oficial,1285.0,1335.0,2025-08-09
oficial,1285.0,1335.0,2025-08-10
oficial,1295.0,1335.0,2025-08-11
oficial,1290.0,1330.0,2025-08-12
oficial,1285.0,1325.0,2025-08-13
oficial,1270.0,1310.0,2025-08-14
oficial,1270.0,1310.0,2025-08-15
oficial,1270.0,1310.0,2025-08-16
oficial,1270.0,1310.0,2025-08-17
oficial,1275.0,1315.0,2025-08-18
oficial,1270.0,1310.0,2025-08-19
oficial,1275.0,1315.0,2025-08-20
oficial,1285.0,1325.0,2025-08-21
oficial,1295.0,1335.0,2025-08-22
oficial,1295.0,1335.0,2025-08-23
oficial,1295.0,1335.0,2025-08-24
oficial,1330.0,1370.0,2025-08-25
oficial,1330.0,1370.0,2025-08-26
oficial,1320.0,1360.0,2025-08-27
oficial,1305.0,1345.0,2025-08-28
oficial,1320.0,1360.0,2025-08-29
oficial,1320.0,1360.0,2025-08-30
oficial,1320.0,1360.0,2025-08-31
oficial,1345.0,1385.0,2025-09-01
oficial,1335.0,1375.0,2025-09-02
oficial,1335.0,1375.0,2025-09-03
oficial,1335.0,1375.0,2025-09-04
oficial,1340.0,1380.0,2025-09-05
oficial,1340.0,1380.0,2025-09-06
oficial,1340.0,1380.0,2025-09-07
oficial,1365.0,1425.0,2025-09-08
oficial,1375.0,1425.0,2025-09-09
oficial,1385.0,1435.0,2025-09-10
oficial,1395.0,1445.0,2025-09-11
oficial,1415.0,1465.0,2025-09-12
oficial,1415.0,1465.0,2025-09-13
oficial,1415.0,1465.0,2025-09-14
oficial,1425.0,1475.0,2025-09-15
oficial,1430.0,1480.0,2025-09-16
oficial,1435.0,1485.0,2025-09-17
oficial,1445.0,1495.0,2025-09-18
oficial,1465.0,1515.0,2025-09-19
oficial,1465.0,1515.0,2025-09-20
oficial,1465.0,1515.0,2025-09-21
oficial,1380.0,1430.0,2025-09-22
oficial,1335.0,1385.0,2025-09-23
oficial,1310.0,1360.0,2025-09-24
oficial,1305.0,1355.0,2025-09-25
oficial,1300.0,1350.0,2025-09-26
oficial,1300.0,1350.0,2025-09-27
oficial,1300.0,1350.0,2025-09-28
oficial,1330.0,1380.0,2025-09-29
oficial,1350.0,1400.0,2025-09-30
oficial,1400.0,1450.0,2025-10-01
oficial,1400.0,1450.0,2025-10-02
oficial,1400.0,1450.0,2025-10-03
oficial,1400.0,1450.0,2025-10-04
oficial,1400.0,1450.0,2025-10-05
oficial,1405.0,1455.0,2025-10-06
oficial,1405.0,1455.0,2025-10-07
oficial,1405.0,1455.0,2025-10-08
oficial,1400.0,1450.0,2025-10-09
oficial,1400.0,1450.0,2025-10-10
oficial,1400.0,1450.0,2025-10-11
oficial,1400.0,1450.0,2025-10-12
oficial,1325.0,1375.0,2025-10-13
oficial,1335.0,1385.0,2025-10-14
oficial,1355.0,1405.0,2025-10-15
oficial,1380.0,1430.0,2025-10-16
oficial,1425.0,1475.0,2025-10-17
oficial,1425.0,1475.0,2025-10-18
oficial,1425.0,1475.0,2025-10-19
oficial,1445.0,1495.0,2025-10-20
oficial,1465.0,1515.0,2025-10-21
oficial,1465.0,1515.0,2025-10-22
oficial,1455.0,1505.0,2025-10-23
oficial,1465.0,1515.0,2025-10-24
oficial,1465.0,1515.0,2025-10-25
oficial,1465.0,1515.0,2025-10-26
oficial,1410.0,1460.0,2025-10-27
oficial,1445.0,1495.0,2025-10-28
oficial,1410.0,1460.0,2025-10-29
oficial,1415.0,1465.0,2025-10-30
oficial,1425.0,1475.0,2025-10-31
oficial,1425.0,1475.0,2025-11-01
oficial,1425.0,1475.0,2025-11-02
oficial,1450.0,1500.0,2025-11-03
oficial,1435.0,1485.0,2025-11-04
oficial,1425.0,1475.0,2025-11-05
oficial,1425.0,1475.0,2025-11-06
oficial,1395.0,1445.0,2025-11-07
oficial,1395.0,1445.0,2025-11-08
oficial,1395.0,1445.0,2025-11-09
oficial,1395.0,1445.0,2025-11-10
oficial,1390.0,1440.0,2025-11-11
oficial,1385.0,1435.0,2025-11-12
oficial,1380.0,1430.0,2025-11-13
oficial,1375.0,1425.0,2025-11-14
oficial,1375.0,1425.0,2025-11-15
oficial,1375.0,1425.0,2025-11-16
oficial,1365.0,1415.0,2025-11-17
oficial,1375.0,1425.0,2025-11-18
oficial,1380.0,1430.0,2025-11-19
oficial,1400.0,1450.0,2025-11-20
oficial,1400.0,1450.0,2025-11-21
oficial,1400.0,1450.0,2025-11-22
oficial,1400.0,1450.0,2025-11-23
oficial,1400.0,1450.0,2025-11-24
oficial,1420.0,1470.0,2025-11-25
oficial,1425.0,1475.0,2025-11-26
oficial,1425.0,1475.0,2025-11-27
oficial,1425.0,1475.0,2025-11-28
oficial,1425.0,1475.0,2025-11-29
oficial,1425.0,1475.0,2025-11-30
oficial,1425.0,1475.0,2025-12-01
oficial,1430.0,1480.0,2025-12-02
oficial,1430.0,1480.0,2025-12-03
oficial,1420.0,1470.0,2025-12-04
oficial,1410.0,1460.0,2025-12-05
oficial,1410.0,1460.0,2025-12-06
oficial,1410.0,1460.0,2025-12-07
oficial,1410.0,1460.0,2025-12-08
oficial,1415.0,1465.0,2025-12-09
oficial,1410.0,1460.0,2025-12-10
oficial,1410.0,1460.0,2025-12-11
oficial,1415.0,1465.0,2025-12-12
oficial,1415.0,1465.0,2025-12-13
oficial,1415.0,1465.0,2025-12-14
oficial,1415.0,1465.0,2025-12-15
oficial,1430.0,1480.0,2025-12-16
oficial,1425.0,1475.0,2025-12-17
oficial,1425.0,1475.0,2025-12-18
oficial,1425.0,1475.0,2025-12-19
oficial,1425.0,1475.0,2025-12-20
oficial,1425.0,1475.0,2025-12-21
oficial,1425.0,1475.0,2025-12-22
oficial,1425.0,1475.0,2025-12-23
oficial,1425.0,1475.0,2025-12-24
oficial,1425.0,1475.0,2025-12-25
oficial,1425.0,1475.0,2025-12-26
oficial,1425.0,1475.0,2025-12-27
oficial,1425.0,1475.0,2025-12-28
oficial,1425.0,1475.0,2025-12-29
oficial,1430.0,1480.0,2025-12-30
oficial,1430.0,1480.0,2025-12-31
oficial,1430.0,1480.0,2026-01-01
oficial,1445.0,1495.0,2026-01-02
oficial,1445.0,1495.0,2026-01-03
oficial,1445.0,1495.0,2026-01-04
oficial,1445.0,1495.0,2026-01-05
oficial,1440.0,1490.0,2026-01-06
oficial,1435.0,1485.0,2026-01-07
oficial,1435.0,1485.0,2026-01-08
oficial,1440.0,1490.0,2026-01-09
oficial,1440.0,1490.0,2026-01-10
oficial,1440.0,1490.0,2026-01-11
oficial,1440.0,1490.0,2026-01-12
oficial,1435.0,1485.0,2026-01-13
oficial,1430.0,1480.0,2026-01-14
oficial,1420.0,1470.0,2026-01-15
oficial,1405.0,1455.0,2026-01-16
oficial,1405.0,1455.0,2026-01-17
oficial,1405.0,1455.0,2026-01-18
oficial,1410.0,1460.0,2026-01-19
oficial,1410.0,1460.0,2026-01-20
oficial,1405.0,1455.0,2026-01-21
oficial,1400.0,1450.0,2026-01-22
oficial,1405.0,1455.0,2026-01-23
oficial,1405.0,1455.0,2026-01-24
oficial,1405.0,1455.0,2026-01-25
oficial,1410.0,1460.0,2026-01-26
oficial,1415.0,1465.0,2026-01-27
oficial,1415.0,1465.0,2026-01-28
oficial,1415.0,1465.0,2026-01-29
oficial,1415.0,1465.0,2026-01-30
oficial,1415.0,1465.0,2026-01-31
oficial,1415.0,1465.0,2026-02-01
oficial,1415.0,1465.0,2026-02-03
oficial,1415.0,1465.0,2026-02-04
oficial,1410.0,1460.0,2026-02-05
oficial,1400.0,1450.0,2026-02-06
oficial,1400.0,1450.0,2026-02-07
oficial,1400.0,1450.0,2026-02-08
oficial,1390.0,1440.0,2026-02-09
oficial,1375.0,1425.0,2026-02-10
oficial,1370.0,1420.0,2026-02-11
oficial,1365.0,1415.0,2026-02-12
oficial,1370.0,1420.0,2026-02-13
oficial,1370.0,1420.0,2026-02-14
oficial,1370.0,1420.0,2026-02-15
oficial,1370.0,1420.0,2026-02-16
oficial,1370.0,1420.0,2026-02-17
oficial,1370.0,1420.0,2026-02-18
oficial,1360.0,1410.0,2026-02-19
oficial,1345.0,1395.0,2026-02-20
oficial,1345.0,1395.0,2026-02-21
oficial,1345.0,1395.0,2026-02-22
oficial,1340.0,1390.0,2026-02-23
oficial,1350.0,1400.0,2026-02-24
oficial,1365.0,1415.0,2026-02-25
oficial,1375.0,1425.0,2026-02-26
oficial,1370.0,1420.0,2026-02-27
oficial,1370.0,1420.0,2026-02-28
oficial,1370.0,1420.0,2026-03-01
oficial,1365.0,1415.0,2026-03-02
oficial,1385.0,1435.0,2026-03-03
oficial,1370.0,1420.0,2026-03-04
oficial,1375.0,1425.0,2026-03-05
oficial,1385.0,1435.0,2026-03-06
oficial,1385.0,1435.0,2026-03-07
oficial,1385.0,1435.0,2026-03-08
oficial,1385.0,1435.0,2026-03-09
oficial,1370.0,1420.0,2026-03-10
oficial,1365.0,1415.0,2026-03-11
oficial,1365.0,1415.0,2026-03-12
oficial,1370.0,1420.0,2026-03-13
oficial,1370.0,1420.0,2026-03-14
oficial,1370.0,1420.0,2026-03-15
oficial,1365.0,1415.0,2026-03-16
oficial,1365.0,1415.0,2026-03-17
oficial,1365.0,1415.0,2026-03-18
oficial,1365.0,1415.0,2026-03-19
oficial,1360.0,1410.0,2026-03-20
oficial,1360.0,1410.0,2026-03-21
oficial,1360.0,1410.0,2026-03-22
oficial,1360.0,1410.0,2026-03-23
oficial,1360.0,1410.0,2026-03-24
oficial,1350.0,1400.0,2026-03-25
oficial,1340.0,1390.0,2026-03-26
oficial,1355.0,1405.0,2026-03-27
oficial,1355.0,1405.0,2026-03-28
oficial,1355.0,1405.0,2026-03-29
oficial,1370.0,1420.0,2026-03-30
oficial,1355.0,1405.0,2026-03-31
oficial,1365.0,1415.0,2026-04-01
oficial,1365.0,1415.0,2026-04-02
oficial,1365.0,1415.0,2026-04-03
oficial,1365.0,1415.0,2026-04-04
oficial,1365.0,1415.0,2026-04-05
oficial,1365.0,1415.0,2026-04-06
oficial,1365.0,1415.0,2026-04-07
oficial,1360.0,1410.0,2026-04-08
oficial,1355.0,1405.0,2026-04-09
oficial,1345.0,1395.0,2026-04-10
oficial,1345.0,1395.0,2026-04-11
oficial,1345.0,1395.0,2026-04-12
oficial,1335.0,1385.0,2026-04-13
oficial,1335.0,1385.0,2026-04-14
oficial,1335.0,1385.0,2026-04-15
oficial,1330.0,1380.0,2026-04-16
oficial,1340.0,1390.0,2026-04-17
oficial,1340.0,1390.0,2026-04-18
oficial,1340.0,1390.0,2026-04-19
oficial,1350.0,1400.0,2026-04-20
oficial,1350.0,1400.0,2026-04-21
oficial,1350.0,1400.0,2026-04-22
oficial,1365.0,1415.0,2026-04-23
oficial,1370.0,1420.0,2026-04-24
oficial,1370.0,1420.0,2026-04-25
oficial,1370.0,1420.0,2026-04-26
oficial,1390.0,1440.0,2026-04-27
oficial,1380.0,1430.0,2026-04-28
solidario,102.29,178.68,2022-01-01
solidario,102.29,178.68,2022-01-02
solidario,102.48,178.99,2022-01-03
solidario,102.61,179.21,2022-01-04
solidario,102.63,179.24,2022-01-05
solidario,102.72,179.39,2022-01-06
solidario,102.86,179.62,2022-01-07
solidario,102.86,179.62,2022-01-08
solidario,102.86,179.62,2022-01-09
solidario,102.96,179.78,2022-01-10
solidario,102.97,179.8,2022-01-11
solidario,103.05,179.93,2022-01-12
solidario,103.11,180.03,2022-01-13
solidario,103.21,180.2,2022-01-14
solidario,103.21,180.2,2022-01-15
solidario,103.21,180.2,2022-01-16
solidario,103.46,180.61,2022-01-17
solidario,103.64,180.91,2022-01-18
solidario,103.64,180.91,2022-01-19
solidario,103.71,181.02,2022-01-20
solidario,103.79,181.15,2022-01-21
solidario,103.79,181.15,2022-01-22
solidario,103.79,181.15,2022-01-23
solidario,104.08,181.63,2022-01-24
solidario,104.08,181.63,2022-01-25
solidario,104.15,181.75,2022-01-26
solidario,104.5,182.32,2022-01-27
solidario,104.68,182.62,2022-01-28
solidario,104.68,182.62,2022-01-29
solidario,104.68,182.62,2022-01-30
solidario,104.71,182.67,2022-01-31
solidario,104.91,183.0,2022-02-01
solidario,104.75,182.74,2022-02-02
solidario,104.92,183.02,2022-02-03
solidario,105.37,183.76,2022-02-04
solidario,105.37,183.76,2022-02-05
solidario,105.37,183.76,2022-02-06
solidario,105.46,183.91,2022-02-07
solidario,105.49,183.96,2022-02-08
solidario,105.52,184.01,2022-02-09
solidario,105.61,184.16,2022-02-10
solidario,105.67,184.26,2022-02-11
solidario,105.67,184.26,2022-02-12
solidario,105.67,184.26,2022-02-13
solidario,106.01,184.82,2022-02-14
solidario,106.17,185.08,2022-02-15
solidario,106.21,185.15,2022-02-16
solidario,106.24,185.2,2022-02-17
solidario,106.48,185.59,2022-02-18
solidario,106.48,185.59,2022-02-19
solidario,106.48,185.59,2022-02-20
solidario,106.71,185.97,2022-02-21
solidario,106.8,186.12,2022-02-22
solidario,106.83,186.17,2022-02-23
solidario,106.89,186.27,2022-02-24
solidario,106.95,186.37,2022-02-25
solidario,106.95,186.37,2022-02-26
solidario,106.95,186.37,2022-02-27
solidario,106.95,186.37,2022-02-28
solidario,106.95,186.37,2022-03-01
solidario,107.33,186.99,2022-03-02
solidario,107.48,187.24,2022-03-03
solidario,107.69,187.59,2022-03-04
solidario,107.69,187.59,2022-03-05
solidario,107.69,187.59,2022-03-06
solidario,107.94,188.0,2022-03-07
solidario,108.06,188.2,2022-03-08
solidario,108.37,188.71,2022-03-09
solidario,108.38,188.73,2022-03-10
solidario,108.49,188.91,2022-03-11
solidario,108.49,188.91,2022-03-12
solidario,108.49,188.91,2022-03-13
solidario,108.72,189.29,2022-03-14
solidario,108.82,189.45,2022-03-15
solidario,108.88,189.55,2022-03-16
solidario,108.91,189.6,2022-03-17
solidario,108.93,189.63,2022-03-18
solidario,108.93,189.63,2022-03-19
solidario,108.93,189.63,2022-03-20
solidario,109.35,190.33,2022-03-21
solidario,109.42,190.44,2022-03-22
solidario,109.61,190.76,2022-03-23
solidario,109.61,190.76,2022-03-24
solidario,109.69,190.89,2022-03-25
solidario,109.69,190.89,2022-03-26
solidario,109.69,190.89,2022-03-27
solidario,110.19,191.71,2022-03-28
solidario,110.21,191.75,2022-03-29
solidario,110.31,191.91,2022-03-30
solidario,110.45,192.14,2022-03-31
solidario,110.64,192.46,2022-04-01
solidario,110.64,192.46,2022-04-02
solidario,110.64,192.46,2022-04-03
solidario,111.02,193.08,2022-04-04
solidario,111.1,193.21,2022-04-05
solidario,111.33,193.59,2022-04-06
solidario,111.65,194.12,2022-04-07
solidario,111.69,194.19,2022-04-08
solidario,111.69,194.19,2022-04-09
solidario,111.69,194.19,2022-04-10
solidario,112.02,194.73,2022-04-11
solidario,112.1,194.86,2022-04-12
solidario,112.39,195.34,2022-04-13
solidario,112.39,195.34,2022-04-14
solidario,112.39,195.34,2022-04-15
solidario,112.39,195.34,2022-04-16
solidario,112.39,195.34,2022-04-17
solidario,112.88,196.15,2022-04-18
solidario,113.03,196.4,2022-04-19
solidario,113.16,196.61,2022-04-20
solidario,113.58,197.31,2022-04-21
solidario,113.69,197.49,2022-04-22
solidario,113.69,197.49,2022-04-23
solidario,113.69,197.49,2022-04-24
solidario,113.78,197.64,2022-04-25
solidario,114.1,198.16,2022-04-26
solidario,114.13,198.21,2022-04-27
solidario,114.29,198.48,2022-04-28
solidario,114.64,199.06,2022-04-29
solidario,114.64,199.06,2022-04-30
solidario,114.64,199.06,2022-05-01
solidario,114.97,199.6,2022-05-02
solidario,115.33,200.19,2022-05-03
solidario,115.45,200.39,2022-05-04
solidario,115.73,200.85,2022-05-05
solidario,115.97,201.25,2022-05-06
solidario,115.97,201.25,2022-05-07
solidario,115.97,201.25,2022-05-08
solidario,116.16,201.56,2022-05-09
solidario,116.32,201.83,2022-05-10
solidario,116.5,202.13,2022-05-11
solidario,116.7,202.45,2022-05-12
solidario,117.11,203.13,2022-05-13
solidario,117.11,203.13,2022-05-14
solidario,117.11,203.13,2022-05-15
solidario,117.27,203.4,2022-05-16
solidario,117.55,203.86,2022-05-17
solidario,117.55,203.86,2022-05-18
solidario,117.77,204.22,2022-05-19
solidario,117.91,204.45,2022-05-20
solidario,117.91,204.45,2022-05-21
solidario,117.91,204.45,2022-05-22
solidario,118.33,205.14,2022-05-23
solidario,118.45,205.34,2022-05-24
solidario,118.45,205.34,2022-05-25
solidario,118.62,205.62,2022-05-26
solidario,118.81,205.94,2022-05-27
solidario,118.81,205.94,2022-05-28
solidario,118.81,205.94,2022-05-29
solidario,118.81,205.94,2022-05-30
solidario,119.62,207.27,2022-05-31
solidario,119.88,207.7,2022-06-01
solidario,119.95,207.82,2022-06-02
solidario,120.41,208.58,2022-06-03
solidario,120.41,208.58,2022-06-04
solidario,120.41,208.58,2022-06-05
solidario,120.6,208.89,2022-06-06
solidario,120.65,208.97,2022-06-07
solidario,120.77,209.17,2022-06-08
solidario,121.0,209.55,2022-06-09
solidario,121.0,209.55,2022-06-10
solidario,121.0,209.55,2022-06-11
solidario,121.0,209.55,2022-06-12
solidario,121.6,210.54,2022-06-13
solidario,121.62,210.57,2022-06-14
solidario,122.03,211.25,2022-06-15
solidario,122.19,211.51,2022-06-16
solidario,122.19,211.51,2022-06-17
solidario,122.19,211.51,2022-06-18
solidario,122.19,211.51,2022-06-19
solidario,122.19,211.51,2022-06-20
solidario,122.99,212.83,2022-06-21
solidario,123.01,212.87,2022-06-22
solidario,123.11,213.03,2022-06-23
solidario,123.15,213.1,2022-06-24
solidario,123.15,213.1,2022-06-25
solidario,123.15,213.1,2022-06-26
solidario,124.07,214.62,2022-06-27
solidario,124.14,214.73,2022-06-28
solidario,123.99,214.48,2022-06-29
solidario,124.44,215.23,2022-06-30
solidario,124.69,215.64,2022-07-01
solidario,124.69,215.64,2022-07-02
solidario,124.69,215.64,2022-07-03
solidario,126.07,217.92,2022-07-04
solidario,126.54,218.69,2022-07-05
solidario,126.85,219.2,2022-07-06
solidario,127.27,219.9,2022-07-07
solidario,127.89,220.92,2022-07-08
solidario,127.89,220.92,2022-07-09
solidario,127.89,220.92,2022-07-10
solidario,128.67,222.21,2022-07-11
solidario,128.67,222.21,2022-07-12
solidario,129.15,223.0,2022-07-13
solidario,129.15,223.0,2022-07-14
solidario,129.29,223.23,2022-07-15
solidario,129.29,223.23,2022-07-16
solidario,129.29,223.23,2022-07-17
solidario,129.79,224.05,2022-07-18
solidario,130.08,224.53,2022-07-19
solidario,130.1,224.56,2022-07-20
solidario,130.32,224.93,2022-07-21
solidario,130.61,225.41,2022-07-22
solidario,130.61,225.41,2022-07-23
solidario,130.61,225.41,2022-07-24
solidario,131.3,226.55,2022-07-25
solidario,131.38,226.68,2022-07-26
solidario,131.58,227.01,2022-07-27
solidario,131.86,227.47,2022-07-28
solidario,131.93,227.58,2022-07-29
solidario,131.93,227.58,2022-07-30
solidario,131.93,227.58,2022-07-31
solidario,132.9,229.19,2022-08-01
solidario,133.07,229.47,2022-08-02
solidario,133.31,229.86,2022-08-03
solidario,133.86,230.77,2022-08-04
solidario,133.89,230.82,2022-08-05
solidario,133.89,230.82,2022-08-06
solidario,133.89,230.82,2022-08-07
solidario,134.49,231.81,2022-08-08
solidario,134.77,232.27,2022-08-09
solidario,134.77,232.27,2022-08-10
solidario,134.98,232.62,2022-08-11
solidario,135.5,233.47,2022-08-12
solidario,135.5,233.47,2022-08-13
solidario,135.5,233.47,2022-08-14
solidario,135.5,233.47,2022-08-15
solidario,136.41,234.98,2022-08-16
solidario,136.52,235.16,2022-08-17
solidario,136.39,234.94,2022-08-18
solidario,137.06,236.05,2022-08-19
solidario,137.06,236.05,2022-08-20
solidario,137.06,236.05,2022-08-21
solidario,138.04,237.67,2022-08-22
solidario,138.04,237.67,2022-08-23
solidario,138.29,238.08,2022-08-24
solidario,138.58,238.56,2022-08-25
solidario,138.73,238.8,2022-08-26
solidario,138.73,238.8,2022-08-27
solidario,138.73,238.8,2022-08-28
solidario,139.45,239.99,2022-08-29
solidario,139.62,240.27,2022-08-30
solidario,139.77,240.52,2022-08-31
solidario,139.86,240.67,2022-09-01
solidario,139.86,240.67,2022-09-02
solidario,139.86,240.67,2022-09-03
solidario,139.86,240.67,2022-09-04
solidario,141.05,242.63,2022-09-05
solidario,141.35,243.13,2022-09-06
solidario,141.68,243.67,2022-09-07
solidario,142.15,244.45,2022-09-08
solidario,142.42,244.89,2022-09-09
solidario,142.42,244.89,2022-09-10
solidario,142.42,244.89,2022-09-11
solidario,143.43,246.56,2022-09-12
solidario,143.52,246.71,2022-09-13
solidario,143.61,246.86,2022-09-14
solidario,143.99,247.48,2022-09-15
solidario,142.17,247.78,2022-09-16
solidario,142.17,247.78,2022-09-17
solidario,142.17,247.78,2022-09-18
solidario,142.93,249.03,2022-09-19
solidario,143.24,249.55,2022-09-20
solidario,143.56,250.07,2022-09-21
solidario,143.64,250.21,2022-09-22
solidario,144.24,251.2,2022-09-23
solidario,144.24,251.2,2022-09-24
solidario,144.24,251.2,2022-09-25
solidario,145.01,252.47,2022-09-26
solidario,145.31,252.96,2022-09-27
solidario,145.61,253.46,2022-09-28
solidario,145.9,253.94,2022-09-29
solidario,146.25,254.51,2022-09-30
solidario,146.25,254.51,2022-10-01
solidario,146.25,254.51,2022-10-02
solidario,147.33,256.29,2022-10-03
solidario,147.67,256.86,2022-10-04
solidario,147.9,257.24,2022-10-05
solidario,148.29,257.88,2022-10-06
solidario,148.29,257.88,2022-10-07
solidario,148.29,257.88,2022-10-08
solidario,148.29,257.88,2022-10-09
solidario,148.29,257.88,2022-10-10
solidario,149.76,260.3,2022-10-11
solidario,149.88,260.5,2022-10-12
solidario,150.19,261.01,2022-10-13
solidario,150.28,261.16,2022-10-14
solidario,150.28,261.16,2022-10-15
solidario,150.28,261.16,2022-10-16
solidario,151.49,263.16,2022-10-17
solidario,151.71,263.52,2022-10-18
solidario,151.94,263.9,2022-10-19
solidario,152.27,264.45,2022-10-20
solidario,152.57,264.94,2022-10-21
solidario,152.57,264.94,2022-10-22
solidario,152.57,264.94,2022-10-23
solidario,153.56,266.57,2022-10-24
solidario,154.1,267.46,2022-10-25
solidario,154.22,267.66,2022-10-26
solidario,154.3,267.8,2022-10-27
solidario,154.59,268.27,2022-10-28
solidario,154.59,268.27,2022-10-29
solidario,154.59,268.27,2022-10-30
solidario,154.89,270.42,2022-10-31
solidario,155.89,270.42,2022-11-01
solidario,156.49,271.41,2022-11-02
solidario,156.82,271.95,2022-11-03
solidario,157.15,272.5,2022-11-04
solidario,157.15,272.5,2022-11-05
solidario,157.15,272.5,2022-11-06
solidario,158.33,274.44,2022-11-07
solidario,158.79,275.2,2022-11-08
solidario,159.17,275.83,2022-11-09
solidario,159.5,276.38,2022-11-10
solidario,159.77,276.82,2022-11-11
solidario,159.77,276.82,2022-11-12
solidario,159.77,276.82,2022-11-13
solidario,160.62,278.22,2022-11-14
solidario,161.18,279.15,2022-11-15
solidario,161.6,279.84,2022-11-16
solidario,161.89,280.32,2022-11-17
solidario,162.22,280.86,2022-11-18
solidario,162.22,280.86,2022-11-19
solidario,162.22,280.86,2022-11-20
solidario,162.22,280.86,2022-11-21
solidario,163.52,283.01,2022-11-22
solidario,163.85,283.55,2022-11-23
solidario,164.24,284.2,2022-11-24
solidario,164.45,284.54,2022-11-25
solidario,164.45,284.54,2022-11-26
solidario,164.45,284.54,2022-11-27
solidario,165.66,286.54,2022-11-28
solidario,166.15,287.35,2022-11-29
solidario,165.55,288.01,2022-11-30
solidario,165.82,288.45,2022-12-01
solidario,166.24,289.15,2022-12-02
solidario,166.24,289.15,2022-12-03
solidario,166.24,289.15,2022-12-04
solidario,167.44,291.13,2022-12-05
solidario,167.59,291.37,2022-12-06
solidario,167.81,291.74,2022-12-07
solidario,167.81,291.74,2022-12-08
solidario,167.81,291.74,2022-12-09
solidario,167.81,291.74,2022-12-10
solidario,167.81,291.74,2022-12-11
solidario,169.57,294.64,2022-12-12
solidario,170.01,295.37,2022-12-13
solidario,170.22,295.71,2022-12-14
solidario,170.35,295.93,2022-12-15
solidario,170.69,296.49,2022-12-16
solidario,170.69,296.49,2022-12-17
solidario,170.69,296.49,2022-12-18
solidario,171.64,298.06,2022-12-19
solidario,171.68,298.12,2022-12-20
solidario,172.16,298.91,2022-12-21
solidario,172.36,299.24,2022-12-22
solidario,172.74,299.87,2022-12-23
solidario,172.74,299.87,2022-12-24
solidario,172.74,299.87,2022-12-25
solidario,173.91,301.19,2022-12-26
solidario,174.12,302.15,2022-12-27
solidario,174.51,302.79,2022-12-28
solidario,174.95,303.52,2022-12-29
solidario,175.64,304.66,2022-12-30
solidario,175.64,304.66,2022-12-31
solidario,175.64,304.66,2023-01-01
solidario,176.36,305.84,2023-01-02
solidario,176.99,306.88,2023-01-03
solidario,177.22,307.26,2023-01-04
solidario,177.25,307.31,2023-01-05
solidario,177.61,307.91,2023-01-06
solidario,177.61,307.91,2023-01-07
solidario,177.61,307.91,2023-01-08
solidario,178.72,309.74,2023-01-09
solidario,179.11,310.38,2023-01-10
solidario,179.21,310.55,2023-01-11
solidario,179.26,310.63,2023-01-12
solidario,179.53,311.07,2023-01-13
solidario,179.53,311.07,2023-01-14
solidario,179.53,311.07,2023-01-15
solidario,180.47,312.63,2023-01-16
solidario,180.74,313.07,2023-01-17
solidario,180.98,313.47,2023-01-18
solidario,181.2,313.83,2023-01-19
solidario,181.65,314.57,2023-01-20
solidario,181.65,314.57,2023-01-21
solidario,181.65,314.57,2023-01-22
solidario,182.68,316.27,2023-01-23
solidario,183.08,316.93,2023-01-24
solidario,183.26,317.23,2023-01-25
solidario,183.74,318.02,2023-01-26
solidario,183.74,318.02,2023-01-27
solidario,183.74,318.02,2023-01-28
solidario,183.74,318.02,2023-01-29
solidario,185.07,320.22,2023-01-30
solidario,185.36,320.69,2023-01-31
solidario,185.95,321.67,2023-02-01
solidario,186.14,321.98,2023-02-02
solidario,186.4,322.41,2023-02-03
solidario,186.4,322.41,2023-02-04
solidario,186.4,322.41,2023-02-05
solidario,187.52,324.26,2023-02-06
solidario,187.74,324.62,2023-02-07
solidario,187.93,324.93,2023-02-08
solidario,188.18,325.35,2023-02-09
solidario,188.6,326.04,2023-02-10
solidario,188.6,326.04,2023-02-11
solidario,188.6,326.04,2023-02-12
solidario,189.78,327.99,2023-02-13
solidario,190.03,328.4,2023-02-14
solidario,190.47,329.13,2023-02-15
solidario,190.7,329.5,2023-02-16
solidario,191.55,330.91,2023-02-17
solidario,191.55,330.91,2023-02-18
solidario,191.55,330.91,2023-02-19
solidario,191.55,330.91,2023-02-20
solidario,191.55,330.91,2023-02-21
solidario,192.73,332.85,2023-02-22
solidario,193.48,334.09,2023-02-23
solidario,193.88,334.75,2023-02-24
solidario,193.88,334.75,2023-02-25
solidario,193.88,334.75,2023-02-26
solidario,195.12,336.8,2023-02-27
solidario,195.39,337.24,2023-02-28
solidario,195.73,337.8,2023-03-01
solidario,196.37,338.86,2023-03-02
solidario,196.72,339.44,2023-03-03
solidario,196.72,339.44,2023-03-04
solidario,196.72,339.44,2023-03-05
solidario,197.67,341.01,2023-03-06
solidario,197.9,341.38,2023-03-07
solidario,198.22,341.91,2023-03-08
solidario,198.49,342.36,2023-03-09
solidario,198.96,343.13,2023-03-10
solidario,198.96,343.13,2023-03-11
solidario,198.96,343.13,2023-03-12
solidario,199.88,344.65,2023-03-13
solidario,200.36,345.44,2023-03-14
solidario,200.62,345.87,2023-03-15
solidario,201.21,346.85,2023-03-16
solidario,201.21,346.85,2023-03-17
solidario,201.21,346.85,2023-03-18
solidario,201.21,346.85,2023-03-19
solidario,202.85,349.55,2023-03-20
solidario,203.24,350.2,2023-03-21
solidario,203.72,350.99,2023-03-22
solidario,203.97,351.4,2023-03-23
solidario,203.97,351.4,2023-03-24
solidario,203.97,351.4,2023-03-25
solidario,203.97,351.4,2023-03-26
solidario,205.45,353.84,2023-03-27
solidario,206.03,354.8,2023-03-28
solidario,206.5,355.57,2023-03-29
solidario,206.81,356.09,2023-03-30
solidario,207.24,356.8,2023-03-31
solidario,207.24,356.8,2023-04-01
solidario,207.24,356.8,2023-04-02
solidario,208.44,358.78,2023-04-03
solidario,209.03,359.75,2023-04-04
solidario,209.77,360.97,2023-04-05
solidario,209.77,360.97,2023-04-06
solidario,209.77,360.97,2023-04-07
solidario,209.77,360.97,2023-04-08
solidario,209.77,360.97,2023-04-09
solidario,211.73,364.2,2023-04-10
solidario,212.17,364.93,2023-04-11
solidario,212.46,365.41,2023-04-12
solidario,212.62,365.67,2023-04-13
solidario,212.77,365.92,2023-04-14
solidario,212.77,365.92,2023-04-15
solidario,212.77,365.92,2023-04-16
solidario,214.39,368.59,2023-04-17
solidario,214.73,369.15,2023-04-18
solidario,215.55,370.51,2023-04-19
solidario,216.21,371.6,2023-04-20
solidario,216.58,372.21,2023-04-21
solidario,216.58,372.21,2023-04-22
solidario,216.58,372.21,2023-04-23
solidario,217.94,374.45,2023-04-24
solidario,218.68,375.67,2023-04-25
solidario,219.43,376.91,2023-04-26
solidario,220.12,378.05,2023-04-27
solidario,220.63,378.89,2023-04-28
solidario,220.63,378.89,2023-04-29
solidario,220.63,378.89,2023-04-30
solidario,220.63,378.89,2023-05-01
solidario,223.09,382.95,2023-05-02
solidario,223.88,384.25,2023-05-03
solidario,224.72,385.64,2023-05-04
solidario,226.98,389.37,2023-05-05
solidario,226.98,389.37,2023-05-06
solidario,226.98,389.37,2023-05-07
solidario,229.18,393.0,2023-05-08
solidario,229.89,394.17,2023-05-09
solidario,230.59,395.32,2023-05-10
solidario,230.59,395.32,2023-05-11
solidario,231.07,396.12,2023-05-12
solidario,231.07,396.12,2023-05-13
solidario,231.07,396.12,2023-05-14
solidario,231.39,398.29,2023-05-15
solidario,232.37,399.91,2023-05-16
solidario,232.65,400.37,2023-05-17
solidario,233.02,400.98,2023-05-18
solidario,233.59,401.92,2023-05-19
solidario,233.59,401.92,2023-05-20
solidario,233.59,401.92,2023-05-21
solidario,235.02,404.28,2023-05-22
solidario,235.53,405.12,2023-05-23
solidario,236.59,406.87,2023-05-24
solidario,236.59,406.87,2023-05-25
solidario,236.59,406.87,2023-05-26
solidario,236.59,406.87,2023-05-27
solidario,236.59,406.87,2023-05-28
solidario,238.68,410.32,2023-05-29
solidario,239.79,412.15,2023-05-30
solidario,240.37,413.11,2023-05-31
solidario,241.43,414.86,2023-06-01
solidario,241.99,415.78,2023-06-02
solidario,241.99,415.78,2023-06-03
solidario,241.99,415.78,2023-06-04
solidario,243.83,418.82,2023-06-05
solidario,244.7,420.25,2023-06-06
solidario,245.36,421.34,2023-06-07
solidario,246.91,423.9,2023-06-08
solidario,247.33,424.59,2023-06-09
solidario,247.33,424.59,2023-06-10
solidario,247.33,424.59,2023-06-11
solidario,247.33,424.59,2023-06-12
solidario,249.13,427.56,2023-06-13
solidario,249.85,428.75,2023-06-14
solidario,250.92,430.52,2023-06-15
solidario,251.59,431.62,2023-06-16
solidario,251.59,431.62,2023-06-17
solidario,251.59,431.62,2023-06-18
solidario,251.59,431.62,2023-06-19
solidario,251.59,431.62,2023-06-20
solidario,254.24,436.0,2023-06-21
solidario,255.31,437.76,2023-06-22
solidario,255.68,438.37,2023-06-23
solidario,255.68,438.37,2023-06-24
solidario,255.68,438.37,2023-06-25
solidario,257.22,440.91,2023-06-26
solidario,258.09,442.35,2023-06-27
solidario,258.09,442.35,2023-06-28
solidario,259.24,444.25,2023-06-29
solidario,260.16,445.76,2023-06-30
solidario,260.16,445.76,2023-07-01
solidario,260.16,445.76,2023-07-02
solidario,261.55,448.06,2023-07-03
solidario,262.06,448.9,2023-07-04
solidario,263.32,450.98,2023-07-05
solidario,263.71,451.62,2023-07-06
solidario,264.39,452.74,2023-07-07
solidario,264.39,452.74,2023-07-08
solidario,264.39,452.74,2023-07-09
solidario,265.81,455.09,2023-07-10
solidario,266.53,456.27,2023-07-11
solidario,266.89,456.87,2023-07-12
solidario,267.77,458.32,2023-07-13
solidario,268.47,459.48,2023-07-14
solidario,268.47,459.48,2023-07-15
solidario,268.47,459.48,2023-07-16
solidario,270.32,462.53,2023-07-17
solidario,270.59,462.97,2023-07-18
solidario,271.35,464.23,2023-07-19
solidario,271.66,464.74,2023-07-20
solidario,272.54,466.19,2023-07-21
solidario,272.54,466.19,2023-07-22
solidario,272.54,466.19,2023-07-23
solidario,274.37,497.65,2023-07-24
solidario,274.65,498.14,2023-07-25
solidario,275.2,499.1,2023-07-26
solidario,275.8,500.15,2023-07-27
solidario,276.56,501.48,2023-07-28
solidario,276.56,501.48,2023-07-29
solidario,276.56,501.48,2023-07-30
solidario,277.92,503.86,2023-07-31
solidario,279.17,506.05,2023-08-01
solidario,280.27,507.97,2023-08-02
solidario,281.33,509.83,2023-08-03
solidario,282.2,511.35,2023-08-04
solidario,282.2,511.35,2023-08-05
solidario,282.2,511.35,2023-08-06
solidario,285.25,516.69,2023-08-07
solidario,286.52,518.91,2023-08-08
solidario,287.82,521.18,2023-08-09
solidario,288.81,522.92,2023-08-10
solidario,290.01,525.02,2023-08-11
solidario,290.01,525.02,2023-08-12
solidario,290.01,525.02,2023-08-13
solidario,356.18,640.82,2023-08-14
solidario,356.63,641.6,2023-08-15
solidario,356.89,642.06,2023-08-16
solidario,356.55,641.46,2023-08-17
solidario,356.57,641.5,2023-08-18
solidario,356.57,641.5,2023-08-19
solidario,356.57,641.5,2023-08-20
solidario,356.57,641.5,2023-08-21
solidario,357.03,642.3,2023-08-22
solidario,357.11,642.44,2023-08-23
solidario,357.37,642.9,2023-08-24
solidario,357.0,642.25,2023-08-25
solidario,357.0,642.25,2023-08-26
solidario,357.0,642.25,2023-08-27
solidario,357.0,642.25,2023-08-28
solidario,356.99,642.23,2023-08-29
solidario,357.09,642.41,2023-08-30
solidario,356.63,641.6,2023-08-31
solidario,347.02,642.28,2023-09-01
solidario,347.02,642.28,2023-09-02
solidario,347.02,642.28,2023-09-03
solidario,347.01,642.27,2023-09-04
solidario,347.01,642.27,2023-09-05
solidario,347.01,642.27,2023-09-06
solidario,347.01,642.27,2023-09-07
solidario,,639.63,2023-09-08
solidario,,639.63,2023-09-09
solidario,,639.63,2023-09-10
solidario,,639.63,2023-09-11
solidario,,639.63,2023-09-12
solidario,,639.63,2023-09-13
solidario,,639.63,2023-09-14
solidario,,639.63,2023-09-15
solidario,,639.63,2023-09-16
solidario,,639.63,2023-09-17
solidario,,639.63,2023-09-18
solidario,,639.63,2023-09-19
solidario,,639.63,2023-09-20
solidario,,639.63,2023-09-21
solidario,,639.63,2023-09-22
solidario,,639.63,2023-09-23
solidario,,639.63,2023-09-24
solidario,,639.63,2023-09-25
solidario,,639.63,2023-09-26
solidario,,639.63,2023-09-27
solidario,,639.63,2023-09-28
solidario,,639.63,2023-09-29
solidario,,639.63,2023-09-30
solidario,,639.63,2023-10-01
solidario,,639.63,2023-10-02
solidario,,639.63,2023-10-03
solidario,,639.63,2023-10-04
solidario,,639.63,2023-10-05
solidario,,639.63,2023-10-06
solidario,,639.63,2023-10-07
solidario,,639.63,2023-10-08
solidario,,639.63,2023-10-09
solidario,,639.63,2023-10-10
solidario,,639.63,2023-10-11
solidario,,639.63,2023-10-12
solidario,,639.63,2023-10-13
solidario,,639.63,2023-10-14
solidario,,639.63,2023-10-15
solidario,,639.63,2023-10-16
solidario,,639.63,2023-10-17
solidario,,639.63,2023-10-18
solidario,,639.63,2023-10-19
solidario,,639.63,2023-10-20
solidario,,639.63,2023-10-21
solidario,,639.63,2023-10-22
solidario,,639.63,2023-10-23
solidario,,639.63,2023-10-24
solidario,,639.63,2023-10-25
solidario,,639.63,2023-10-26
solidario,,639.63,2023-10-27
solidario,,639.63,2023-10-28
solidario,,639.63,2023-10-29
solidario,,639.63,2023-10-30
solidario,,639.63,2023-10-31
solidario,,639.63,2023-11-01
solidario,,639.63,2023-11-02
solidario,,639.63,2023-11-03
solidario,,639.63,2023-11-04
solidario,,639.63,2023-11-05
solidario,,639.63,2023-11-06
solidario,,639.63,2023-11-07
solidario,,639.63,2023-11-08
solidario,,639.63,2023-11-09
solidario,,639.63,2023-11-10
solidario,,639.63,2023-11-11
solidario,,639.63,2023-11-12
solidario,,639.63,2023-11-13
solidario,,639.63,2023-11-14
solidario,,644.88,2023-11-15
solidario,,645.75,2023-11-16
solidario,,646.63,2023-11-17
solidario,,646.63,2023-11-18
solidario,,646.63,2023-11-19
solidario,,646.63,2023-11-20
solidario,,650.13,2023-11-21
solidario,,651.0,2023-11-22
solidario,,651.88,2023-11-23
solidario,,652.75,2023-11-24
solidario,,652.75,2023-11-25
solidario,,652.75,2023-11-26
solidario,,655.38,2023-11-27
solidario,,656.25,2023-11-28
solidario,,657.13,2023-11-29
solidario,,658.0,2023-11-30
solidario,,658.88,2023-12-01
solidario,,658.88,2023-12-02
solidario,,658.88,2023-12-03
solidario,,661.5,2023-12-04
solidario,,662.38,2023-12-05
solidario,,663.25,2023-12-06
solidario,,700.88,2023-12-07
solidario,,700.88,2023-12-08
solidario,,700.88,2023-12-09
solidario,,700.88,2023-12-10
solidario,,700.88,2023-12-11
solidario,,700.88,2023-12-12
tarjeta,102.29,178.68,2022-01-01
tarjeta,102.29,178.68,2022-01-02
tarjeta,102.48,178.99,2022-01-03
tarjeta,102.61,179.21,2022-01-04
tarjeta,102.63,179.24,2022-01-05
tarjeta,102.72,179.39,2022-01-06
tarjeta,102.86,179.62,2022-01-07
tarjeta,102.86,179.62,2022-01-08
tarjeta,102.86,179.62,2022-01-09
tarjeta,102.96,179.78,2022-01-10
tarjeta,102.97,179.8,2022-01-11
tarjeta,103.05,179.93,2022-01-12
tarjeta,103.11,180.03,2022-01-13
tarjeta,103.21,180.2,2022-01-14
tarjeta,103.21,180.2,2022-01-15
tarjeta,103.21,180.2,2022-01-16
tarjeta,103.46,180.61,2022-01-17
tarjeta,103.64,180.91,2022-01-18
tarjeta,103.64,180.91,2022-01-19
tarjeta,103.71,181.02,2022-01-20
tarjeta,103.79,181.15,2022-01-21
tarjeta,103.79,181.15,2022-01-22
tarjeta,103.79,181.15,2022-01-23
tarjeta,104.08,181.63,2022-01-24
tarjeta,104.08,181.63,2022-01-25
tarjeta,104.15,181.75,2022-01-26
tarjeta,104.5,182.32,2022-01-27
tarjeta,104.68,182.62,2022-01-28
tarjeta,104.68,182.62,2022-01-29
tarjeta,104.68,182.62,2022-01-30
tarjeta,104.71,182.67,2022-01-31
tarjeta,104.91,183.0,2022-02-01
tarjeta,104.75,182.74,2022-02-02
tarjeta,104.92,183.02,2022-02-03
tarjeta,105.37,183.76,2022-02-04
tarjeta,105.37,183.76,2022-02-05
tarjeta,105.37,183.76,2022-02-06
tarjeta,105.46,183.91,2022-02-07
tarjeta,105.49,183.96,2022-02-08
tarjeta,105.52,184.01,2022-02-09
tarjeta,105.61,184.16,2022-02-10
tarjeta,105.67,184.26,2022-02-11
tarjeta,105.67,184.26,2022-02-12
tarjeta,105.67,184.26,2022-02-13
tarjeta,106.01,184.82,2022-02-14
tarjeta,106.17,185.08,2022-02-15
tarjeta,106.21,185.15,2022-02-16
tarjeta,106.24,185.2,2022-02-17
tarjeta,106.48,185.59,2022-02-18
tarjeta,106.48,185.59,2022-02-19
tarjeta,106.48,185.59,2022-02-20
tarjeta,106.71,185.97,2022-02-21
tarjeta,106.8,186.12,2022-02-22
tarjeta,106.83,186.17,2022-02-23
tarjeta,106.89,186.27,2022-02-24
tarjeta,106.95,186.37,2022-02-25
tarjeta,106.95,186.37,2022-02-26
tarjeta,106.95,186.37,2022-02-27
tarjeta,106.95,186.37,2022-02-28
tarjeta,106.95,186.37,2022-03-01
tarjeta,107.33,186.99,2022-03-02
tarjeta,107.48,187.24,2022-03-03
tarjeta,107.69,187.59,2022-03-04
tarjeta,107.69,187.59,2022-03-05
tarjeta,107.69,187.59,2022-03-06
tarjeta,107.94,188.0,2022-03-07
tarjeta,108.06,188.2,2022-03-08
tarjeta,108.37,188.71,2022-03-09
tarjeta,108.38,188.73,2022-03-10
tarjeta,108.49,188.91,2022-03-11
tarjeta,108.49,188.91,2022-03-12
tarjeta,108.49,188.91,2022-03-13
tarjeta,108.72,189.29,2022-03-14
tarjeta,108.82,189.45,2022-03-15
tarjeta,108.88,189.55,2022-03-16
tarjeta,108.91,189.6,2022-03-17
tarjeta,108.93,189.63,2022-03-18
tarjeta,108.93,189.63,2022-03-19
tarjeta,108.93,189.63,2022-03-20
tarjeta,109.35,190.33,2022-03-21
tarjeta,109.42,190.44,2022-03-22
tarjeta,109.61,190.76,2022-03-23
tarjeta,109.61,190.76,2022-03-24
tarjeta,109.69,190.89,2022-03-25
tarjeta,109.69,190.89,2022-03-26
tarjeta,109.69,190.89,2022-03-27
tarjeta,110.19,191.71,2022-03-28
tarjeta,110.21,191.75,2022-03-29
tarjeta,110.31,191.91,2022-03-30
tarjeta,110.45,192.14,2022-03-31
tarjeta,110.64,192.46,2022-04-01
tarjeta,110.64,192.46,2022-04-02
tarjeta,110.64,192.46,2022-04-03
tarjeta,111.02,193.08,2022-04-04
tarjeta,111.1,193.21,2022-04-05
tarjeta,111.33,193.59,2022-04-06
tarjeta,111.65,194.12,2022-04-07
tarjeta,111.69,194.19,2022-04-08
tarjeta,111.69,194.19,2022-04-09
tarjeta,111.69,194.19,2022-04-10
tarjeta,112.02,194.73,2022-04-11
tarjeta,112.1,194.86,2022-04-12
tarjeta,112.39,195.34,2022-04-13
tarjeta,112.39,195.34,2022-04-14
tarjeta,112.39,195.34,2022-04-15
tarjeta,112.39,195.34,2022-04-16
tarjeta,112.39,195.34,2022-04-17
tarjeta,112.88,196.15,2022-04-18
tarjeta,113.03,196.4,2022-04-19
tarjeta,113.16,196.61,2022-04-20
tarjeta,113.58,197.31,2022-04-21
tarjeta,113.69,197.49,2022-04-22
tarjeta,113.69,197.49,2022-04-23
tarjeta,113.69,197.49,2022-04-24
tarjeta,113.78,197.64,2022-04-25
tarjeta,114.1,198.16,2022-04-26
tarjeta,114.13,198.21,2022-04-27
tarjeta,114.29,198.48,2022-04-28
tarjeta,114.64,199.06,2022-04-29
tarjeta,114.64,199.06,2022-04-30
tarjeta,114.64,199.06,2022-05-01
tarjeta,114.97,199.6,2022-05-02
tarjeta,115.33,200.19,2022-05-03
tarjeta,115.45,200.39,2022-05-04
tarjeta,115.73,200.85,2022-05-05
tarjeta,115.97,201.25,2022-05-06
tarjeta,115.97,201.25,2022-05-07
tarjeta,115.97,201.25,2022-05-08
tarjeta,116.16,201.56,2022-05-09
tarjeta,116.32,201.83,2022-05-10
tarjeta,116.5,202.13,2022-05-11
tarjeta,116.7,202.45,2022-05-12
tarjeta,117.11,203.13,2022-05-13
tarjeta,117.11,203.13,2022-05-14
tarjeta,117.11,203.13,2022-05-15
tarjeta,117.27,203.4,2022-05-16
tarjeta,117.55,203.86,2022-05-17
tarjeta,117.55,203.86,2022-05-18
tarjeta,117.77,204.22,2022-05-19
tarjeta,117.91,204.45,2022-05-20
tarjeta,117.91,204.45,2022-05-21
tarjeta,117.91,204.45,2022-05-22
tarjeta,118.33,205.14,2022-05-23
tarjeta,118.45,205.34,2022-05-24
tarjeta,118.45,205.34,2022-05-25
tarjeta,118.62,205.62,2022-05-26
tarjeta,118.81,205.94,2022-05-27
tarjeta,118.81,205.94,2022-05-28
tarjeta,118.81,205.94,2022-05-29
tarjeta,118.81,205.94,2022-05-30
tarjeta,119.62,207.27,2022-05-31
tarjeta,119.88,207.7,2022-06-01
tarjeta,119.95,207.82,2022-06-02
tarjeta,120.41,208.58,2022-06-03
tarjeta,120.41,208.58,2022-06-04
tarjeta,120.41,208.58,2022-06-05
tarjeta,120.6,208.89,2022-06-06
tarjeta,120.65,208.97,2022-06-07
tarjeta,120.77,209.17,2022-06-08
tarjeta,121.0,209.55,2022-06-09
tarjeta,121.0,209.55,2022-06-10
tarjeta,121.0,209.55,2022-06-11
tarjeta,121.0,209.55,2022-06-12
tarjeta,121.6,210.54,2022-06-13
tarjeta,121.62,210.57,2022-06-14
tarjeta,122.03,211.25,2022-06-15
tarjeta,122.19,211.51,2022-06-16
tarjeta,122.19,211.51,2022-06-17
tarjeta,122.19,211.51,2022-06-18
tarjeta,122.19,211.51,2022-06-19
tarjeta,122.19,211.51,2022-06-20
tarjeta,122.99,212.83,2022-06-21
tarjeta,123.01,212.87,2022-06-22
tarjeta,123.11,213.03,2022-06-23
tarjeta,123.15,213.1,2022-06-24
tarjeta,123.15,213.1,2022-06-25
tarjeta,123.15,213.1,2022-06-26
tarjeta,124.07,214.62,2022-06-27
tarjeta,124.14,214.73,2022-06-28
tarjeta,123.99,214.48,2022-06-29
tarjeta,124.44,215.23,2022-06-30
tarjeta,124.69,215.64,2022-07-01
tarjeta,124.69,215.64,2022-07-02
tarjeta,124.69,215.64,2022-07-03
tarjeta,126.07,217.92,2022-07-04
tarjeta,126.54,218.69,2022-07-05
tarjeta,126.85,219.2,2022-07-06
tarjeta,127.27,219.9,2022-07-07
tarjeta,127.89,220.92,2022-07-08
tarjeta,127.89,220.92,2022-07-09
tarjeta,127.89,220.92,2022-07-10
tarjeta,128.67,222.21,2022-07-11
tarjeta,128.67,222.21,2022-07-12
tarjeta,129.15,223.0,2022-07-13
tarjeta,129.15,236.51,2022-07-14
tarjeta,129.29,236.76,2022-07-15
tarjeta,129.29,236.76,2022-07-16
tarjeta,129.29,236.76,2022-07-17
tarjeta,129.79,237.63,2022-07-18
tarjeta,130.08,238.14,2022-07-19
tarjeta,130.1,238.17,2022-07-20
tarjeta,130.32,238.56,2022-07-21
tarjeta,130.61,239.07,2022-07-22
tarjeta,130.61,239.07,2022-07-23
tarjeta,130.61,239.07,2022-07-24
tarjeta,131.3,240.28,2022-07-25
tarjeta,131.38,240.41,2022-07-26
tarjeta,131.58,240.77,2022-07-27
tarjeta,131.86,241.26,2022-07-28
tarjeta,131.93,241.38,2022-07-29
tarjeta,131.93,241.38,2022-07-30
tarjeta,131.93,241.38,2022-07-31
tarjeta,132.9,243.08,2022-08-01
tarjeta,133.07,243.37,2022-08-02
tarjeta,133.31,243.79,2022-08-03
tarjeta,133.86,244.76,2022-08-04
tarjeta,133.89,244.81,2022-08-05
tarjeta,133.89,244.81,2022-08-06
tarjeta,133.89,244.81,2022-08-07
tarjeta,134.49,245.86,2022-08-08
tarjeta,134.77,246.35,2022-08-09
tarjeta,134.77,246.35,2022-08-10
tarjeta,134.98,246.71,2022-08-11
tarjeta,135.5,247.63,2022-08-12
tarjeta,135.5,247.63,2022-08-13
tarjeta,135.5,247.63,2022-08-14
tarjeta,135.5,247.63,2022-08-15
tarjeta,136.41,249.22,2022-08-16
tarjeta,136.52,249.41,2022-08-17
tarjeta,136.39,249.18,2022-08-18
tarjeta,137.06,250.36,2022-08-19
tarjeta,137.06,250.36,2022-08-20
tarjeta,137.06,250.36,2022-08-21
tarjeta,138.04,252.07,2022-08-22
tarjeta,138.04,252.07,2022-08-23
tarjeta,138.29,252.51,2022-08-24
tarjeta,138.58,253.02,2022-08-25
tarjeta,138.73,253.28,2022-08-26
tarjeta,138.73,253.28,2022-08-27
tarjeta,138.73,253.28,2022-08-28
tarjeta,139.45,254.54,2022-08-29
tarjeta,139.62,254.84,2022-08-30
tarjeta,139.77,255.1,2022-08-31
tarjeta,139.86,255.26,2022-09-01
tarjeta,139.86,255.26,2022-09-02
tarjeta,139.86,255.26,2022-09-03
tarjeta,139.86,255.26,2022-09-04
tarjeta,141.05,257.34,2022-09-05
tarjeta,141.35,257.86,2022-09-06
tarjeta,141.68,258.44,2022-09-07
tarjeta,142.15,259.26,2022-09-08
tarjeta,142.42,259.73,2022-09-09
tarjeta,142.42,259.73,2022-09-10
tarjeta,142.42,259.73,2022-09-11
tarjeta,143.43,261.5,2022-09-12
tarjeta,143.52,261.66,2022-09-13
tarjeta,143.61,261.82,2022-09-14
tarjeta,143.99,262.48,2022-09-15
tarjeta,142.17,262.8,2022-09-16
tarjeta,142.17,262.8,2022-09-17
tarjeta,142.17,262.8,2022-09-18
tarjeta,142.93,264.13,2022-09-19
tarjeta,143.24,264.67,2022-09-20
tarjeta,143.56,265.23,2022-09-21
tarjeta,143.64,265.37,2022-09-22
tarjeta,144.24,266.42,2022-09-23
tarjeta,144.24,266.42,2022-09-24
tarjeta,144.24,266.42,2022-09-25
tarjeta,145.01,267.77,2022-09-26
tarjeta,145.31,268.29,2022-09-27
tarjeta,145.61,268.82,2022-09-28
tarjeta,145.9,269.32,2022-09-29
tarjeta,146.25,269.94,2022-09-30
tarjeta,146.25,269.94,2022-10-01
tarjeta,146.25,269.94,2022-10-02
tarjeta,147.33,271.83,2022-10-03
tarjeta,147.67,272.42,2022-10-04
tarjeta,147.9,272.82,2022-10-05
tarjeta,148.29,273.51,2022-10-06
tarjeta,148.29,273.51,2022-10-07
tarjeta,148.29,273.51,2022-10-08
tarjeta,148.29,273.51,2022-10-09
tarjeta,148.29,273.51,2022-10-10
tarjeta,149.76,276.08,2022-10-11
tarjeta,149.88,276.29,2022-10-12
tarjeta,150.19,276.83,2022-10-13
tarjeta,150.28,276.99,2022-10-14
tarjeta,150.28,276.99,2022-10-15
tarjeta,150.28,276.99,2022-10-16
tarjeta,151.49,279.11,2022-10-17
tarjeta,151.71,279.49,2022-10-18
tarjeta,151.94,279.89,2022-10-19
tarjeta,152.27,280.47,2022-10-20
tarjeta,152.57,281.0,2022-10-21
tarjeta,152.57,281.0,2022-10-22
tarjeta,152.57,281.0,2022-10-23
tarjeta,153.56,282.73,2022-10-24
tarjeta,154.1,283.68,2022-10-25
tarjeta,154.22,283.88,2022-10-26
tarjeta,154.3,284.03,2022-10-27
tarjeta,154.59,284.53,2022-10-28
tarjeta,154.59,284.53,2022-10-29
tarjeta,154.59,284.53,2022-10-30
tarjeta,154.89,286.81,2022-10-31
tarjeta,155.89,286.81,2022-11-01
tarjeta,156.49,287.86,2022-11-02
tarjeta,156.82,288.44,2022-11-03
tarjeta,157.15,289.01,2022-11-04
tarjeta,157.15,289.01,2022-11-05
tarjeta,157.15,289.01,2022-11-06
tarjeta,158.33,291.08,2022-11-07
tarjeta,158.79,291.88,2022-11-08
tarjeta,159.17,292.55,2022-11-09
tarjeta,159.5,293.13,2022-11-10
tarjeta,159.77,293.6,2022-11-11
tarjeta,159.77,293.6,2022-11-12
tarjeta,159.77,293.6,2022-11-13
tarjeta,160.62,295.09,2022-11-14
tarjeta,161.18,296.06,2022-11-15
tarjeta,161.6,296.8,2022-11-16
tarjeta,161.89,297.31,2022-11-17
tarjeta,162.22,297.88,2022-11-18
tarjeta,162.22,297.88,2022-11-19
tarjeta,162.22,297.88,2022-11-20
tarjeta,162.22,297.88,2022-11-21
tarjeta,163.52,300.16,2022-11-22
tarjeta,163.85,300.74,2022-11-23
tarjeta,164.24,301.42,2022-11-24
tarjeta,164.45,301.79,2022-11-25
tarjeta,164.45,301.79,2022-11-26
tarjeta,164.45,301.79,2022-11-27
tarjeta,165.66,303.9,2022-11-28
tarjeta,166.15,304.76,2022-11-29
tarjeta,165.55,305.46,2022-11-30
tarjeta,165.82,305.94,2022-12-01
tarjeta,166.24,306.67,2022-12-02
tarjeta,166.24,306.67,2022-12-03
tarjeta,166.24,306.67,2022-12-04
tarjeta,167.44,308.77,2022-12-05
tarjeta,167.59,309.03,2022-12-06
tarjeta,167.81,309.42,2022-12-07
tarjeta,167.81,309.42,2022-12-08
tarjeta,167.81,309.42,2022-12-09
tarjeta,167.81,309.42,2022-12-10
tarjeta,167.81,309.42,2022-12-11
tarjeta,169.57,312.5,2022-12-12
tarjeta,170.01,313.27,2022-12-13
tarjeta,170.22,313.63,2022-12-14
tarjeta,170.35,313.86,2022-12-15
tarjeta,170.69,314.46,2022-12-16
tarjeta,170.69,314.46,2022-12-17
tarjeta,170.69,314.46,2022-12-18
tarjeta,171.64,316.12,2022-12-19
tarjeta,171.68,316.19,2022-12-20
tarjeta,172.16,317.03,2022-12-21
tarjeta,172.36,317.38,2022-12-22
tarjeta,172.74,318.05,2022-12-23
tarjeta,172.74,318.05,2022-12-24
tarjeta,172.74,318.05,2022-12-25
tarjeta,173.91,319.44,2022-12-26
tarjeta,174.12,320.46,2022-12-27
tarjeta,174.51,321.14,2022-12-28
tarjeta,174.95,321.91,2022-12-29
tarjeta,175.64,323.12,2022-12-30
tarjeta,175.64,323.12,2022-12-31
tarjeta,175.64,323.12,2023-01-01
tarjeta,176.36,324.38,2023-01-02
tarjeta,176.99,325.48,2023-01-03
tarjeta,177.22,325.88,2023-01-04
tarjeta,177.25,325.94,2023-01-05
tarjeta,177.61,326.57,2023-01-06
tarjeta,177.61,326.57,2023-01-07
tarjeta,177.61,326.57,2023-01-08
tarjeta,178.72,328.51,2023-01-09
tarjeta,179.11,329.19,2023-01-10
tarjeta,179.21,329.37,2023-01-11
tarjeta,179.26,329.45,2023-01-12
tarjeta,179.53,329.93,2023-01-13
tarjeta,179.53,329.93,2023-01-14
tarjeta,179.53,329.93,2023-01-15
tarjeta,180.47,331.57,2023-01-16
tarjeta,180.74,332.05,2023-01-17
tarjeta,180.98,332.46,2023-01-18
tarjeta,181.2,332.85,2023-01-19
tarjeta,181.65,333.64,2023-01-20
tarjeta,181.65,333.64,2023-01-21
tarjeta,181.65,333.64,2023-01-22
tarjeta,182.68,335.44,2023-01-23
tarjeta,183.08,336.14,2023-01-24
tarjeta,183.26,336.45,2023-01-25
tarjeta,183.74,337.3,2023-01-26
tarjeta,183.74,337.3,2023-01-27
tarjeta,183.74,337.3,2023-01-28
tarjeta,183.74,337.3,2023-01-29
tarjeta,185.07,339.62,2023-01-30
tarjeta,185.36,340.13,2023-01-31
tarjeta,185.95,341.16,2023-02-01
tarjeta,186.14,341.5,2023-02-02
tarjeta,186.4,341.95,2023-02-03
tarjeta,186.4,341.95,2023-02-04
tarjeta,186.4,341.95,2023-02-05
tarjeta,187.52,343.91,2023-02-06
tarjeta,187.74,344.3,2023-02-07
tarjeta,187.93,344.63,2023-02-08
tarjeta,188.18,345.06,2023-02-09
tarjeta,188.6,345.8,2023-02-10
tarjeta,188.6,345.8,2023-02-11
tarjeta,188.6,345.8,2023-02-12
tarjeta,189.78,347.87,2023-02-13
tarjeta,190.03,348.3,2023-02-14
tarjeta,190.47,349.07,2023-02-15
tarjeta,190.7,349.47,2023-02-16
tarjeta,191.55,350.96,2023-02-17
tarjeta,191.55,350.96,2023-02-18
tarjeta,191.55,350.96,2023-02-19
tarjeta,191.55,350.96,2023-02-20
tarjeta,191.55,350.96,2023-02-21
tarjeta,192.73,353.03,2023-02-22
tarjeta,193.48,354.34,2023-02-23
tarjeta,193.88,355.04,2023-02-24
tarjeta,193.88,355.04,2023-02-25
tarjeta,193.88,355.04,2023-02-26
tarjeta,195.12,357.21,2023-02-27
tarjeta,195.39,357.68,2023-02-28
tarjeta,195.73,358.28,2023-03-01
tarjeta,196.37,359.4,2023-03-02
tarjeta,196.72,360.01,2023-03-03
tarjeta,196.72,360.01,2023-03-04
tarjeta,196.72,360.01,2023-03-05
tarjeta,197.67,361.67,2023-03-06
tarjeta,197.9,362.07,2023-03-07
tarjeta,198.22,362.63,2023-03-08
tarjeta,198.49,363.11,2023-03-09
tarjeta,198.96,363.93,2023-03-10
tarjeta,198.96,363.93,2023-03-11
tarjeta,198.96,363.93,2023-03-12
tarjeta,199.88,365.54,2023-03-13
tarjeta,200.36,366.38,2023-03-14
tarjeta,200.62,366.84,2023-03-15
tarjeta,201.21,367.87,2023-03-16
tarjeta,201.21,367.87,2023-03-17
tarjeta,201.21,367.87,2023-03-18
tarjeta,201.21,367.87,2023-03-19
tarjeta,202.85,370.74,2023-03-20
tarjeta,203.24,371.42,2023-03-21
tarjeta,203.72,372.26,2023-03-22
tarjeta,203.97,372.7,2023-03-23
tarjeta,203.97,372.7,2023-03-24
tarjeta,203.97,372.7,2023-03-25
tarjeta,203.97,372.7,2023-03-26
tarjeta,205.45,375.29,2023-03-27
tarjeta,206.03,376.3,2023-03-28
tarjeta,206.5,377.13,2023-03-29
tarjeta,206.81,377.67,2023-03-30
tarjeta,207.24,378.42,2023-03-31
tarjeta,207.24,378.42,2023-04-01
tarjeta,207.24,378.42,2023-04-02
tarjeta,208.44,380.52,2023-04-03
tarjeta,209.03,381.55,2023-04-04
tarjeta,209.77,382.85,2023-04-05
tarjeta,209.77,382.85,2023-04-06
tarjeta,209.77,382.85,2023-04-07
tarjeta,209.77,382.85,2023-04-08
tarjeta,209.77,382.85,2023-04-09
tarjeta,211.73,386.28,2023-04-10
tarjeta,212.17,387.05,2023-04-11
tarjeta,212.46,387.56,2023-04-12
tarjeta,212.62,387.84,2023-04-13
tarjeta,212.77,388.1,2023-04-14
tarjeta,212.77,388.1,2023-04-15
tarjeta,212.77,388.1,2023-04-16
tarjeta,214.39,390.93,2023-04-17
tarjeta,214.73,391.53,2023-04-18
tarjeta,215.55,392.96,2023-04-19
tarjeta,216.21,394.12,2023-04-20
tarjeta,216.58,394.77,2023-04-21
tarjeta,216.58,394.77,2023-04-22
tarjeta,216.58,394.77,2023-04-23
tarjeta,217.94,397.14,2023-04-24
tarjeta,218.68,398.44,2023-04-25
tarjeta,219.43,399.75,2023-04-26
tarjeta,220.12,400.96,2023-04-27
tarjeta,220.63,401.85,2023-04-28
tarjeta,220.63,401.85,2023-04-29
tarjeta,220.63,401.85,2023-04-30
tarjeta,220.63,401.85,2023-05-01
tarjeta,223.09,406.16,2023-05-02
tarjeta,223.88,407.54,2023-05-03
tarjeta,224.72,409.01,2023-05-04
tarjeta,226.98,412.96,2023-05-05
tarjeta,226.98,412.96,2023-05-06
tarjeta,226.98,412.96,2023-05-07
tarjeta,229.18,416.81,2023-05-08
tarjeta,229.89,418.06,2023-05-09
tarjeta,230.59,419.28,2023-05-10
tarjeta,230.59,419.28,2023-05-11
tarjeta,231.07,420.12,2023-05-12
tarjeta,231.07,420.12,2023-05-13
tarjeta,231.07,420.12,2023-05-14
tarjeta,231.39,422.43,2023-05-15
tarjeta,232.37,424.15,2023-05-16
tarjeta,232.65,424.64,2023-05-17
tarjeta,233.02,425.29,2023-05-18
tarjeta,233.59,426.28,2023-05-19
tarjeta,233.59,426.28,2023-05-20
tarjeta,233.59,426.28,2023-05-21
tarjeta,235.02,428.79,2023-05-22
tarjeta,235.53,429.68,2023-05-23
tarjeta,236.59,431.53,2023-05-24
tarjeta,236.59,431.53,2023-05-25
tarjeta,236.59,431.53,2023-05-26
tarjeta,236.59,431.53,2023-05-27
tarjeta,236.59,431.53,2023-05-28
tarjeta,238.68,435.19,2023-05-29
tarjeta,239.79,437.13,2023-05-30
tarjeta,240.37,438.15,2023-05-31
tarjeta,241.43,440.0,2023-06-01
tarjeta,241.99,440.98,2023-06-02
tarjeta,241.99,440.98,2023-06-03
tarjeta,241.99,440.98,2023-06-04
tarjeta,243.83,444.2,2023-06-05
tarjeta,244.7,445.72,2023-06-06
tarjeta,245.36,446.88,2023-06-07
tarjeta,246.91,449.59,2023-06-08
tarjeta,247.33,450.33,2023-06-09
tarjeta,247.33,450.33,2023-06-10
tarjeta,247.33,450.33,2023-06-11
tarjeta,247.33,450.33,2023-06-12
tarjeta,249.13,453.48,2023-06-13
tarjeta,249.85,454.74,2023-06-14
tarjeta,250.92,456.61,2023-06-15
tarjeta,251.59,457.78,2023-06-16
tarjeta,251.59,457.78,2023-06-17
tarjeta,251.59,457.78,2023-06-18
tarjeta,251.59,457.78,2023-06-19
tarjeta,251.59,457.78,2023-06-20
tarjeta,254.24,462.42,2023-06-21
tarjeta,255.31,464.29,2023-06-22
tarjeta,255.68,464.94,2023-06-23
tarjeta,255.68,464.94,2023-06-24
tarjeta,255.68,464.94,2023-06-25
tarjeta,257.22,467.64,2023-06-26
tarjeta,258.09,469.16,2023-06-27
tarjeta,258.09,469.16,2023-06-28
tarjeta,259.24,471.17,2023-06-29
tarjeta,260.16,472.78,2023-06-30
tarjeta,260.16,472.78,2023-07-01
tarjeta,260.16,472.78,2023-07-02
tarjeta,261.55,475.21,2023-07-03
tarjeta,262.06,476.11,2023-07-04
tarjeta,263.32,478.31,2023-07-05
tarjeta,263.71,478.99,2023-07-06
tarjeta,264.39,480.18,2023-07-07
tarjeta,264.39,480.18,2023-07-08
tarjeta,264.39,480.18,2023-07-09
tarjeta,265.81,482.67,2023-07-10
tarjeta,266.53,483.93,2023-07-11
tarjeta,266.89,484.56,2023-07-12
tarjeta,267.77,486.1,2023-07-13
tarjeta,268.47,487.32,2023-07-14
tarjeta,268.47,487.32,2023-07-15
tarjeta,268.47,487.32,2023-07-16
tarjeta,270.32,490.56,2023-07-17
tarjeta,270.59,491.03,2023-07-18
tarjeta,271.35,492.36,2023-07-19
tarjeta,271.66,492.91,2023-07-20
tarjeta,272.54,494.45,2023-07-21
tarjeta,272.54,494.45,2023-07-22
tarjeta,272.54,494.45,2023-07-23
tarjeta,274.37,497.65,2023-07-24
tarjeta,274.65,498.14,2023-07-25
tarjeta,275.2,499.1,2023-07-26
tarjeta,275.8,500.15,2023-07-27
tarjeta,276.56,501.48,2023-07-28
tarjeta,276.56,501.48,2023-07-29
tarjeta,276.56,501.48,2023-07-30
tarjeta,277.92,503.86,2023-07-31
tarjeta,279.17,506.05,2023-08-01
tarjeta,280.27,507.97,2023-08-02
tarjeta,281.33,509.83,2023-08-03
tarjeta,282.2,511.35,2023-08-04
tarjeta,282.2,511.35,2023-08-05
tarjeta,282.2,511.35,2023-08-06
tarjeta,285.25,516.69,2023-08-07
tarjeta,286.52,518.91,2023-08-08
tarjeta,287.82,521.18,2023-08-09
tarjeta,288.81,522.92,2023-08-10
tarjeta,290.01,525.02,2023-08-11
tarjeta,290.01,525.02,2023-08-12
tarjeta,290.01,525.02,2023-08-13
tarjeta,356.18,640.82,2023-08-14
tarjeta,356.63,641.6,2023-08-15
tarjeta,356.89,642.06,2023-08-16
tarjeta,356.55,641.46,2023-08-17
tarjeta,356.57,641.5,2023-08-18
tarjeta,356.57,641.5,2023-08-19
tarjeta,356.57,641.5,2023-08-20
tarjeta,356.57,641.5,2023-08-21
tarjeta,357.03,642.3,2023-08-22
tarjeta,357.11,642.44,2023-08-23
tarjeta,357.37,642.9,2023-08-24
tarjeta,357.0,642.25,2023-08-25
tarjeta,357.0,642.25,2023-08-26
tarjeta,357.0,642.25,2023-08-27
tarjeta,357.0,642.25,2023-08-28
tarjeta,356.99,642.23,2023-08-29
tarjeta,357.09,642.41,2023-08-30
tarjeta,356.63,641.6,2023-08-31
tarjeta,347.02,642.28,2023-09-01
tarjeta,347.02,642.28,2023-09-02
tarjeta,347.02,642.28,2023-09-03
tarjeta,347.01,642.27,2023-09-04
tarjeta,347.01,642.27,2023-09-05
tarjeta,347.01,642.27,2023-09-06
tarjeta,347.01,642.27,2023-09-07
tarjeta,347.01,642.27,2023-09-08
tarjeta,347.01,642.27,2023-09-09
tarjeta,347.01,642.27,2023-09-10
tarjeta,347.02,642.28,2023-09-11
tarjeta,346.73,641.78,2023-09-12
tarjeta,346.72,641.76,2023-09-13
tarjeta,347.09,642.41,2023-09-14
tarjeta,347.0,642.25,2023-09-15
tarjeta,347.0,642.25,2023-09-16
tarjeta,347.0,642.25,2023-09-17
tarjeta,347.09,642.41,2023-09-18
tarjeta,346.64,641.62,2023-09-19
tarjeta,347.0,642.25,2023-09-20
tarjeta,347.09,642.41,2023-09-21
tarjeta,347.01,642.27,2023-09-22
tarjeta,347.01,642.27,2023-09-23
tarjeta,347.01,642.27,2023-09-24
tarjeta,346.98,642.22,2023-09-25
tarjeta,346.98,642.22,2023-09-26
tarjeta,346.64,641.62,2023-09-27
tarjeta,347.0,642.25,2023-09-28
tarjeta,347.0,642.25,2023-09-29
tarjeta,347.0,642.25,2023-09-30
tarjeta,347.0,642.25,2023-10-01
tarjeta,347.0,642.43,2023-10-02
tarjeta,347.0,642.25,2023-10-03
tarjeta,347.09,642.41,2023-10-04
tarjeta,347.09,642.41,2023-10-05
tarjeta,347.02,642.28,2023-10-06
tarjeta,347.02,642.28,2023-10-07
tarjeta,347.02,642.28,2023-10-08
tarjeta,347.18,642.57,2023-10-09
tarjeta,347.18,734.36,2023-10-10
tarjeta,347.0,734.0,2023-10-11
tarjeta,347.46,734.92,2023-10-12
tarjeta,347.46,734.92,2023-10-13
tarjeta,347.46,734.92,2023-10-14
tarjeta,347.46,734.92,2023-10-15
tarjeta,347.46,734.92,2023-10-16
tarjeta,347.59,735.18,2023-10-17
tarjeta,347.59,735.18,2023-10-18
tarjeta,347.17,734.34,2023-10-19
tarjeta,348.03,736.06,2023-10-20
tarjeta,348.03,736.06,2023-10-21
tarjeta,348.03,736.06,2023-10-22
tarjeta,347.91,735.82,2023-10-23
tarjeta,347.93,735.86,2023-10-24
tarjeta,347.72,735.44,2023-10-25
tarjeta,348.1,736.2,2023-10-26
tarjeta,347.93,735.86,2023-10-27
tarjeta,347.93,735.86,2023-10-28
tarjeta,347.93,735.86,2023-10-29
tarjeta,347.88,735.76,2023-10-30
tarjeta,347.94,735.88,2023-10-31
tarjeta,347.94,735.88,2023-11-01
tarjeta,347.93,735.86,2023-11-02
tarjeta,348.05,736.1,2023-11-03
tarjeta,348.05,736.1,2023-11-04
tarjeta,348.05,736.1,2023-11-05
tarjeta,348.05,736.1,2023-11-06
tarjeta,348.05,736.1,2023-11-07
tarjeta,886.12,932.02,2023-11-08
tarjeta,886.12,932.02,2023-11-09
tarjeta,886.12,932.02,2023-11-10
tarjeta,886.12,932.02,2023-11-11
tarjeta,886.12,932.02,2023-11-12
tarjeta,886.12,932.02,2023-11-13
tarjeta,886.12,932.02,2023-11-14
tarjeta,893.77,939.67,2023-11-15
tarjeta,895.05,940.95,2023-11-16
tarjeta,896.32,942.22,2023-11-17
tarjeta,896.32,942.22,2023-11-18
tarjeta,896.32,942.22,2023-11-19
tarjeta,896.32,942.22,2023-11-20
tarjeta,901.42,947.32,2023-11-21
tarjeta,902.7,948.6,2023-11-22
tarjeta,903.97,949.87,2023-11-23
tarjeta,905.25,951.15,2023-11-24
tarjeta,905.25,951.15,2023-11-25
tarjeta,905.25,951.15,2023-11-26
tarjeta,909.07,954.97,2023-11-27
tarjeta,910.35,956.25,2023-11-28
tarjeta,911.62,957.52,2023-11-29
tarjeta,912.9,958.8,2023-11-30
tarjeta,914.17,960.07,2023-12-01
tarjeta,914.17,960.07,2023-12-02
tarjeta,914.17,960.07,2023-12-03
tarjeta,918.0,963.9,2023-12-04
tarjeta,919.27,965.17,2023-12-05
tarjeta,920.55,966.45,2023-12-06
tarjeta,975.37,1021.27,2023-12-07
tarjeta,975.37,1021.27,2023-12-08
tarjeta,975.37,1021.27,2023-12-09
tarjeta,975.37,1021.27,2023-12-10
tarjeta,932.02,1021.27,2023-12-11
tarjeta,932.02,1021.27,2023-12-12
tarjeta,1248.99,1312.99,2023-12-13
tarjeta,1248.99,1312.99,2023-12-14
tarjeta,1249.6,1313.6,2023-12-15
tarjeta,1249.6,1313.6,2023-12-16
tarjeta,1249.6,1313.6,2023-12-17
tarjeta,1252.0,1316.0,2023-12-18
tarjeta,1252.8,1316.8,2023-12-19
tarjeta,1253.6,1317.6,2023-12-20
tarjeta,1254.4,1318.4,2023-12-21
tarjeta,1255.2,1319.2,2023-12-22
tarjeta,1255.2,1319.2,2023-12-23
tarjeta,1255.2,1319.2,2023-12-24
tarjeta,1255.2,1319.2,2023-12-25
tarjeta,1258.8,1322.8,2023-12-26
tarjeta,1259.6,1323.6,2023-12-27
tarjeta,1260.4,1324.4,2023-12-28
tarjeta,1261.2,1325.2,2023-12-29
tarjeta,1261.2,1325.2,2023-12-30
tarjeta,1261.2,1325.2,2023-12-31
tarjeta,1261.2,1325.2,2024-01-01
tarjeta,1264.4,1328.4,2024-01-02
tarjeta,1265.6,1329.6,2024-01-03
tarjeta,1266.4,1330.4,2024-01-04
tarjeta,1267.2,1331.2,2024-01-05
tarjeta,1267.2,1331.2,2024-01-06
tarjeta,1267.2,1331.2,2024-01-07
tarjeta,1269.6,1333.6,2024-01-08
tarjeta,1270.4,1334.4,2024-01-09
tarjeta,1271.2,1335.2,2024-01-10
tarjeta,1272.0,1336.0,2024-01-11
tarjeta,1272.8,1336.8,2024-01-12
tarjeta,1272.8,1336.8,2024-01-13
tarjeta,1272.8,1336.8,2024-01-14
tarjeta,1275.6,1339.6,2024-01-15
tarjeta,1276.4,1340.4,2024-01-16
tarjeta,1277.2,1341.2,2024-01-17
tarjeta,1278.0,1342.0,2024-01-18
tarjeta,1278.8,1342.8,2024-01-19
tarjeta,1278.8,1342.8,2024-01-20
tarjeta,1278.8,1342.8,2024-01-21
tarjeta,1281.2,1345.2,2024-01-22
tarjeta,1282.0,1346.0,2024-01-23
tarjeta,1282.8,1346.8,2024-01-24
tarjeta,1283.6,1347.6,2024-01-25
tarjeta,1284.4,1348.4,2024-01-26
tarjeta,1284.4,1348.4,2024-01-27
tarjeta,1284.4,1348.4,2024-01-28
tarjeta,1287.2,1351.2,2024-01-29
tarjeta,1288.0,1352.0,2024-01-30
tarjeta,1288.8,1352.8,2024-01-31
tarjeta,1289.6,1353.6,2024-02-01
tarjeta,1290.4,1354.4,2024-02-02
tarjeta,1290.4,1354.4,2024-02-03
tarjeta,1290.4,1354.4,2024-02-04
tarjeta,1292.8,1356.8,2024-02-05
tarjeta,1293.6,1357.6,2024-02-06
tarjeta,1294.4,1358.4,2024-02-07
tarjeta,1295.2,1359.2,2024-02-08
tarjeta,1296.0,1360.0,2024-02-09
tarjeta,1296.0,1360.0,2024-02-10
tarjeta,1296.0,1360.0,2024-02-11
tarjeta,1296.0,1360.0,2024-02-12
tarjeta,1296.0,1360.0,2024-02-13
tarjeta,1300.8,1364.8,2024-02-14
tarjeta,1301.6,1365.6,2024-02-15
tarjeta,1302.4,1366.4,2024-02-16
tarjeta,1302.4,1366.4,2024-02-17
tarjeta,1302.4,1366.4,2024-02-18
tarjeta,1304.8,1368.8,2024-02-19
tarjeta,1305.6,1369.6,2024-02-20
tarjeta,1306.4,1370.4,2024-02-21
tarjeta,1307.2,1371.2,2024-02-22
tarjeta,1308.0,1372.0,2024-02-23
tarjeta,1308.0,1372.0,2024-02-24
tarjeta,1308.0,1372.0,2024-02-25
tarjeta,1311.2,1375.2,2024-02-26
tarjeta,1312.0,1376.0,2024-02-27
tarjeta,1312.8,1376.8,2024-02-28
tarjeta,1313.6,1377.6,2024-02-29
tarjeta,1314.4,1378.4,2024-03-01
tarjeta,1314.4,1378.4,2024-03-02
tarjeta,1314.4,1378.4,2024-03-03
tarjeta,1316.8,1380.8,2024-03-04
tarjeta,1318.4,1382.4,2024-03-05
tarjeta,1319.2,1383.2,2024-03-06
tarjeta,1320.0,1384.0,2024-03-07
tarjeta,1320.8,1384.8,2024-03-08
tarjeta,1320.8,1384.8,2024-03-09
tarjeta,1320.8,1384.8,2024-03-10
tarjeta,1323.2,1387.2,2024-03-11
tarjeta,1324.0,1388.0,2024-03-12
tarjeta,1325.6,1389.6,2024-03-13
tarjeta,1326.4,1390.4,2024-03-14
tarjeta,1327.2,1391.2,2024-03-15
tarjeta,1327.2,1391.2,2024-03-16
tarjeta,1327.2,1391.2,2024-03-17
tarjeta,1329.6,1393.6,2024-03-18
tarjeta,1330.4,1394.4,2024-03-19
tarjeta,1331.2,1395.2,2024-03-20
tarjeta,1332.0,1396.0,2024-03-21
tarjeta,1333.6,1397.6,2024-03-22
tarjeta,1333.6,1397.6,2024-03-23
tarjeta,1333.6,1397.6,2024-03-24
tarjeta,1336.0,1400.0,2024-03-25
tarjeta,1336.8,1400.8,2024-03-26
tarjeta,1337.6,1401.6,2024-03-27
tarjeta,1337.6,1401.6,2024-03-28
tarjeta,1337.6,1401.6,2024-03-29
tarjeta,1337.6,1401.6,2024-03-30
tarjeta,1337.6,1401.6,2024-03-31
tarjeta,1337.6,1401.6,2024-04-01
tarjeta,1337.6,1401.6,2024-04-02
tarjeta,1344.0,1408.0,2024-04-03
tarjeta,1344.8,1408.8,2024-04-04
tarjeta,1346.4,1410.4,2024-04-05
tarjeta,1346.4,1410.4,2024-04-06
tarjeta,1346.4,1410.4,2024-04-07
tarjeta,1348.8,1412.8,2024-04-08
tarjeta,1349.6,1413.6,2024-04-09
tarjeta,1349.6,1413.6,2024-04-10
tarjeta,1415.2,1415.2,2024-04-11
tarjeta,1416.8,1416.8,2024-04-12
tarjeta,1416.8,1416.8,2024-04-13
tarjeta,1416.8,1416.8,2024-04-14
tarjeta,1355.2,1419.2,2024-04-15
tarjeta,1420.0,1420.0,2024-04-16
tarjeta,1420.8,1420.8,2024-04-17
tarjeta,1421.6,1421.6,2024-04-18
tarjeta,1424.0,1424.0,2024-04-19
tarjeta,1424.0,1424.0,2024-04-20
tarjeta,1424.0,1424.0,2024-04-21
tarjeta,1427.2,1427.2,2024-04-22
tarjeta,1427.2,1427.2,2024-04-23
tarjeta,1428.0,1428.0,2024-04-24
tarjeta,1428.8,1428.8,2024-04-25
tarjeta,1366.4,1430.4,2024-04-26
tarjeta,1430.4,1430.4,2024-04-27
tarjeta,1430.4,1430.4,2024-04-28
tarjeta,1432.8,1432.8,2024-04-29
tarjeta,1433.6,1433.6,2024-04-30
tarjeta,1433.6,1433.6,2024-05-01
tarjeta,1435.2,1435.2,2024-05-02
tarjeta,1436.0,1436.0,2024-05-03
tarjeta,1436.0,1436.0,2024-05-04
tarjeta,1436.0,1436.0,2024-05-05
tarjeta,1374.4,1438.4,2024-05-06
tarjeta,1375.2,1439.2,2024-05-07
tarjeta,1376.8,1440.8,2024-05-08
tarjeta,1377.6,1441.6,2024-05-09
tarjeta,1442.4,1442.4,2024-05-10
tarjeta,1442.4,1442.4,2024-05-11
tarjeta,1442.4,1442.4,2024-05-12
tarjeta,1380.8,1444.8,2024-05-13
tarjeta,1382.4,1446.4,2024-05-14
tarjeta,1447.2,1447.2,2024-05-15
tarjeta,1384.0,1448.0,2024-05-16
tarjeta,1448.8,1448.8,2024-05-17
tarjeta,1448.8,1448.8,2024-05-18
tarjeta,1448.8,1448.8,2024-05-19
tarjeta,1388.0,1452.0,2024-05-20
tarjeta,1452.8,1452.8,2024-05-21
tarjeta,1389.6,1453.6,2024-05-22
tarjeta,1454.4,1454.4,2024-05-23
tarjeta,1391.2,1455.2,2024-05-24
tarjeta,1455.2,1455.2,2024-05-25
tarjeta,1391.2,1455.2,2024-05-26
tarjeta,1394.4,1458.4,2024-05-27
tarjeta,1396.0,1460.0,2024-05-28
tarjeta,1396.8,1460.8,2024-05-29
tarjeta,1460.8,1460.8,2024-05-30
tarjeta,1462.4,1462.4,2024-05-31
tarjeta,1462.4,1462.4,2024-06-01
tarjeta,1462.4,1462.4,2024-06-02
tarjeta,1465.6,1465.6,2024-06-03
tarjeta,1466.4,1466.4,2024-06-04
tarjeta,1466.4,1466.4,2024-06-05
tarjeta,1404.8,1468.8,2024-06-06
tarjeta,1404.8,1468.8,2024-06-07
tarjeta,1468.8,1468.8,2024-06-08
tarjeta,1404.8,1468.8,2024-06-09
tarjeta,1408.8,1472.8,2024-06-10
tarjeta,1409.6,1473.6,2024-06-11
tarjeta,1410.4,1474.4,2024-06-12
tarjeta,1410.4,1474.4,2024-06-13
tarjeta,1411.2,1475.2,2024-06-14
tarjeta,1411.2,1475.2,2024-06-15
tarjeta,1411.2,1475.2,2024-06-16
tarjeta,1411.2,1475.2,2024-06-17
tarjeta,1414.4,1478.4,2024-06-18
tarjeta,1415.2,1479.2,2024-06-19
tarjeta,1415.2,1479.2,2024-06-20
tarjeta,1415.2,1479.2,2024-06-21
tarjeta,1415.2,1479.2,2024-06-22
tarjeta,1415.2,1479.2,2024-06-23
tarjeta,1419.2,1483.2,2024-06-24
tarjeta,1420.0,1484.0,2024-06-25
tarjeta,1420.8,1484.8,2024-06-26
tarjeta,1423.2,1487.2,2024-06-27
tarjeta,1424.8,1488.8,2024-06-28
tarjeta,1424.8,1488.8,2024-06-29
tarjeta,1424.8,1488.8,2024-06-30
tarjeta,1428.0,1492.0,2024-07-01
tarjeta,1428.8,1492.8,2024-07-02
tarjeta,1429.6,1493.6,2024-07-03
tarjeta,1430.4,1494.4,2024-07-04
tarjeta,1431.2,1495.2,2024-07-05
tarjeta,1431.2,1495.2,2024-07-06
tarjeta,1431.2,1495.2,2024-07-07
tarjeta,1434.4,1498.4,2024-07-08
tarjeta,1434.4,1498.4,2024-07-09
tarjeta,1436.0,1500.0,2024-07-10
tarjeta,1436.8,1500.8,2024-07-11
tarjeta,1440.0,1504.0,2024-07-12
tarjeta,1440.0,1504.0,2024-07-13
tarjeta,1440.0,1504.0,2024-07-14
tarjeta,1440.8,1504.8,2024-07-15
tarjeta,1441.6,1505.6,2024-07-16
tarjeta,1443.2,1507.2,2024-07-17
tarjeta,1444.0,1508.0,2024-07-18
tarjeta,1447.2,1511.2,2024-07-19
tarjeta,1447.2,1511.2,2024-07-20
tarjeta,1447.2,1511.2,2024-07-21
tarjeta,1449.6,1513.6,2024-07-22
tarjeta,1449.6,1513.6,2024-07-23
tarjeta,1450.4,1514.4,2024-07-24
tarjeta,1452.0,1516.0,2024-07-25
tarjeta,1456.0,1520.0,2024-07-26
tarjeta,1456.0,1520.0,2024-07-27
tarjeta,1456.0,1520.0,2024-07-28
tarjeta,1456.8,1520.8,2024-07-29
tarjeta,1457.6,1521.6,2024-07-30
tarjeta,1458.4,1522.4,2024-07-31
tarjeta,1458.4,1522.4,2024-08-01
tarjeta,1461.6,1525.6,2024-08-02
tarjeta,1461.6,1525.6,2024-08-03
tarjeta,1461.6,1525.6,2024-08-04
tarjeta,1462.4,1526.4,2024-08-05
tarjeta,1463.2,1527.2,2024-08-06
tarjeta,1464.8,1528.8,2024-08-07
tarjeta,1464.8,1528.8,2024-08-08
tarjeta,1468.0,1532.0,2024-08-09
tarjeta,1468.0,1532.0,2024-08-10
tarjeta,1468.0,1532.0,2024-08-11
tarjeta,1468.8,1532.8,2024-08-12
tarjeta,1469.6,1533.6,2024-08-13
tarjeta,1470.4,1534.4,2024-08-14
tarjeta,1472.0,1536.0,2024-08-15
tarjeta,1474.4,1538.4,2024-08-16
tarjeta,1475.2,1539.2,2024-08-17
tarjeta,1475.2,1539.2,2024-08-18
tarjeta,1476.8,1540.8,2024-08-19
tarjeta,1476.8,1540.8,2024-08-20
tarjeta,1477.6,1541.6,2024-08-21
tarjeta,1478.4,1542.4,2024-08-22
tarjeta,1481.6,1545.6,2024-08-23
tarjeta,1481.6,1545.6,2024-08-24
tarjeta,1481.6,1545.6,2024-08-25
tarjeta,1484.8,1548.8,2024-08-26
tarjeta,1487.2,1551.2,2024-08-27
tarjeta,1487.2,1551.2,2024-08-28
tarjeta,1488.0,1552.0,2024-08-29
tarjeta,1491.2,1555.2,2024-08-30
tarjeta,1491.2,1555.2,2024-08-31
tarjeta,1491.2,1555.2,2024-09-01
tarjeta,1492.8,1556.8,2024-09-02
tarjeta,1492.8,1556.8,2024-09-03
tarjeta,1493.6,1557.6,2024-09-04
tarjeta,1494.4,1558.4,2024-09-05
tarjeta,1498.4,1562.4,2024-09-06
tarjeta,1498.4,1562.4,2024-09-07
tarjeta,1498.4,1562.4,2024-09-08
tarjeta,1499.2,1563.2,2024-09-09
tarjeta,1500.8,1564.8,2024-09-10
tarjeta,1500.8,1564.8,2024-09-11
tarjeta,1501.6,1565.6,2024-09-12
tarjeta,1504.8,1568.8,2024-09-13
tarjeta,1504.8,1568.8,2024-09-14
tarjeta,1504.8,1568.8,2024-09-15
tarjeta,1507.2,1571.2,2024-09-16
tarjeta,1507.2,1571.2,2024-09-17
tarjeta,1507.2,1571.2,2024-09-18
tarjeta,1509.6,1573.6,2024-09-19
tarjeta,1512.0,1576.0,2024-09-20
tarjeta,1512.0,1576.0,2024-09-21
tarjeta,1512.0,1576.0,2024-09-22
tarjeta,1512.8,1576.8,2024-09-23
tarjeta,1513.6,1577.6,2024-09-24
tarjeta,1515.2,1579.2,2024-09-25
tarjeta,1517.6,1581.6,2024-09-26
tarjeta,1519.2,1583.2,2024-09-27
tarjeta,1519.2,1583.2,2024-09-28
tarjeta,1519.2,1583.2,2024-09-29
tarjeta,1520.0,1584.0,2024-09-30
tarjeta,1520.8,1584.8,2024-10-01
tarjeta,1521.6,1585.6,2024-10-02
tarjeta,1524.0,1588.0,2024-10-03
tarjeta,1526.4,1590.4,2024-10-04
tarjeta,1526.4,1590.4,2024-10-05
tarjeta,1526.4,1590.4,2024-10-06
tarjeta,1528.0,1592.0,2024-10-07
tarjeta,1528.8,1592.8,2024-10-08
tarjeta,1528.8,1592.8,2024-10-09
tarjeta,1533.6,1597.6,2024-10-10
tarjeta,1533.6,1597.6,2024-10-11
tarjeta,1533.6,1597.6,2024-10-12
tarjeta,1533.6,1597.6,2024-10-13
tarjeta,1535.2,1599.2,2024-10-14
tarjeta,1536.0,1600.0,2024-10-15
tarjeta,1536.8,1600.8,2024-10-16
tarjeta,1537.6,1601.6,2024-10-17
tarjeta,1542.4,1606.4,2024-10-18
tarjeta,1542.4,1606.4,2024-10-19
tarjeta,1542.4,1606.4,2024-10-20
tarjeta,1543.2,1607.2,2024-10-21
tarjeta,1543.2,1607.2,2024-10-22
tarjeta,1544.0,1608.0,2024-10-23
tarjeta,1544.8,1608.8,2024-10-24
tarjeta,1548.0,1612.0,2024-10-25
tarjeta,1548.0,1612.0,2024-10-26
tarjeta,1548.0,1612.0,2024-10-27
tarjeta,1548.8,1612.8,2024-10-28
tarjeta,1549.6,1613.6,2024-10-29
tarjeta,1551.2,1615.2,2024-10-30
tarjeta,1554.4,1618.4,2024-10-31
tarjeta,1556.8,1620.8,2024-11-01
tarjeta,1556.8,1620.8,2024-11-02
tarjeta,1556.8,1620.8,2024-11-03
tarjeta,1556.8,1620.8,2024-11-04
tarjeta,1558.4,1622.4,2024-11-05
tarjeta,1558.4,1622.4,2024-11-06
tarjeta,1559.2,1623.2,2024-11-07
tarjeta,1562.4,1626.4,2024-11-08
tarjeta,1562.4,1626.4,2024-11-09
tarjeta,1562.4,1626.4,2024-11-10
tarjeta,1564.0,1628.0,2024-11-11
tarjeta,1564.8,1628.8,2024-11-12
tarjeta,1565.6,1629.6,2024-11-13
tarjeta,1566.4,1630.4,2024-11-14
tarjeta,1571.2,1635.2,2024-11-15
tarjeta,1571.2,1635.2,2024-11-16
tarjeta,1571.2,1635.2,2024-11-17
tarjeta,1571.2,1635.2,2024-11-18
tarjeta,1572.0,1636.0,2024-11-19
tarjeta,1572.8,1636.8,2024-11-20
tarjeta,1575.2,1639.2,2024-11-21
tarjeta,1578.4,1642.4,2024-11-22
tarjeta,1578.4,1642.4,2024-11-23
tarjeta,1578.4,1642.4,2024-11-24
tarjeta,1579.2,1643.2,2024-11-25
tarjeta,1580.0,1644.0,2024-11-26
tarjeta,1580.8,1644.8,2024-11-27
tarjeta,1581.6,1645.6,2024-11-28
tarjeta,1585.6,1649.6,2024-11-29
tarjeta,1585.6,1649.6,2024-11-30
tarjeta,1585.6,1649.6,2024-12-01
tarjeta,1587.2,1651.2,2024-12-02
tarjeta,1588.0,1652.0,2024-12-03
tarjeta,1588.0,1652.0,2024-12-04
tarjeta,1588.8,1652.8,2024-12-05
tarjeta,1592.0,1656.0,2024-12-06
tarjeta,1592.0,1656.0,2024-12-07
tarjeta,1592.0,1656.0,2024-12-08
tarjeta,1593.6,1657.6,2024-12-09
tarjeta,1594.4,1658.4,2024-12-10
tarjeta,1595.2,1659.2,2024-12-11
tarjeta,1597.6,1661.6,2024-12-12
tarjeta,1600.0,1664.0,2024-12-13
tarjeta,1600.0,1664.0,2024-12-14
tarjeta,1600.0,1664.0,2024-12-15
tarjeta,1603.2,1667.2,2024-12-16
tarjeta,1604.0,1668.0,2024-12-17
tarjeta,1604.0,1668.0,2024-12-18
tarjeta,1604.0,1668.0,2024-12-19
tarjeta,1607.2,1671.2,2024-12-20
tarjeta,1607.2,1671.2,2024-12-21
tarjeta,1607.2,1671.2,2024-12-22
tarjeta,1310.4,1362.4,2024-12-23
tarjeta,1310.4,1362.4,2024-12-24
tarjeta,1310.4,1362.4,2024-12-25
tarjeta,1311.7,1363.7,2024-12-26
tarjeta,1314.3,1366.3,2024-12-27
tarjeta,1314.3,1366.3,2024-12-28
tarjeta,1314.3,1366.3,2024-12-29
tarjeta,1316.25,1368.25,2024-12-30
tarjeta,1316.25,1368.25,2024-12-31
tarjeta,1316.25,1368.25,2025-01-01
tarjeta,1316.25,1368.25,2025-01-02
tarjeta,1319.5,1371.5,2025-01-03
tarjeta,1319.5,1371.5,2025-01-04
tarjeta,1319.5,1371.5,2025-01-05
tarjeta,1319.5,1371.5,2025-01-06
tarjeta,1320.15,1372.15,2025-01-07
tarjeta,1320.8,1372.8,2025-01-08
tarjeta,1322.1,1374.1,2025-01-09
tarjeta,1324.7,1376.7,2025-01-10
tarjeta,1324.7,1376.7,2025-01-11
tarjeta,1324.7,1376.7,2025-01-12
tarjeta,1325.35,1377.35,2025-01-13
tarjeta,1326.65,1378.65,2025-01-14
tarjeta,1327.95,1379.95,2025-01-15
tarjeta,1328.6,1380.6,2025-01-16
tarjeta,1330.55,1382.55,2025-01-17
tarjeta,1330.55,1382.55,2025-01-18
tarjeta,1330.55,1382.55,2025-01-19
tarjeta,1333.8,1385.8,2025-01-20
tarjeta,1334.45,1386.45,2025-01-21
tarjeta,1335.75,1387.75,2025-01-22
tarjeta,1336.4,1388.4,2025-01-23
tarjeta,1337.7,1389.7,2025-01-24
tarjeta,1337.7,1389.7,2025-01-25
tarjeta,1337.7,1389.7,2025-01-26
tarjeta,1339.0,1391.0,2025-01-27
tarjeta,1339.65,1391.65,2025-01-28
tarjeta,1340.95,1392.95,2025-01-29
tarjeta,1341.6,1393.6,2025-01-30
tarjeta,1343.55,1395.55,2025-01-31
tarjeta,1343.55,1395.55,2025-02-01
tarjeta,1343.55,1395.55,2025-02-02
tarjeta,1344.53,1396.53,2025-02-03
tarjeta,1344.85,1396.85,2025-02-04
tarjeta,1344.85,1396.85,2025-02-05
tarjeta,1345.17,1397.17,2025-02-06
tarjeta,1346.48,1398.48,2025-02-07
tarjeta,1346.48,1398.48,2025-02-08
tarjeta,1346.48,1398.48,2025-02-09
tarjeta,1346.8,1398.8,2025-02-10
tarjeta,1346.8,1398.8,2025-02-11
tarjeta,1347.13,1399.13,2025-02-12
tarjeta,1348.42,1400.42,2025-02-13
tarjeta,1349.4,1401.4,2025-02-14
tarjeta,1349.4,1401.4,2025-02-15
tarjeta,1349.4,1401.4,2025-02-16
tarjeta,1350.38,1402.38,2025-02-17
tarjeta,1350.7,1402.7,2025-02-18
tarjeta,1350.7,1402.7,2025-02-19
tarjeta,1351.03,1403.03,2025-02-20
tarjeta,1352.33,1404.33,2025-02-21
tarjeta,1352.33,1404.33,2025-02-22
tarjeta,1352.33,1404.33,2025-02-23
tarjeta,1352.65,1404.65,2025-02-24
tarjeta,1353.3,1405.3,2025-02-25
tarjeta,1353.63,1405.63,2025-02-26
tarjeta,1354.28,1406.28,2025-02-27
tarjeta,1357.53,1409.53,2025-02-28
tarjeta,1357.53,1409.53,2025-03-01
tarjeta,1357.53,1409.53,2025-03-02
tarjeta,1357.53,1409.53,2025-03-03
tarjeta,1357.53,1409.53,2025-03-04
tarjeta,1357.85,1409.85,2025-03-05
tarjeta,1357.85,1409.85,2025-03-06
tarjeta,1359.8,1411.8,2025-03-07
tarjeta,1359.8,1411.8,2025-03-08
tarjeta,1359.8,1411.8,2025-03-09
tarjeta,1360.13,1412.13,2025-03-10
tarjeta,1360.13,1412.13,2025-03-11
tarjeta,1360.13,1412.13,2025-03-12
tarjeta,1360.45,1412.45,2025-03-13
tarjeta,1362.4,1414.4,2025-03-14
tarjeta,1362.4,1414.4,2025-03-15
tarjeta,1362.4,1414.4,2025-03-16
tarjeta,1362.73,1414.73,2025-03-17
tarjeta,1363.05,1415.05,2025-03-18
tarjeta,1364.03,1416.03,2025-03-19
tarjeta,1364.35,1416.35,2025-03-20
tarjeta,1366.3,1418.3,2025-03-21
tarjeta,1366.3,1418.3,2025-03-22
tarjeta,1366.3,1418.3,2025-03-23
tarjeta,1366.3,1418.3,2025-03-24
tarjeta,1366.63,1418.63,2025-03-25
tarjeta,1366.95,1418.95,2025-03-26
tarjeta,1367.28,1419.28,2025-03-27
tarjeta,1368.9,1420.9,2025-03-28
tarjeta,1368.9,1420.9,2025-03-29
tarjeta,1368.9,1420.9,2025-03-30
tarjeta,1369.55,1421.55,2025-03-31
tarjeta,1370.53,1422.53,2025-04-01
tarjeta,1370.53,1422.53,2025-04-02
tarjeta,1370.85,1422.85,2025-04-03
tarjeta,1372.15,1424.15,2025-04-04
tarjeta,1372.15,1424.15,2025-04-05
tarjeta,1372.15,1424.15,2025-04-06
tarjeta,1372.48,1424.48,2025-04-07
tarjeta,1372.8,1424.8,2025-04-08
tarjeta,1347.45,1425.45,2025-04-09
tarjeta,1347.78,1425.78,2025-04-10
tarjeta,1348.75,1426.75,2025-04-11
tarjeta,1348.75,1426.75,2025-04-12
tarjeta,1348.75,1426.75,2025-04-13
tarjeta,1534.0,1599.0,2025-04-14
tarjeta,1534.0,1599.0,2025-04-15
tarjeta,1443.0,1508.0,2025-04-16
tarjeta,1443.0,1508.0,2025-04-17
tarjeta,1443.0,1508.0,2025-04-18
tarjeta,1443.0,1508.0,2025-04-19
tarjeta,1443.0,1508.0,2025-04-20
tarjeta,1378.0,1443.0,2025-04-21
tarjeta,1391.0,1456.0,2025-04-22
tarjeta,1456.0,1521.0,2025-04-23
tarjeta,1482.0,1547.0,2025-04-24
tarjeta,1482.0,1547.0,2025-04-25
tarjeta,1482.0,1547.0,2025-04-26
tarjeta,1482.0,1547.0,2025-04-27
tarjeta,1482.0,1547.0,2025-04-28
tarjeta,1469.0,1534.0,2025-04-29
tarjeta,1482.0,1547.0,2025-04-30
tarjeta,1482.0,1547.0,2025-05-01
tarjeta,1482.0,1547.0,2025-05-02
tarjeta,1482.0,1547.0,2025-05-03
tarjeta,1482.0,1547.0,2025-05-04
tarjeta,1508.0,1573.0,2025-05-05
tarjeta,1514.5,1579.5,2025-05-06
tarjeta,1417.0,1482.0,2025-05-07
tarjeta,1404.0,1469.0,2025-05-08
tarjeta,1430.0,1495.0,2025-05-09
tarjeta,1430.0,1495.0,2025-05-10
tarjeta,1430.0,1495.0,2025-05-11
tarjeta,1430.0,1495.0,2025-05-12
tarjeta,1430.0,1495.0,2025-05-13
tarjeta,1430.0,1495.0,2025-05-14
tarjeta,1430.0,1495.0,2025-05-15
tarjeta,1443.0,1508.0,2025-05-16
tarjeta,1443.0,1508.0,2025-05-17
tarjeta,1443.0,1508.0,2025-05-18
tarjeta,1436.5,1501.5,2025-05-19
tarjeta,1443.0,1508.0,2025-05-20
tarjeta,1443.0,1508.0,2025-05-21
tarjeta,1436.5,1501.5,2025-05-22
tarjeta,1430.0,1495.0,2025-05-23
tarjeta,1430.0,1495.0,2025-05-24
tarjeta,1430.0,1495.0,2025-05-25
tarjeta,1443.0,1508.0,2025-05-26
tarjeta,1456.0,1521.0,2025-05-27
tarjeta,1462.5,1527.5,2025-05-28
tarjeta,1488.5,1553.5,2025-05-29
tarjeta,1488.5,1553.5,2025-05-30
tarjeta,1488.5,1553.5,2025-05-31
tarjeta,1488.5,1553.5,2025-06-01
tarjeta,1495.0,1560.0,2025-06-02
tarjeta,1495.0,1560.0,2025-06-03
tarjeta,1495.0,1560.0,2025-06-04
tarjeta,1501.5,1566.5,2025-06-05
tarjeta,1495.0,1560.0,2025-06-06
tarjeta,1495.0,1560.0,2025-06-07
tarjeta,1495.0,1560.0,2025-06-08
tarjeta,1495.0,1560.0,2025-06-09
tarjeta,1495.0,1560.0,2025-06-10
tarjeta,1495.0,1560.0,2025-06-11
tarjeta,1495.0,1560.0,2025-06-12
tarjeta,1495.0,1560.0,2025-06-13
tarjeta,1495.0,1560.0,2025-06-14
tarjeta,1495.0,1560.0,2025-06-15
tarjeta,1495.0,1560.0,2025-06-16
tarjeta,1475.5,1540.5,2025-06-17
tarjeta,1443.0,1508.0,2025-06-18
tarjeta,1469.0,1534.0,2025-06-19
tarjeta,1469.0,1534.0,2025-06-20
tarjeta,1469.0,1534.0,2025-06-21
tarjeta,1469.0,1534.0,2025-06-22
tarjeta,1475.5,1540.5,2025-06-23
tarjeta,1488.5,1553.5,2025-06-24
tarjeta,1501.5,1566.5,2025-06-25
tarjeta,1501.5,1566.5,2025-06-26
tarjeta,1501.5,1566.5,2025-06-27
tarjeta,1501.5,1566.5,2025-06-28
tarjeta,1501.5,1566.5,2025-06-29
tarjeta,1514.5,1579.5,2025-06-30
tarjeta,1540.5,1605.5,2025-07-01
tarjeta,1553.5,1618.5,2025-07-02
tarjeta,1553.5,1618.5,2025-07-03
tarjeta,1573.0,1638.0,2025-07-04
tarjeta,1573.0,1638.0,2025-07-05
tarjeta,1573.0,1638.0,2025-07-06
tarjeta,1599.0,1664.0,2025-07-07
tarjeta,1592.5,1657.5,2025-07-08
tarjeta,1592.5,1657.5,2025-07-09
tarjeta,1592.5,1657.5,2025-07-10
tarjeta,1592.5,1657.5,2025-07-11
tarjeta,1592.5,1657.5,2025-07-12
tarjeta,1592.5,1657.5,2025-07-13
tarjeta,1618.5,1683.5,2025-07-14
tarjeta,1599.0,1664.0,2025-07-15
tarjeta,1592.5,1657.5,2025-07-16
tarjeta,1612.0,1677.0,2025-07-17
tarjeta,1625.0,1690.0,2025-07-18
tarjeta,1625.0,1690.0,2025-07-19
tarjeta,1625.0,1690.0,2025-07-20
tarjeta,1625.0,1690.0,2025-07-21
tarjeta,1592.5,1657.5,2025-07-22
tarjeta,1592.5,1657.5,2025-07-23
tarjeta,1605.5,1670.5,2025-07-24
tarjeta,1618.5,1683.5,2025-07-25
tarjeta,1618.5,1683.5,2025-07-26
tarjeta,1618.5,1683.5,2025-07-27
tarjeta,1631.5,1696.5,2025-07-28
tarjeta,1625.0,1690.0,2025-07-29
tarjeta,1657.5,1722.5,2025-07-30
tarjeta,1729.0,1794.0,2025-07-31
tarjeta,1722.5,1787.5,2025-08-01
tarjeta,1722.5,1787.5,2025-08-02
tarjeta,1722.5,1787.5,2025-08-03
tarjeta,1716.0,1781.0,2025-08-04
tarjeta,1690.0,1755.0,2025-08-05
tarjeta,1683.5,1748.5,2025-08-06
tarjeta,1677.0,1742.0,2025-08-07
tarjeta,1670.5,1735.5,2025-08-08
tarjeta,1670.5,1735.5,2025-08-09
tarjeta,1670.5,1735.5,2025-08-10
tarjeta,1683.5,1735.5,2025-08-11
tarjeta,1677.0,1729.0,2025-08-12
tarjeta,1670.5,1722.5,2025-08-13
tarjeta,1651.0,1703.0,2025-08-14
tarjeta,1651.0,1703.0,2025-08-15
tarjeta,1651.0,1703.0,2025-08-16
tarjeta,1651.0,1703.0,2025-08-17
tarjeta,1657.5,1709.5,2025-08-18
tarjeta,1651.0,1703.0,2025-08-19
tarjeta,1657.5,1709.5,2025-08-20
tarjeta,1670.5,1722.5,2025-08-21
tarjeta,1683.5,1735.5,2025-08-22
tarjeta,1683.5,1735.5,2025-08-23
tarjeta,1683.5,1735.5,2025-08-24
tarjeta,1729.0,1781.0,2025-08-25
tarjeta,1729.0,1781.0,2025-08-26
tarjeta,1716.0,1768.0,2025-08-27
tarjeta,1696.5,1748.5,2025-08-28
tarjeta,1716.0,1768.0,2025-08-29
tarjeta,1716.0,1768.0,2025-08-30
tarjeta,1716.0,1768.0,2025-08-31
tarjeta,1748.5,1800.5,2025-09-01
tarjeta,1735.5,1787.5,2025-09-02
tarjeta,1735.5,1787.5,2025-09-03
tarjeta,1735.5,1787.5,2025-09-04
tarjeta,1742.0,1794.0,2025-09-05
tarjeta,1742.0,1794.0,2025-09-06
tarjeta,1742.0,1794.0,2025-09-07
tarjeta,1774.5,1852.5,2025-09-08
tarjeta,1787.5,1852.5,2025-09-09
tarjeta,1800.5,1865.5,2025-09-10
tarjeta,1813.5,1878.5,2025-09-11
tarjeta,1839.5,1904.5,2025-09-12
tarjeta,1839.5,1904.5,2025-09-13
tarjeta,1839.5,1904.5,2025-09-14
tarjeta,1852.5,1917.5,2025-09-15
tarjeta,1859.0,1924.0,2025-09-16
tarjeta,1865.5,1930.5,2025-09-17
tarjeta,1878.5,1943.5,2025-09-18
tarjeta,1904.5,1969.5,2025-09-19
tarjeta,1904.5,1969.5,2025-09-20
tarjeta,1904.5,1969.5,2025-09-21
tarjeta,1794.0,1859.0,2025-09-22
tarjeta,1735.5,1800.5,2025-09-23
tarjeta,1703.0,1768.0,2025-09-24
tarjeta,1696.5,1761.5,2025-09-25
tarjeta,1690.0,1755.0,2025-09-26
tarjeta,1690.0,1755.0,2025-09-27
tarjeta,1690.0,1755.0,2025-09-28
tarjeta,1729.0,1794.0,2025-09-29
tarjeta,1755.0,1820.0,2025-09-30
tarjeta,1820.0,1885.0,2025-10-01
tarjeta,1820.0,1885.0,2025-10-02
tarjeta,1820.0,1885.0,2025-10-03
tarjeta,1820.0,1885.0,2025-10-04
tarjeta,1820.0,1885.0,2025-10-05
tarjeta,1826.5,1891.5,2025-10-06
tarjeta,1826.5,1891.5,2025-10-07
tarjeta,1826.5,1891.5,2025-10-08
tarjeta,1820.0,1885.0,2025-10-09
tarjeta,1820.0,1885.0,2025-10-10
tarjeta,1820.0,1885.0,2025-10-11
tarjeta,1820.0,1885.0,2025-10-12
tarjeta,1722.5,1787.5,2025-10-13
tarjeta,1735.5,1800.5,2025-10-14
tarjeta,1761.5,1826.5,2025-10-15
tarjeta,1794.0,1859.0,2025-10-16
tarjeta,1852.5,1917.5,2025-10-17
tarjeta,1852.5,1917.5,2025-10-18
tarjeta,1852.5,1917.5,2025-10-19
tarjeta,1878.5,1943.5,2025-10-20
tarjeta,1904.5,1969.5,2025-10-21
tarjeta,1904.5,1969.5,2025-10-22
tarjeta,1891.5,1956.5,2025-10-23
tarjeta,1904.5,1969.5,2025-10-24
tarjeta,1904.5,1969.5,2025-10-25
tarjeta,1904.5,1969.5,2025-10-26
tarjeta,1833.0,1898.0,2025-10-27
tarjeta,1878.5,1943.5,2025-10-28
tarjeta,1833.0,1898.0,2025-10-29
tarjeta,1839.5,1904.5,2025-10-30
tarjeta,1852.5,1917.5,2025-10-31
tarjeta,1852.5,1917.5,2025-11-01
tarjeta,1852.5,1917.5,2025-11-02
tarjeta,1885.0,1950.0,2025-11-03
tarjeta,1865.5,1930.5,2025-11-04
tarjeta,1852.5,1917.5,2025-11-05
tarjeta,1852.5,1917.5,2025-11-06
tarjeta,1813.5,1878.5,2025-11-07
tarjeta,1813.5,1878.5,2025-11-08
tarjeta,1813.5,1878.5,2025-11-09
tarjeta,1813.5,1878.5,2025-11-10
tarjeta,1807.0,1872.0,2025-11-11
tarjeta,1800.5,1865.5,2025-11-12
tarjeta,1794.0,1859.0,2025-11-13
tarjeta,1787.5,1852.5,2025-11-14
tarjeta,1787.5,1852.5,2025-11-15
tarjeta,1787.5,1852.5,2025-11-16
tarjeta,1774.5,1839.5,2025-11-17
tarjeta,1787.5,1852.5,2025-11-18
tarjeta,1794.0,1859.0,2025-11-19
tarjeta,1820.0,1885.0,2025-11-20
tarjeta,1820.0,1885.0,2025-11-21
tarjeta,1820.0,1885.0,2025-11-22
tarjeta,1820.0,1885.0,2025-11-23
tarjeta,1820.0,1885.0,2025-11-24
tarjeta,1846.0,1911.0,2025-11-25
tarjeta,1852.5,1917.5,2025-11-26
tarjeta,1852.5,1917.5,2025-11-27
tarjeta,1852.5,1917.5,2025-11-28
tarjeta,1852.5,1917.5,2025-11-29
tarjeta,1852.5,1917.5,2025-11-30
tarjeta,1852.5,1917.5,2025-12-01
tarjeta,1859.0,1924.0,2025-12-02
tarjeta,1859.0,1924.0,2025-12-03
tarjeta,1846.0,1911.0,2025-12-04
tarjeta,1833.0,1898.0,2025-12-05
tarjeta,1833.0,1898.0,2025-12-06
tarjeta,1833.0,1898.0,2025-12-07
tarjeta,1833.0,1898.0,2025-12-08
tarjeta,1839.5,1904.5,2025-12-09
tarjeta,1833.0,1898.0,2025-12-10
tarjeta,1833.0,1898.0,2025-12-11
tarjeta,1839.5,1904.5,2025-12-12
tarjeta,1839.5,1904.5,2025-12-13
tarjeta,1839.5,1904.5,2025-12-14
tarjeta,1839.5,1904.5,2025-12-15
tarjeta,1859.0,1924.0,2025-12-16
tarjeta,1852.5,1917.5,2025-12-17
tarjeta,1852.5,1917.5,2025-12-18
tarjeta,1852.5,1917.5,2025-12-19
tarjeta,1852.5,1917.5,2025-12-20
tarjeta,1852.5,1917.5,2025-12-21
tarjeta,1852.5,1917.5,2025-12-22
tarjeta,1852.5,1917.5,2025-12-23
tarjeta,1852.5,1917.5,2025-12-24
tarjeta,1852.5,1917.5,2025-12-25
tarjeta,1852.5,1917.5,2025-12-26
tarjeta,1852.5,1917.5,2025-12-27
tarjeta,1852.5,1917.5,2025-12-28
tarjeta,1852.5,1917.5,2025-12-29
tarjeta,1859.0,1924.0,2025-12-30
tarjeta,1859.0,1924.0,2025-12-31
tarjeta,1859.0,1924.0,2026-01-01
tarjeta,1878.5,1943.5,2026-01-02
tarjeta,1878.5,1943.5,2026-01-03
tarjeta,1878.5,1943.5,2026-01-04
tarjeta,1878.5,1943.5,2026-01-05
tarjeta,1872.0,1937.0,2026-01-06
tarjeta,1865.5,1930.5,2026-01-07
tarjeta,1865.5,1930.5,2026-01-08
tarjeta,1872.0,1937.0,2026-01-09
tarjeta,1872.0,1937.0,2026-01-10
tarjeta,1872.0,1937.0,2026-01-11
tarjeta,1872.0,1937.0,2026-01-12
tarjeta,1865.5,1930.5,2026-01-13
tarjeta,1859.0,1924.0,2026-01-14
tarjeta,1846.0,1911.0,2026-01-15
tarjeta,1826.5,1891.5,2026-01-16
tarjeta,1826.5,1891.5,2026-01-17
tarjeta,1826.5,1891.5,2026-01-18
tarjeta,1833.0,1898.0,2026-01-19
tarjeta,1833.0,1898.0,2026-01-20
tarjeta,1826.5,1891.5,2026-01-21
tarjeta,1820.0,1885.0,2026-01-22
tarjeta,1826.5,1891.5,2026-01-23
tarjeta,1826.5,1891.5,2026-01-24
tarjeta,1826.5,1891.5,2026-01-25
tarjeta,1833.0,1898.0,2026-01-26
tarjeta,1839.5,1904.5,2026-01-27
tarjeta,1839.5,1904.5,2026-01-28
tarjeta,1839.5,1904.5,2026-01-29
tarjeta,1839.5,1904.5,2026-01-30
tarjeta,1839.5,1904.5,2026-01-31
tarjeta,1839.5,1904.5,2026-02-01
tarjeta,1839.5,1904.5,2026-02-03
tarjeta,1839.5,1904.5,2026-02-04
tarjeta,1833.0,1898.0,2026-02-05
tarjeta,1820.0,1885.0,2026-02-06
tarjeta,1820.0,1885.0,2026-02-07
tarjeta,1820.0,1885.0,2026-02-08
tarjeta,1807.0,1872.0,2026-02-09
tarjeta,1787.5,1852.5,2026-02-10
tarjeta,1781.0,1846.0,2026-02-11
tarjeta,1774.5,1839.5,2026-02-12
tarjeta,1781.0,1846.0,2026-02-13
tarjeta,1781.0,1846.0,2026-02-14
tarjeta,1781.0,1846.0,2026-02-15
tarjeta,1781.0,1846.0,2026-02-16
tarjeta,1781.0,1846.0,2026-02-17
tarjeta,1781.0,1846.0,2026-02-18
tarjeta,1768.0,1833.0,2026-02-19
tarjeta,1748.5,1813.5,2026-02-20
tarjeta,1748.5,1813.5,2026-02-21
tarjeta,1748.5,1813.5,2026-02-22
tarjeta,1742.0,1807.0,2026-02-23
tarjeta,1755.0,1820.0,2026-02-24
tarjeta,1774.5,1839.5,2026-02-25
tarjeta,1787.5,1852.5,2026-02-26
tarjeta,1781.0,1846.0,2026-02-27
tarjeta,1781.0,1846.0,2026-02-28
tarjeta,1781.0,1846.0,2026-03-01
tarjeta,1774.5,1839.5,2026-03-02
tarjeta,1800.5,1865.5,2026-03-03
tarjeta,1781.0,1846.0,2026-03-04
tarjeta,1787.5,1852.5,2026-03-05
tarjeta,1800.5,1865.5,2026-03-06
tarjeta,1800.5,1865.5,2026-03-07
tarjeta,1800.5,1865.5,2026-03-08
tarjeta,1800.5,1865.5,2026-03-09
tarjeta,1781.0,1846.0,2026-03-10
tarjeta,1774.5,1839.5,2026-03-11
tarjeta,1774.5,1839.5,2026-03-12
tarjeta,1781.0,1846.0,2026-03-13
tarjeta,1781.0,1846.0,2026-03-14
tarjeta,1781.0,1846.0,2026-03-15
tarjeta,1774.5,1839.5,2026-03-16
tarjeta,1774.5,1839.5,2026-03-17
tarjeta,1774.5,1839.5,2026-03-18
tarjeta,1774.5,1839.5,2026-03-19
tarjeta,1768.0,1833.0,2026-03-20
tarjeta,1768.0,1833.0,2026-03-21
tarjeta,1768.0,1833.0,2026-03-22
tarjeta,1768.0,1833.0,2026-03-23
tarjeta,1768.0,1833.0,2026-03-24
tarjeta,1755.0,1820.0,2026-03-25
tarjeta,1742.0,1807.0,2026-03-26
tarjeta,1761.5,1826.5,2026-03-27
tarjeta,1761.5,1826.5,2026-03-28
tarjeta,1761.5,1826.5,2026-03-29
tarjeta,1781.0,1846.0,2026-03-30
tarjeta,1761.5,1826.5,2026-03-31
tarjeta,1774.5,1839.5,2026-04-01
tarjeta,1774.5,1839.5,2026-04-02
tarjeta,1774.5,1839.5,2026-04-03
tarjeta,1774.5,1839.5,2026-04-04
tarjeta,1774.5,1839.5,2026-04-05
tarjeta,1774.5,1839.5,2026-04-06
tarjeta,1774.5,1839.5,2026-04-07
tarjeta,1768.0,1833.0,2026-04-08
tarjeta,1761.5,1826.5,2026-04-09
tarjeta,1748.5,1813.5,2026-04-10
tarjeta,1748.5,1813.5,2026-04-11
tarjeta,1748.5,1813.5,2026-04-12
tarjeta,1735.5,1800.5,2026-04-13
tarjeta,1735.5,1800.5,2026-04-14
tarjeta,1735.5,1800.5,2026-04-15
tarjeta,1729.0,1794.0,2026-04-16
tarjeta,1742.0,1807.0,2026-04-17
tarjeta,1742.0,1807.0,2026-04-18
tarjeta,1742.0,1807.0,2026-04-19
tarjeta,1755.0,1820.0,2026-04-20
tarjeta,1755.0,1820.0,2026-04-21
tarjeta,1755.0,1820.0,2026-04-22
tarjeta,1774.5,1839.5,2026-04-23
tarjeta,1781.0,1846.0,2026-04-24
tarjeta,1781.0,1846.0,2026-04-25
tarjeta,1781.0,1846.0,2026-04-26
tarjeta,1807.0,1872.0,2026-04-27
tarjeta,1794.0,1859.0,2026-04-28
